transaction_id,customer_id,date,product,category,quantity,unit_price_lkr,total_amount_lkr,channel,store_id,loyalty_points_earned
TXN_00001,CUST_033,2025-05-02,Trousers,Apparel,1,16952.56,16952.56,In-store,STORE_2,169
TXN_00002,CUST_131,2025-04-26,Watch,Accessories,3,2066.75,6200.25,Online,STORE_6,62
TXN_00003,CUST_151,2025-03-18,Dress,Apparel,2,2236.43,4472.86,In-store,STORE_4,44
TXN_00004,CUST_239,2025-03-26,Dress,Apparel,3,5121.63,15364.89,In-store,STORE_1,153
TXN_00005,CUST_215,2025-04-01,Dress,Apparel,1,1870.78,1870.78,In-store,STORE_7,18
TXN_00006,CUST_334,2025-04-12,Top,Apparel,1,8637.34,8637.34,Online,STORE_3,86
TXN_00007,CUST_263,2025-01-13,Top,Apparel,3,2067.84,6203.52,In-store,STORE_10,62
TXN_00008,CUST_266,2025-04-19,Watch,Accessories,3,3601.02,10803.06,Online,STORE_10,108
TXN_00009,CUST_173,2025-04-10,Handbag,Accessories,2,7464.71,14929.42,Online,STORE_3,149
TXN_00010,CUST_128,2025-04-27,Jewellery,Accessories,1,5445.65,5445.65,Online,STORE_3,54
TXN_00011,CUST_350,2025-02-15,Jewellery,Accessories,2,12165.06,24330.12,Online,STORE_9,243
TXN_00012,CUST_060,2025-02-02,Jewellery,Accessories,3,1958.88,5876.64,Online,STORE_10,58
TXN_00013,CUST_489,2025-01-20,Handbag,Accessories,2,3645.78,7291.56,Online,STORE_1,72
TXN_00014,CUST_289,2025-02-02,Handbag,Accessories,1,1903.83,1903.83,In-store,STORE_5,19
TXN_00015,CUST_454,2025-04-20,Trousers,Apparel,3,2341.35,7024.05,Online,STORE_5,70
TXN_00016,CUST_075,2025-03-22,Dress,Apparel,3,8651.74,25955.22,Online,STORE_1,259
TXN_00017,CUST_196,2025-01-30,Coat,Apparel,1,4985.37,4985.37,In-store,STORE_1,49
TXN_00018,CUST_025,2025-02-23,Watch,Accessories,1,3093.74,3093.74,In-store,STORE_4,30
TXN_00019,CUST_280,2025-04-20,Watch,Accessories,2,5128.87,10257.74,Online,STORE_1,102
TXN_00020,CUST_296,2025-03-11,Watch,Accessories,2,4179.35,8358.7,Online,STORE_7,83
TXN_00021,CUST_100,2025-02-14,Top,Apparel,1,2395.34,2395.34,In-store,STORE_7,23
TXN_00022,CUST_396,2025-01-30,Sunglasses,Accessories,1,4880.84,4880.84,In-store,STORE_7,48
TXN_00023,CUST_410,2025-03-25,Watch,Accessories,2,6423.25,12846.5,Online,STORE_7,128
TXN_00024,CUST_457,2025-01-28,Trousers,Apparel,1,16222.64,16222.64,Online,STORE_5,162
TXN_00025,CUST_175,2025-03-12,Trousers,Apparel,1,2225.17,2225.17,In-store,STORE_9,22
TXN_00026,CUST_471,2025-04-21,Handbag,Accessories,3,6744.72,20234.16,Online,STORE_9,202
TXN_00027,CUST_341,2025-01-08,Jewellery,Accessories,3,8763.86,26291.58,Online,STORE_9,262
TXN_00028,CUST_439,2025-04-23,Jewellery,Accessories,3,5924.73,17774.19,In-store,STORE_1,177
TXN_00029,CUST_129,2025-01-23,Watch,Accessories,2,1484.73,2969.46,In-store,STORE_10,29
TXN_00030,CUST_102,2025-01-16,Trousers,Apparel,2,1500.75,3001.5,In-store,STORE_2,30
TXN_00031,CUST_103,2025-04-02,Shoes,Footwear,3,2201.82,6605.46,In-store,STORE_10,66
TXN_00032,CUST_003,2025-03-12,Jewellery,Accessories,3,2403.99,7211.97,Online,STORE_6,72
TXN_00033,CUST_026,2025-03-20,Watch,Accessories,1,16183.19,16183.19,In-store,STORE_9,161
TXN_00034,CUST_131,2025-04-11,Shoes,Footwear,3,2004.08,6012.24,Online,STORE_2,60
TXN_00035,CUST_259,2025-02-24,Trousers,Apparel,3,5327.27,15981.81,Online,STORE_7,159
TXN_00036,CUST_483,2025-03-15,Handbag,Accessories,3,14956.22,44868.66,Online,STORE_3,448
TXN_00037,CUST_340,2025-03-23,Shoes,Footwear,3,16909.22,50727.66,In-store,STORE_8,507
TXN_00038,CUST_401,2025-01-13,Shoes,Footwear,1,2512.37,2512.37,In-store,STORE_9,25
TXN_00039,CUST_401,2025-02-17,Trousers,Apparel,2,2586.73,5173.46,In-store,STORE_8,51
TXN_00040,CUST_117,2025-04-15,Dress,Apparel,1,2246.44,2246.44,Online,STORE_1,22
TXN_00041,CUST_500,2025-04-25,Watch,Accessories,3,3579.86,10739.58,In-store,STORE_6,107
TXN_00042,CUST_389,2025-04-27,Jewellery,Accessories,3,2170.67,6512.01,In-store,STORE_5,65
TXN_00043,CUST_110,2025-04-13,Handbag,Accessories,1,14944.05,14944.05,In-store,STORE_10,149
TXN_00044,CUST_149,2025-04-24,Top,Apparel,2,4049.89,8099.78,In-store,STORE_3,80
TXN_00045,CUST_195,2025-01-20,Jewellery,Accessories,2,13880.91,27761.82,In-store,STORE_10,277
TXN_00046,CUST_411,2025-01-12,Dress,Apparel,1,4559.51,4559.51,In-store,STORE_1,45
TXN_00047,CUST_333,2025-04-29,Shoes,Footwear,1,2987.87,2987.87,In-store,STORE_4,29
TXN_00048,CUST_022,2025-03-31,Jewellery,Accessories,1,4085.87,4085.87,In-store,STORE_10,40
TXN_00049,CUST_419,2025-04-05,Shoes,Footwear,1,3563.5,3563.5,In-store,STORE_10,35
TXN_00050,CUST_162,2025-02-18,Dress,Apparel,2,2169.23,4338.46,Online,STORE_1,43
TXN_00051,CUST_235,2025-03-23,Watch,Accessories,3,2438.42,7315.26,In-store,STORE_8,73
TXN_00052,CUST_399,2025-05-02,Coat,Apparel,2,9806.39,19612.78,Online,STORE_10,196
TXN_00053,CUST_108,2025-01-12,Trousers,Apparel,1,3052.82,3052.82,In-store,STORE_8,30
TXN_00054,CUST_028,2025-03-03,Watch,Accessories,1,20153.62,20153.62,In-store,STORE_4,201
TXN_00055,CUST_483,2025-03-28,Handbag,Accessories,2,16137.43,32274.86,Online,STORE_8,322
TXN_00056,CUST_488,2025-02-23,Shoes,Footwear,2,2063.72,4127.44,Online,STORE_9,41
TXN_00057,CUST_275,2025-03-28,Jewellery,Accessories,2,1903.14,3806.28,Online,STORE_6,38
TXN_00058,CUST_307,2025-04-24,Shoes,Footwear,2,5113.04,10226.08,In-store,STORE_4,102
TXN_00059,CUST_230,2025-04-04,Handbag,Accessories,3,3865.11,11595.33,In-store,STORE_2,115
TXN_00060,CUST_441,2025-02-28,Perfume,Beauty,1,2031.04,2031.04,In-store,STORE_10,20
TXN_00061,CUST_356,2025-05-09,Handbag,Accessories,1,19673.49,19673.49,Online,STORE_3,196
TXN_00062,CUST_348,2025-01-24,Watch,Accessories,1,3639.33,3639.33,In-store,STORE_4,36
TXN_00063,CUST_473,2025-02-18,Top,Apparel,3,5455.15,16365.45,Online,STORE_5,163
TXN_00064,CUST_280,2025-01-03,Sunglasses,Accessories,3,2851.61,8554.83,Online,STORE_6,85
TXN_00065,CUST_091,2025-02-24,Shoes,Footwear,3,2949.46,8848.38,In-store,STORE_8,88
TXN_00066,CUST_241,2025-03-17,Shoes,Footwear,3,8673.4,26020.2,In-store,STORE_10,260
TXN_00067,CUST_058,2025-04-03,Top,Apparel,3,4539.45,13618.35,Online,STORE_1,136
TXN_00068,CUST_334,2025-01-21,Handbag,Accessories,3,7632.37,22897.11,Online,STORE_8,228
TXN_00069,CUST_153,2025-03-13,Handbag,Accessories,2,3854.9,7709.8,In-store,STORE_10,77
TXN_00070,CUST_467,2025-04-07,Trousers,Apparel,2,7003.18,14006.36,In-store,STORE_10,140
TXN_00071,CUST_243,2025-05-10,Coat,Apparel,3,5696.95,17090.85,In-store,STORE_1,170
TXN_00072,CUST_265,2025-03-21,Dress,Apparel,1,1714.49,1714.49,In-store,STORE_4,17
TXN_00073,CUST_226,2025-02-06,Watch,Accessories,3,2164.52,6493.56,Online,STORE_9,64
TXN_00074,CUST_393,2025-04-24,Shoes,Footwear,1,9938.44,9938.44,Online,STORE_7,99
TXN_00075,CUST_117,2025-01-28,Handbag,Accessories,1,2001.82,2001.82,In-store,STORE_7,20
TXN_00076,CUST_411,2025-03-21,Perfume,Beauty,2,2702.81,5405.62,Online,STORE_6,54
TXN_00077,CUST_490,2025-02-07,Dress,Apparel,2,3977.24,7954.48,In-store,STORE_1,79
TXN_00078,CUST_401,2025-01-18,Shoes,Footwear,2,1673.86,3347.72,In-store,STORE_5,33
TXN_00079,CUST_487,2025-05-08,Dress,Apparel,1,1525.47,1525.47,Online,STORE_1,15
TXN_00080,CUST_062,2025-02-04,Top,Apparel,2,10723.95,21447.9,In-store,STORE_5,214
TXN_00081,CUST_005,2025-01-10,Jewellery,Accessories,2,19150.26,38300.52,In-store,STORE_4,383
TXN_00082,CUST_371,2025-04-18,Watch,Accessories,1,3596.04,3596.04,In-store,STORE_2,35
TXN_00083,CUST_007,2025-04-27,Jewellery,Accessories,3,2071.17,6213.51,In-store,STORE_3,62
TXN_00084,CUST_381,2025-02-19,Shoes,Footwear,3,1900.95,5702.85,In-store,STORE_9,57
TXN_00085,CUST_400,2025-02-04,Top,Apparel,2,3349.42,6698.84,Online,STORE_9,66
TXN_00086,CUST_320,2025-03-06,Watch,Accessories,2,1636.43,3272.86,In-store,STORE_2,32
TXN_00087,CUST_349,2025-03-14,Shoes,Footwear,2,10839.34,21678.68,In-store,STORE_5,216
TXN_00088,CUST_218,2025-03-27,Handbag,Accessories,2,2124.88,4249.76,In-store,STORE_3,42
TXN_00089,CUST_327,2025-03-08,Dress,Apparel,3,6675.36,20026.08,Online,STORE_6,200
TXN_00090,CUST_063,2025-05-07,Jewellery,Accessories,1,8652.01,8652.01,In-store,STORE_8,86
TXN_00091,CUST_262,2025-04-01,Watch,Accessories,3,2163.12,6489.36,Online,STORE_1,64
TXN_00092,CUST_412,2025-02-05,Shoes,Footwear,3,2317.29,6951.87,Online,STORE_3,69
TXN_00093,CUST_098,2025-03-15,Watch,Accessories,3,8099.83,24299.49,Online,STORE_7,242
TXN_00094,CUST_164,2025-02-02,Shoes,Footwear,3,4277.92,12833.76,In-store,STORE_3,128
TXN_00095,CUST_221,2025-04-18,Dress,Apparel,1,7703.17,7703.17,Online,STORE_7,77
TXN_00096,CUST_307,2025-03-05,Shoes,Footwear,1,3951.61,3951.61,Online,STORE_8,39
TXN_00097,CUST_092,2025-02-08,Coat,Apparel,3,7035.65,21106.95,Online,STORE_3,211
TXN_00098,CUST_104,2025-03-22,Shoes,Footwear,2,10889.65,21779.3,In-store,STORE_1,217
TXN_00099,CUST_412,2025-04-13,Sunglasses,Accessories,1,1616.96,1616.96,Online,STORE_6,16
TXN_00100,CUST_064,2025-03-21,Dress,Apparel,1,15640.6,15640.6,Online,STORE_2,156
TXN_00101,CUST_313,2025-03-30,Sunglasses,Accessories,1,12995.61,12995.61,Online,STORE_7,129
TXN_00102,CUST_264,2025-01-16,Dress,Apparel,3,4421.76,13265.28,In-store,STORE_9,132
TXN_00103,CUST_003,2025-02-21,Perfume,Beauty,2,1089.17,2178.34,Online,STORE_6,21
TXN_00104,CUST_098,2025-05-03,Sunglasses,Accessories,1,8851.5,8851.5,Online,STORE_5,88
TXN_00105,CUST_270,2025-02-13,Top,Apparel,3,6235.9,18707.7,In-store,STORE_4,187
TXN_00106,CUST_029,2025-01-06,Watch,Accessories,1,4663.54,4663.54,Online,STORE_5,46
TXN_00107,CUST_080,2025-03-29,Watch,Accessories,2,3964.01,7928.02,In-store,STORE_7,79
TXN_00108,CUST_090,2025-01-31,Coat,Apparel,1,2792.05,2792.05,In-store,STORE_9,27
TXN_00109,CUST_007,2025-01-01,Top,Apparel,1,1889.38,1889.38,In-store,STORE_4,18
TXN_00110,CUST_313,2025-02-02,Trousers,Apparel,3,22290.2,66870.6,In-store,STORE_8,668
TXN_00111,CUST_500,2025-01-08,Watch,Accessories,2,5796.78,11593.56,Online,STORE_4,115
TXN_00112,CUST_447,2025-02-09,Handbag,Accessories,2,7453.62,14907.24,Online,STORE_7,149
TXN_00113,CUST_113,2025-04-28,Trousers,Apparel,2,12219.51,24439.02,In-store,STORE_9,244
TXN_00114,CUST_187,2025-03-15,Shoes,Footwear,1,4928.29,4928.29,In-store,STORE_1,49
TXN_00115,CUST_418,2025-03-23,Shoes,Footwear,1,5665.08,5665.08,Online,STORE_10,56
TXN_00116,CUST_105,2025-03-03,Shoes,Footwear,1,9492.53,9492.53,In-store,STORE_5,94
TXN_00117,CUST_251,2025-04-15,Trousers,Apparel,2,18252.31,36504.62,In-store,STORE_6,365
TXN_00118,CUST_242,2025-01-10,Handbag,Accessories,3,2060.47,6181.41,In-store,STORE_3,61
TXN_00119,CUST_222,2025-05-08,Handbag,Accessories,3,4035.49,12106.47,In-store,STORE_8,121
TXN_00120,CUST_096,2025-04-23,Watch,Accessories,3,4462.85,13388.55,In-store,STORE_5,133
TXN_00121,CUST_231,2025-03-12,Shoes,Footwear,2,3238.39,6476.78,Online,STORE_7,64
TXN_00122,CUST_433,2025-04-08,Handbag,Accessories,3,6265.08,18795.24,In-store,STORE_8,187
TXN_00123,CUST_338,2025-03-31,Handbag,Accessories,3,19572.32,58716.96,In-store,STORE_1,587
TXN_00124,CUST_435,2025-04-21,Watch,Accessories,2,3681.53,7363.06,In-store,STORE_3,73
TXN_00125,CUST_047,2025-02-04,Trousers,Apparel,2,2094.11,4188.22,In-store,STORE_8,41
TXN_00126,CUST_100,2025-03-06,Dress,Apparel,1,3591.44,3591.44,Online,STORE_4,35
TXN_00127,CUST_467,2025-01-07,Coat,Apparel,2,9187.88,18375.76,Online,STORE_5,183
TXN_00128,CUST_194,2025-02-17,Dress,Apparel,2,3749.82,7499.64,In-store,STORE_3,74
TXN_00129,CUST_395,2025-04-15,Handbag,Accessories,3,4409.05,13227.15,Online,STORE_1,132
TXN_00130,CUST_009,2025-04-19,Dress,Apparel,1,3451.79,3451.79,Online,STORE_9,34
TXN_00131,CUST_101,2025-03-02,Handbag,Accessories,1,9974.87,9974.87,Online,STORE_4,99
TXN_00132,CUST_394,2025-05-04,Trousers,Apparel,3,3822.06,11466.18,In-store,STORE_4,114
TXN_00133,CUST_109,2025-03-30,Watch,Accessories,2,3422.86,6845.72,In-store,STORE_10,68
TXN_00134,CUST_430,2025-04-12,Trousers,Apparel,3,2100.77,6302.31,In-store,STORE_7,63
TXN_00135,CUST_124,2025-05-05,Jewellery,Accessories,2,1908.29,3816.58,Online,STORE_7,38
TXN_00136,CUST_235,2025-01-31,Shoes,Footwear,1,2412.79,2412.79,Online,STORE_6,24
TXN_00137,CUST_154,2025-03-28,Jewellery,Accessories,1,2012.8,2012.8,In-store,STORE_4,20
TXN_00138,CUST_133,2025-03-07,Handbag,Accessories,3,15131.55,45394.65,In-store,STORE_8,453
TXN_00139,CUST_206,2025-02-19,Jewellery,Accessories,3,7726.68,23180.04,Online,STORE_7,231
TXN_00140,CUST_434,2025-01-15,Shoes,Footwear,1,20132.1,20132.1,In-store,STORE_7,201
TXN_00141,CUST_349,2025-04-07,Shoes,Footwear,2,8435.25,16870.5,Online,STORE_2,168
TXN_00142,CUST_108,2025-04-16,Watch,Accessories,1,3545.03,3545.03,Online,STORE_1,35
TXN_00143,CUST_057,2025-04-07,Trousers,Apparel,2,1829.28,3658.56,Online,STORE_2,36
TXN_00144,CUST_244,2025-04-17,Jewellery,Accessories,1,14660.52,14660.52,In-store,STORE_4,146
TXN_00145,CUST_157,2025-02-18,Jewellery,Accessories,1,15007.27,15007.27,In-store,STORE_6,150
TXN_00146,CUST_253,2025-02-02,Shoes,Footwear,3,4944.03,14832.09,Online,STORE_2,148
TXN_00147,CUST_469,2025-03-17,Handbag,Accessories,3,2201.51,6604.53,Online,STORE_10,66
TXN_00148,CUST_491,2025-03-25,Shoes,Footwear,2,6917.97,13835.94,In-store,STORE_5,138
TXN_00149,CUST_338,2025-03-11,Jewellery,Accessories,2,16772.7,33545.4,In-store,STORE_1,335
TXN_00150,CUST_355,2025-02-02,Trousers,Apparel,2,1692.94,3385.88,In-store,STORE_8,33
TXN_00151,CUST_213,2025-02-27,Handbag,Accessories,1,2474.08,2474.08,In-store,STORE_2,24
TXN_00152,CUST_257,2025-02-09,Dress,Apparel,1,2396.65,2396.65,Online,STORE_9,23
TXN_00153,CUST_401,2025-02-27,Coat,Apparel,3,2081.79,6245.37,Online,STORE_3,62
TXN_00154,CUST_170,2025-04-25,Watch,Accessories,1,9329.2,9329.2,In-store,STORE_5,93
TXN_00155,CUST_345,2025-05-10,Jewellery,Accessories,1,2800.0,2800.0,In-store,STORE_6,28
TXN_00156,CUST_415,2025-03-14,Dress,Apparel,1,4852.51,4852.51,Online,STORE_8,48
TXN_00157,CUST_409,2025-01-06,Shoes,Footwear,3,2722.04,8166.12,Online,STORE_9,81
TXN_00158,CUST_330,2025-02-03,Shoes,Footwear,2,6881.34,13762.68,Online,STORE_1,137
TXN_00159,CUST_431,2025-05-02,Dress,Apparel,2,2998.26,5996.52,Online,STORE_4,59
TXN_00160,CUST_187,2025-02-10,Shoes,Footwear,3,4542.22,13626.66,In-store,STORE_6,136
TXN_00161,CUST_014,2025-03-26,Jewellery,Accessories,2,16843.66,33687.32,Online,STORE_3,336
TXN_00162,CUST_128,2025-03-04,Perfume,Beauty,1,3082.63,3082.63,In-store,STORE_9,30
TXN_00163,CUST_359,2025-01-16,Jewellery,Accessories,3,2685.3,8055.9,Online,STORE_3,80
TXN_00164,CUST_406,2025-03-30,Trousers,Apparel,1,3401.08,3401.08,In-store,STORE_1,34
TXN_00165,CUST_072,2025-01-03,Trousers,Apparel,2,15540.19,31080.38,Online,STORE_3,310
TXN_00166,CUST_156,2025-04-07,Shoes,Footwear,1,1882.15,1882.15,In-store,STORE_6,18
TXN_00167,CUST_261,2025-01-29,Dress,Apparel,3,8863.1,26589.3,In-store,STORE_3,265
TXN_00168,CUST_416,2025-04-13,Handbag,Accessories,2,1574.23,3148.46,Online,STORE_9,31
TXN_00169,CUST_428,2025-04-17,Shoes,Footwear,2,6303.52,12607.04,Online,STORE_5,126
TXN_00170,CUST_353,2025-03-29,Jewellery,Accessories,3,7381.57,22144.71,Online,STORE_10,221
TXN_00171,CUST_081,2025-03-06,Perfume,Beauty,3,3786.09,11358.27,In-store,STORE_6,113
TXN_00172,CUST_329,2025-02-02,Trousers,Apparel,1,5830.96,5830.96,In-store,STORE_7,58
TXN_00173,CUST_239,2025-04-18,Top,Apparel,3,4004.38,12013.14,In-store,STORE_4,120
TXN_00174,CUST_266,2025-02-08,Trousers,Apparel,1,3064.2,3064.2,Online,STORE_2,30
TXN_00175,CUST_373,2025-03-14,Trousers,Apparel,2,5877.56,11755.12,Online,STORE_7,117
TXN_00176,CUST_455,2025-03-14,Jewellery,Accessories,1,8522.02,8522.02,Online,STORE_9,85
TXN_00177,CUST_077,2025-05-05,Shoes,Footwear,2,1653.37,3306.74,Online,STORE_8,33
TXN_00178,CUST_383,2025-02-19,Shoes,Footwear,1,4787.74,4787.74,Online,STORE_2,47
TXN_00179,CUST_086,2025-01-19,Jewellery,Accessories,1,9777.82,9777.82,In-store,STORE_7,97
TXN_00180,CUST_154,2025-04-15,Dress,Apparel,3,2373.37,7120.11,Online,STORE_6,71
TXN_00181,CUST_185,2025-02-05,Perfume,Beauty,1,6527.76,6527.76,In-store,STORE_4,65
TXN_00182,CUST_064,2025-02-16,Handbag,Accessories,3,18650.44,55951.32,Online,STORE_4,559
TXN_00183,CUST_395,2025-03-23,Top,Apparel,1,3764.09,3764.09,Online,STORE_4,37
TXN_00184,CUST_272,2025-01-09,Sunglasses,Accessories,3,4328.14,12984.42,In-store,STORE_7,129
TXN_00185,CUST_404,2025-04-08,Handbag,Accessories,3,10538.11,31614.33,Online,STORE_7,316
TXN_00186,CUST_081,2025-03-03,Handbag,Accessories,1,4450.95,4450.95,In-store,STORE_6,44
TXN_00187,CUST_446,2025-03-01,Top,Apparel,1,1847.87,1847.87,Online,STORE_7,18
TXN_00188,CUST_114,2025-01-21,Shoes,Footwear,2,1876.02,3752.04,In-store,STORE_8,37
TXN_00189,CUST_212,2025-05-07,Dress,Apparel,1,8555.46,8555.46,Online,STORE_10,85
TXN_00190,CUST_481,2025-01-09,Watch,Accessories,3,1924.69,5774.07,Online,STORE_4,57
TXN_00191,CUST_470,2025-04-04,Trousers,Apparel,1,2051.29,2051.29,Online,STORE_5,20
TXN_00192,CUST_465,2025-04-14,Trousers,Apparel,3,2343.13,7029.39,Online,STORE_3,70
TXN_00193,CUST_495,2025-03-30,Perfume,Beauty,2,6507.95,13015.9,Online,STORE_8,130
TXN_00194,CUST_395,2025-03-19,Top,Apparel,2,4289.79,8579.58,Online,STORE_8,85
TXN_00195,CUST_040,2025-03-11,Top,Apparel,2,1919.56,3839.12,In-store,STORE_7,38
TXN_00196,CUST_084,2025-04-08,Trousers,Apparel,3,15908.1,47724.3,Online,STORE_3,477
TXN_00197,CUST_091,2025-04-06,Shoes,Footwear,3,4278.87,12836.61,Online,STORE_7,128
TXN_00198,CUST_146,2025-01-06,Dress,Apparel,1,7900.4,7900.4,Online,STORE_10,79
TXN_00199,CUST_002,2025-01-22,Coat,Apparel,1,8500.79,8500.79,In-store,STORE_3,85
TXN_00200,CUST_371,2025-02-04,Coat,Apparel,2,3343.31,6686.62,Online,STORE_9,66
TXN_00201,CUST_456,2025-03-11,Handbag,Accessories,2,1784.86,3569.72,In-store,STORE_2,35
TXN_00202,CUST_473,2025-04-21,Jewellery,Accessories,3,6438.17,19314.51,In-store,STORE_2,193
TXN_00203,CUST_448,2025-03-26,Trousers,Apparel,2,4797.23,9594.46,In-store,STORE_8,95
TXN_00204,CUST_436,2025-04-01,Shoes,Footwear,3,3746.91,11240.73,Online,STORE_8,112
TXN_00205,CUST_357,2025-01-31,Trousers,Apparel,2,7401.6,14803.2,In-store,STORE_8,148
TXN_00206,CUST_062,2025-04-05,Handbag,Accessories,2,20581.63,41163.26,In-store,STORE_5,411
TXN_00207,CUST_424,2025-02-18,Top,Apparel,1,1746.79,1746.79,Online,STORE_7,17
TXN_00208,CUST_480,2025-01-31,Trousers,Apparel,1,7954.02,7954.02,Online,STORE_6,79
TXN_00209,CUST_057,2025-04-13,Trousers,Apparel,2,1324.0,2648.0,Online,STORE_10,26
TXN_00210,CUST_122,2025-03-26,Jewellery,Accessories,3,7493.19,22479.57,Online,STORE_2,224
TXN_00211,CUST_087,2025-02-23,Watch,Accessories,2,14568.3,29136.6,Online,STORE_10,291
TXN_00212,CUST_198,2025-01-11,Shoes,Footwear,2,4054.27,8108.54,In-store,STORE_8,81
TXN_00213,CUST_179,2025-04-24,Perfume,Beauty,3,8386.47,25159.41,Online,STORE_5,251
TXN_00214,CUST_482,2025-01-02,Sunglasses,Accessories,3,2618.67,7856.01,Online,STORE_8,78
TXN_00215,CUST_345,2025-02-28,Handbag,Accessories,1,2545.19,2545.19,In-store,STORE_2,25
TXN_00216,CUST_164,2025-02-03,Watch,Accessories,2,4016.65,8033.3,Online,STORE_4,80
TXN_00217,CUST_244,2025-01-29,Jewellery,Accessories,1,13175.18,13175.18,In-store,STORE_3,131
TXN_00218,CUST_104,2025-01-21,Watch,Accessories,1,10364.61,10364.61,In-store,STORE_9,103
TXN_00219,CUST_241,2025-04-16,Trousers,Apparel,1,5446.13,5446.13,In-store,STORE_5,54
TXN_00220,CUST_141,2025-01-24,Trousers,Apparel,1,8079.75,8079.75,In-store,STORE_9,80
TXN_00221,CUST_063,2025-02-21,Top,Apparel,1,6657.44,6657.44,In-store,STORE_10,66
TXN_00222,CUST_148,2025-03-27,Top,Apparel,3,3384.5,10153.5,Online,STORE_3,101
TXN_00223,CUST_162,2025-03-21,Dress,Apparel,2,2603.38,5206.76,Online,STORE_5,52
TXN_00224,CUST_170,2025-04-13,Shoes,Footwear,2,5062.54,10125.08,In-store,STORE_5,101
TXN_00225,CUST_114,2025-05-02,Watch,Accessories,2,1982.68,3965.36,Online,STORE_9,39
TXN_00226,CUST_071,2025-02-07,Trousers,Apparel,3,4790.86,14372.58,In-store,STORE_1,143
TXN_00227,CUST_338,2025-04-04,Jewellery,Accessories,3,17849.12,53547.36,In-store,STORE_10,535
TXN_00228,CUST_227,2025-04-13,Dress,Apparel,1,2136.06,2136.06,In-store,STORE_1,21
TXN_00229,CUST_407,2025-05-03,Trousers,Apparel,3,4775.3,14325.9,Online,STORE_9,143
TXN_00230,CUST_011,2025-02-03,Jewellery,Accessories,2,2483.5,4967.0,In-store,STORE_8,49
TXN_00231,CUST_063,2025-01-13,Perfume,Beauty,3,6208.23,18624.69,In-store,STORE_1,186
TXN_00232,CUST_225,2025-02-01,Watch,Accessories,2,10138.34,20276.68,Online,STORE_8,202
TXN_00233,CUST_332,2025-01-16,Dress,Apparel,3,3661.24,10983.72,In-store,STORE_5,109
TXN_00234,CUST_127,2025-03-26,Trousers,Apparel,3,7720.6,23161.8,Online,STORE_1,231
TXN_00235,CUST_182,2025-03-25,Handbag,Accessories,3,7703.16,23109.48,In-store,STORE_4,231
TXN_00236,CUST_152,2025-05-05,Handbag,Accessories,1,14864.84,14864.84,In-store,STORE_3,148
TXN_00237,CUST_296,2025-04-08,Trousers,Apparel,3,4259.68,12779.04,In-store,STORE_7,127
TXN_00238,CUST_238,2025-04-22,Sunglasses,Accessories,1,4191.1,4191.1,Online,STORE_9,41
TXN_00239,CUST_477,2025-02-26,Dress,Apparel,1,4382.67,4382.67,In-store,STORE_9,43
TXN_00240,CUST_311,2025-01-25,Shoes,Footwear,2,7046.44,14092.88,In-store,STORE_7,140
TXN_00241,CUST_138,2025-02-04,Top,Apparel,2,9424.21,18848.42,In-store,STORE_9,188
TXN_00242,CUST_005,2025-01-14,Handbag,Accessories,2,15758.68,31517.36,In-store,STORE_4,315
TXN_00243,CUST_270,2025-04-27,Perfume,Beauty,2,7020.7,14041.4,In-store,STORE_9,140
TXN_00244,CUST_464,2025-04-08,Perfume,Beauty,2,4704.21,9408.42,Online,STORE_8,94
TXN_00245,CUST_295,2025-02-23,Watch,Accessories,2,17988.8,35977.6,Online,STORE_8,359
TXN_00246,CUST_207,2025-02-09,Watch,Accessories,3,7739.75,23219.25,In-store,STORE_7,232
TXN_00247,CUST_068,2025-03-15,Jewellery,Accessories,3,2091.26,6273.78,Online,STORE_3,62
TXN_00248,CUST_283,2025-01-02,Watch,Accessories,3,18413.12,55239.36,In-store,STORE_7,552
TXN_00249,CUST_039,2025-03-12,Dress,Apparel,2,2994.18,5988.36,Online,STORE_3,59
TXN_00250,CUST_140,2025-02-21,Top,Apparel,2,7922.37,15844.74,Online,STORE_8,158
TXN_00251,CUST_497,2025-01-20,Dress,Apparel,2,4500.51,9001.02,Online,STORE_8,90
TXN_00252,CUST_029,2025-01-02,Coat,Apparel,2,4770.32,9540.64,In-store,STORE_3,95
TXN_00253,CUST_239,2025-01-24,Dress,Apparel,3,4654.38,13963.14,In-store,STORE_10,139
TXN_00254,CUST_058,2025-05-01,Perfume,Beauty,1,3888.38,3888.38,Online,STORE_10,38
TXN_00255,CUST_367,2025-04-18,Watch,Accessories,2,9433.77,18867.54,Online,STORE_8,188
TXN_00256,CUST_412,2025-02-28,Coat,Apparel,1,1671.68,1671.68,Online,STORE_1,16
TXN_00257,CUST_208,2025-01-18,Trousers,Apparel,1,8952.22,8952.22,Online,STORE_5,89
TXN_00258,CUST_161,2025-03-28,Dress,Apparel,2,3872.83,7745.66,In-store,STORE_2,77
TXN_00259,CUST_076,2025-03-04,Shoes,Footwear,1,2237.65,2237.65,Online,STORE_7,22
TXN_00260,CUST_394,2025-04-16,Coat,Apparel,2,3012.67,6025.34,Online,STORE_2,60
TXN_00261,CUST_457,2025-01-07,Shoes,Footwear,1,15667.09,15667.09,In-store,STORE_9,156
TXN_00262,CUST_006,2025-01-11,Shoes,Footwear,2,2133.2,4266.4,Online,STORE_8,42
TXN_00263,CUST_120,2025-03-23,Perfume,Beauty,1,7529.22,7529.22,In-store,STORE_7,75
TXN_00264,CUST_085,2025-05-02,Dress,Apparel,1,1743.91,1743.91,In-store,STORE_1,17
TXN_00265,CUST_320,2025-02-15,Trousers,Apparel,1,1421.81,1421.81,Online,STORE_7,14
TXN_00266,CUST_033,2025-03-30,Trousers,Apparel,2,12361.04,24722.08,In-store,STORE_5,247
TXN_00267,CUST_322,2025-01-12,Handbag,Accessories,2,10046.02,20092.04,Online,STORE_5,200
TXN_00268,CUST_027,2025-01-11,Shoes,Footwear,1,4792.29,4792.29,Online,STORE_1,47
TXN_00269,CUST_443,2025-01-01,Handbag,Accessories,3,6210.93,18632.79,Online,STORE_3,186
TXN_00270,CUST_236,2025-03-25,Sunglasses,Accessories,1,12321.18,12321.18,Online,STORE_10,123
TXN_00271,CUST_379,2025-04-08,Watch,Accessories,1,3759.28,3759.28,Online,STORE_5,37
TXN_00272,CUST_399,2025-02-21,Shoes,Footwear,1,7204.55,7204.55,Online,STORE_10,72
TXN_00273,CUST_004,2025-01-21,Handbag,Accessories,3,6076.76,18230.28,In-store,STORE_5,182
TXN_00274,CUST_259,2025-04-22,Trousers,Apparel,1,3445.74,3445.74,Online,STORE_3,34
TXN_00275,CUST_396,2025-03-18,Trousers,Apparel,3,4515.09,13545.27,In-store,STORE_9,135
TXN_00276,CUST_225,2025-02-25,Watch,Accessories,1,7937.02,7937.02,Online,STORE_10,79
TXN_00277,CUST_230,2025-03-03,Top,Apparel,3,3084.09,9252.27,In-store,STORE_4,92
TXN_00278,CUST_294,2025-03-30,Shoes,Footwear,2,12936.91,25873.82,In-store,STORE_6,258
TXN_00279,CUST_194,2025-01-01,Top,Apparel,2,4549.02,9098.04,In-store,STORE_10,90
TXN_00280,CUST_166,2025-05-04,Handbag,Accessories,1,1522.69,1522.69,Online,STORE_7,15
TXN_00281,CUST_391,2025-02-15,Dress,Apparel,3,9702.26,29106.78,Online,STORE_2,291
TXN_00282,CUST_470,2025-01-30,Shoes,Footwear,1,2292.79,2292.79,In-store,STORE_2,22
TXN_00283,CUST_381,2025-01-28,Coat,Apparel,1,1431.36,1431.36,Online,STORE_7,14
TXN_00284,CUST_171,2025-04-07,Trousers,Apparel,2,1944.97,3889.94,Online,STORE_6,38
TXN_00285,CUST_125,2025-02-14,Dress,Apparel,2,5258.15,10516.3,In-store,STORE_1,105
TXN_00286,CUST_114,2025-01-12,Watch,Accessories,3,2548.23,7644.69,In-store,STORE_3,76
TXN_00287,CUST_475,2025-01-23,Jewellery,Accessories,2,15386.59,30773.18,In-store,STORE_3,307
TXN_00288,CUST_178,2025-03-21,Perfume,Beauty,2,6366.41,12732.82,Online,STORE_2,127
TXN_00289,CUST_361,2025-05-10,Trousers,Apparel,1,1626.61,1626.61,Online,STORE_1,16
TXN_00290,CUST_437,2025-02-22,Shoes,Footwear,1,4674.51,4674.51,In-store,STORE_10,46
TXN_00291,CUST_255,2025-05-10,Handbag,Accessories,2,6314.47,12628.94,Online,STORE_9,126
TXN_00292,CUST_316,2025-03-01,Watch,Accessories,1,7501.94,7501.94,Online,STORE_7,75
TXN_00293,CUST_281,2025-01-24,Sunglasses,Accessories,3,2239.78,6719.34,In-store,STORE_8,67
TXN_00294,CUST_311,2025-01-28,Shoes,Footwear,1,6828.0,6828.0,In-store,STORE_3,68
TXN_00295,CUST_348,2025-01-26,Trousers,Apparel,1,3950.43,3950.43,Online,STORE_8,39
TXN_00296,CUST_069,2025-03-05,Watch,Accessories,2,10146.81,20293.62,Online,STORE_3,202
TXN_00297,CUST_256,2025-02-06,Handbag,Accessories,1,3458.3,3458.3,In-store,STORE_2,34
TXN_00298,CUST_309,2025-03-18,Sunglasses,Accessories,2,2242.23,4484.46,In-store,STORE_6,44
TXN_00299,CUST_055,2025-04-05,Perfume,Beauty,3,3698.17,11094.51,In-store,STORE_5,110
TXN_00300,CUST_156,2025-02-11,Watch,Accessories,1,4258.27,4258.27,In-store,STORE_4,42
TXN_00301,CUST_285,2025-03-17,Shoes,Footwear,2,1513.97,3027.94,In-store,STORE_4,30
TXN_00302,CUST_004,2025-01-19,Top,Apparel,2,7521.22,15042.44,Online,STORE_9,150
TXN_00303,CUST_295,2025-04-10,Watch,Accessories,2,16967.98,33935.96,In-store,STORE_7,339
TXN_00304,CUST_129,2025-01-20,Shoes,Footwear,3,2118.55,6355.65,Online,STORE_2,63
TXN_00305,CUST_239,2025-01-01,Top,Apparel,1,3330.74,3330.74,In-store,STORE_10,33
TXN_00306,CUST_159,2025-01-04,Handbag,Accessories,3,7911.69,23735.07,Online,STORE_1,237
TXN_00307,CUST_221,2025-02-10,Top,Apparel,3,8716.43,26149.29,Online,STORE_3,261
TXN_00308,CUST_395,2025-01-08,Dress,Apparel,1,4311.15,4311.15,Online,STORE_9,43
TXN_00309,CUST_475,2025-04-21,Perfume,Beauty,1,14563.28,14563.28,In-store,STORE_5,145
TXN_00310,CUST_052,2025-04-15,Shoes,Footwear,3,12234.22,36702.66,In-store,STORE_1,367
TXN_00311,CUST_314,2025-04-26,Dress,Apparel,3,3973.59,11920.77,Online,STORE_9,119
TXN_00312,CUST_188,2025-03-01,Handbag,Accessories,3,1796.67,5390.01,In-store,STORE_3,53
TXN_00313,CUST_118,2025-03-25,Watch,Accessories,1,8434.3,8434.3,In-store,STORE_7,84
TXN_00314,CUST_287,2025-04-24,Top,Apparel,1,5602.13,5602.13,In-store,STORE_3,56
TXN_00315,CUST_105,2025-03-20,Trousers,Apparel,2,11000.16,22000.32,Online,STORE_7,220
TXN_00316,CUST_002,2025-01-17,Trousers,Apparel,1,7656.46,7656.46,In-store,STORE_9,76
TXN_00317,CUST_012,2025-02-07,Dress,Apparel,3,4447.85,13343.55,In-store,STORE_2,133
TXN_00318,CUST_378,2025-05-07,Top,Apparel,3,1829.47,5488.41,Online,STORE_6,54
TXN_00319,CUST_142,2025-04-18,Handbag,Accessories,2,5544.57,11089.14,Online,STORE_10,110
TXN_00320,CUST_295,2025-02-15,Shoes,Footwear,2,13661.34,27322.68,Online,STORE_7,273
TXN_00321,CUST_232,2025-03-03,Trousers,Apparel,2,7049.7,14099.4,Online,STORE_10,140
TXN_00322,CUST_262,2025-03-19,Coat,Apparel,3,1793.3,5379.9,Online,STORE_3,53
TXN_00323,CUST_068,2025-04-25,Dress,Apparel,2,1804.39,3608.78,In-store,STORE_8,36
TXN_00324,CUST_193,2025-04-15,Perfume,Beauty,2,4821.01,9642.02,Online,STORE_10,96
TXN_00325,CUST_260,2025-03-20,Dress,Apparel,2,2021.22,4042.44,In-store,STORE_6,40
TXN_00326,CUST_009,2025-01-01,Jewellery,Accessories,2,3624.45,7248.9,Online,STORE_4,72
TXN_00327,CUST_394,2025-01-27,Watch,Accessories,1,4318.14,4318.14,In-store,STORE_6,43
TXN_00328,CUST_024,2025-03-24,Shoes,Footwear,3,4085.31,12255.93,In-store,STORE_8,122
TXN_00329,CUST_407,2025-02-27,Shoes,Footwear,2,3534.87,7069.74,In-store,STORE_3,70
TXN_00330,CUST_075,2025-02-05,Jewellery,Accessories,2,7989.05,15978.1,Online,STORE_10,159
TXN_00331,CUST_251,2025-02-25,Shoes,Footwear,3,7806.62,23419.86,Online,STORE_5,234
TXN_00332,CUST_151,2025-01-29,Top,Apparel,1,2340.55,2340.55,In-store,STORE_8,23
TXN_00333,CUST_172,2025-03-28,Perfume,Beauty,1,6680.61,6680.61,Online,STORE_1,66
TXN_00334,CUST_092,2025-04-24,Shoes,Footwear,3,6396.75,19190.25,Online,STORE_4,191
TXN_00335,CUST_435,2025-03-30,Shoes,Footwear,1,5022.92,5022.92,Online,STORE_9,50
TXN_00336,CUST_127,2025-03-20,Shoes,Footwear,3,8298.61,24895.83,In-store,STORE_6,248
TXN_00337,CUST_169,2025-04-08,Dress,Apparel,3,2442.78,7328.34,In-store,STORE_8,73
TXN_00338,CUST_281,2025-02-14,Shoes,Footwear,3,1863.65,5590.95,Online,STORE_2,55
TXN_00339,CUST_249,2025-02-13,Perfume,Beauty,1,2701.18,2701.18,In-store,STORE_4,27
TXN_00340,CUST_230,2025-02-21,Perfume,Beauty,1,4620.0,4620.0,Online,STORE_5,46
TXN_00341,CUST_429,2025-04-12,Top,Apparel,2,1880.9,3761.8,Online,STORE_10,37
TXN_00342,CUST_203,2025-03-20,Dress,Apparel,1,1774.05,1774.05,Online,STORE_3,17
TXN_00343,CUST_397,2025-04-18,Watch,Accessories,3,9379.73,28139.19,In-store,STORE_6,281
TXN_00344,CUST_274,2025-01-16,Watch,Accessories,1,3288.06,3288.06,Online,STORE_5,32
TXN_00345,CUST_492,2025-04-06,Jewellery,Accessories,1,1841.64,1841.64,In-store,STORE_1,18
TXN_00346,CUST_480,2025-03-13,Watch,Accessories,3,7172.45,21517.35,Online,STORE_2,215
TXN_00347,CUST_162,2025-04-21,Top,Apparel,3,1910.01,5730.03,Online,STORE_9,57
TXN_00348,CUST_483,2025-01-26,Handbag,Accessories,2,14729.3,29458.6,Online,STORE_9,294
TXN_00349,CUST_245,2025-04-20,Dress,Apparel,2,17786.37,35572.74,Online,STORE_8,355
TXN_00350,CUST_443,2025-04-26,Top,Apparel,2,8871.79,17743.58,In-store,STORE_5,177
TXN_00351,CUST_319,2025-01-30,Jewellery,Accessories,3,2223.97,6671.91,Online,STORE_8,66
TXN_00352,CUST_340,2025-03-20,Shoes,Footwear,3,20162.29,60486.87,In-store,STORE_2,604
TXN_00353,CUST_269,2025-04-08,Jewellery,Accessories,1,3397.23,3397.23,In-store,STORE_2,33
TXN_00354,CUST_295,2025-03-24,Shoes,Footwear,1,7766.43,7766.43,Online,STORE_8,77
TXN_00355,CUST_287,2025-02-12,Top,Apparel,3,3447.51,10342.53,Online,STORE_3,103
TXN_00356,CUST_482,2025-04-28,Watch,Accessories,3,3713.56,11140.68,Online,STORE_6,111
TXN_00357,CUST_427,2025-04-11,Dress,Apparel,2,9108.62,18217.24,Online,STORE_8,182
TXN_00358,CUST_204,2025-03-20,Dress,Apparel,3,8334.55,25003.65,In-store,STORE_3,250
TXN_00359,CUST_179,2025-01-23,Jewellery,Accessories,1,8133.26,8133.26,In-store,STORE_7,81
TXN_00360,CUST_300,2025-01-09,Watch,Accessories,2,3129.68,6259.36,Online,STORE_10,62
TXN_00361,CUST_363,2025-01-04,Dress,Apparel,2,9327.53,18655.06,Online,STORE_9,186
TXN_00362,CUST_056,2025-01-23,Shoes,Footwear,2,4362.71,8725.42,In-store,STORE_6,87
TXN_00363,CUST_142,2025-02-15,Top,Apparel,1,4577.65,4577.65,In-store,STORE_3,45
TXN_00364,CUST_378,2025-02-21,Perfume,Beauty,2,2439.99,4879.98,In-store,STORE_2,48
TXN_00365,CUST_493,2025-03-30,Dress,Apparel,1,1321.35,1321.35,Online,STORE_2,13
TXN_00366,CUST_046,2025-02-20,Trousers,Apparel,3,2072.36,6217.08,In-store,STORE_3,62
TXN_00367,CUST_445,2025-03-01,Shoes,Footwear,1,6471.64,6471.64,Online,STORE_3,64
TXN_00368,CUST_257,2025-05-10,Dress,Apparel,2,1221.74,2443.48,Online,STORE_1,24
TXN_00369,CUST_304,2025-01-15,Watch,Accessories,3,8127.3,24381.9,Online,STORE_3,243
TXN_00370,CUST_301,2025-04-15,Dress,Apparel,2,2407.05,4814.1,Online,STORE_1,48
TXN_00371,CUST_157,2025-03-24,Top,Apparel,1,12448.21,12448.21,Online,STORE_4,124
TXN_00372,CUST_183,2025-01-21,Watch,Accessories,2,7130.7,14261.4,Online,STORE_10,142
TXN_00373,CUST_105,2025-01-11,Trousers,Apparel,3,6595.19,19785.57,In-store,STORE_10,197
TXN_00374,CUST_441,2025-04-05,Perfume,Beauty,3,3266.94,9800.82,Online,STORE_8,98
TXN_00375,CUST_355,2025-04-19,Coat,Apparel,2,2044.77,4089.54,Online,STORE_2,40
TXN_00376,CUST_084,2025-03-16,Watch,Accessories,3,11159.36,33478.08,In-store,STORE_6,334
TXN_00377,CUST_471,2025-05-10,Jewellery,Accessories,2,17277.67,34555.34,In-store,STORE_5,345
TXN_00378,CUST_101,2025-04-03,Top,Apparel,2,15859.05,31718.1,Online,STORE_5,317
TXN_00379,CUST_452,2025-01-04,Watch,Accessories,1,9361.61,9361.61,Online,STORE_4,93
TXN_00380,CUST_413,2025-03-12,Watch,Accessories,3,2156.43,6469.29,Online,STORE_1,64
TXN_00381,CUST_169,2025-01-08,Dress,Apparel,2,1704.32,3408.64,In-store,STORE_8,34
TXN_00382,CUST_171,2025-04-04,Coat,Apparel,3,1385.03,4155.09,In-store,STORE_3,41
TXN_00383,CUST_048,2025-04-21,Handbag,Accessories,1,10103.85,10103.85,Online,STORE_5,101
TXN_00384,CUST_385,2025-05-10,Jewellery,Accessories,3,6042.74,18128.22,Online,STORE_4,181
TXN_00385,CUST_151,2025-01-12,Dress,Apparel,1,1271.81,1271.81,Online,STORE_6,12
TXN_00386,CUST_420,2025-03-17,Trousers,Apparel,3,9957.26,29871.78,In-store,STORE_1,298
TXN_00387,CUST_389,2025-02-11,Dress,Apparel,1,1684.95,1684.95,In-store,STORE_3,16
TXN_00388,CUST_310,2025-03-04,Trousers,Apparel,2,2472.24,4944.48,In-store,STORE_5,49
TXN_00389,CUST_311,2025-01-06,Trousers,Apparel,3,6752.83,20258.49,Online,STORE_8,202
TXN_00390,CUST_324,2025-04-30,Shoes,Footwear,3,7414.12,22242.36,In-store,STORE_3,222
TXN_00391,CUST_018,2025-04-16,Sunglasses,Accessories,2,8755.49,17510.98,Online,STORE_9,175
TXN_00392,CUST_306,2025-02-24,Jewellery,Accessories,1,20024.96,20024.96,Online,STORE_1,200
TXN_00393,CUST_381,2025-04-20,Watch,Accessories,2,2469.54,4939.08,Online,STORE_7,49
TXN_00394,CUST_080,2025-04-09,Watch,Accessories,1,5042.52,5042.52,Online,STORE_3,50
TXN_00395,CUST_117,2025-03-08,Jewellery,Accessories,1,2104.55,2104.55,Online,STORE_4,21
TXN_00396,CUST_084,2025-02-09,Watch,Accessories,3,16410.78,49232.34,In-store,STORE_6,492
TXN_00397,CUST_128,2025-03-20,Dress,Apparel,3,4544.98,13634.94,In-store,STORE_6,136
TXN_00398,CUST_124,2025-03-24,Handbag,Accessories,2,1783.72,3567.44,In-store,STORE_10,35
TXN_00399,CUST_393,2025-02-08,Watch,Accessories,3,14590.05,43770.15,In-store,STORE_8,437
TXN_00400,CUST_396,2025-01-22,Watch,Accessories,3,2769.99,8309.97,In-store,STORE_6,83
TXN_00401,CUST_116,2025-02-24,Watch,Accessories,2,3730.08,7460.16,In-store,STORE_10,74
TXN_00402,CUST_413,2025-05-03,Watch,Accessories,1,2429.87,2429.87,In-store,STORE_4,24
TXN_00403,CUST_091,2025-03-18,Watch,Accessories,1,4451.45,4451.45,Online,STORE_3,44
TXN_00404,CUST_328,2025-01-09,Perfume,Beauty,1,2898.64,2898.64,Online,STORE_8,28
TXN_00405,CUST_230,2025-03-29,Dress,Apparel,2,3586.49,7172.98,In-store,STORE_3,71
TXN_00406,CUST_495,2025-04-30,Dress,Apparel,1,12099.61,12099.61,In-store,STORE_9,120
TXN_00407,CUST_478,2025-02-01,Trousers,Apparel,1,8252.93,8252.93,In-store,STORE_1,82
TXN_00408,CUST_013,2025-04-30,Dress,Apparel,2,1990.02,3980.04,Online,STORE_3,39
TXN_00409,CUST_364,2025-04-07,Coat,Apparel,2,4896.77,9793.54,Online,STORE_8,97
TXN_00410,CUST_491,2025-03-29,Trousers,Apparel,2,7284.83,14569.66,In-store,STORE_8,145
TXN_00411,CUST_419,2025-03-29,Sunglasses,Accessories,1,4756.86,4756.86,Online,STORE_5,47
TXN_00412,CUST_106,2025-01-03,Sunglasses,Accessories,2,17001.34,34002.68,In-store,STORE_9,340
TXN_00413,CUST_132,2025-03-17,Dress,Apparel,1,7555.83,7555.83,Online,STORE_7,75
TXN_00414,CUST_383,2025-03-26,Shoes,Footwear,2,4211.28,8422.56,Online,STORE_4,84
TXN_00415,CUST_434,2025-04-09,Watch,Accessories,2,17750.88,35501.76,Online,STORE_10,355
TXN_00416,CUST_205,2025-01-31,Shoes,Footwear,2,5259.51,10519.02,Online,STORE_1,105
TXN_00417,CUST_017,2025-02-02,Watch,Accessories,3,2840.43,8521.29,In-store,STORE_7,85
TXN_00418,CUST_290,2025-01-28,Sunglasses,Accessories,3,11943.94,35831.82,Online,STORE_9,358
TXN_00419,CUST_174,2025-03-04,Watch,Accessories,2,1879.21,3758.42,In-store,STORE_6,37
TXN_00420,CUST_175,2025-03-18,Watch,Accessories,2,1211.99,2423.98,In-store,STORE_5,24
TXN_00421,CUST_422,2025-02-13,Sunglasses,Accessories,2,1173.79,2347.58,In-store,STORE_7,23
TXN_00422,CUST_225,2025-04-09,Shoes,Footwear,2,7998.63,15997.26,In-store,STORE_10,159
TXN_00423,CUST_441,2025-01-11,Dress,Apparel,2,1923.69,3847.38,Online,STORE_9,38
TXN_00424,CUST_163,2025-03-12,Watch,Accessories,3,4457.46,13372.38,Online,STORE_2,133
TXN_00425,CUST_229,2025-01-23,Handbag,Accessories,1,13075.36,13075.36,In-store,STORE_1,130
TXN_00426,CUST_227,2025-03-18,Dress,Apparel,1,2429.92,2429.92,Online,STORE_3,24
TXN_00427,CUST_202,2025-03-22,Watch,Accessories,3,5433.28,16299.84,Online,STORE_9,162
TXN_00428,CUST_079,2025-03-19,Jewellery,Accessories,2,1823.96,3647.92,Online,STORE_5,36
TXN_00429,CUST_345,2025-01-06,Dress,Apparel,3,2002.55,6007.65,Online,STORE_2,60
TXN_00430,CUST_447,2025-03-19,Top,Apparel,3,7523.05,22569.15,In-store,STORE_6,225
TXN_00431,CUST_397,2025-02-22,Watch,Accessories,2,6166.31,12332.62,Online,STORE_10,123
TXN_00432,CUST_242,2025-04-29,Handbag,Accessories,2,2440.48,4880.96,Online,STORE_2,48
TXN_00433,CUST_051,2025-01-11,Dress,Apparel,1,7370.47,7370.47,Online,STORE_3,73
TXN_00434,CUST_199,2025-02-08,Top,Apparel,2,8620.49,17240.98,In-store,STORE_1,172
TXN_00435,CUST_497,2025-01-16,Jewellery,Accessories,1,3857.31,3857.31,In-store,STORE_8,38
TXN_00436,CUST_246,2025-02-19,Coat,Apparel,2,6963.01,13926.02,In-store,STORE_10,139
TXN_00437,CUST_483,2025-02-19,Jewellery,Accessories,2,14040.49,28080.98,In-store,STORE_6,280
TXN_00438,CUST_442,2025-03-11,Shoes,Footwear,3,8659.71,25979.13,In-store,STORE_7,259
TXN_00439,CUST_044,2025-01-28,Shoes,Footwear,2,4943.87,9887.74,Online,STORE_10,98
TXN_00440,CUST_218,2025-02-16,Top,Apparel,2,2208.84,4417.68,In-store,STORE_4,44
TXN_00441,CUST_209,2025-04-10,Watch,Accessories,1,10964.37,10964.37,In-store,STORE_3,109
TXN_00442,CUST_214,2025-03-22,Handbag,Accessories,1,8442.35,8442.35,In-store,STORE_3,84
TXN_00443,CUST_083,2025-03-22,Jewellery,Accessories,3,1595.41,4786.23,Online,STORE_9,47
TXN_00444,CUST_289,2025-04-20,Jewellery,Accessories,1,1927.56,1927.56,In-store,STORE_9,19
TXN_00445,CUST_359,2025-03-16,Dress,Apparel,1,1497.69,1497.69,In-store,STORE_4,14
TXN_00446,CUST_361,2025-01-10,Coat,Apparel,3,2113.23,6339.69,Online,STORE_10,63
TXN_00447,CUST_304,2025-03-08,Shoes,Footwear,3,8256.01,24768.03,Online,STORE_6,247
TXN_00448,CUST_105,2025-01-14,Trousers,Apparel,1,8934.58,8934.58,In-store,STORE_2,89
TXN_00449,CUST_289,2025-03-13,Dress,Apparel,2,1441.25,2882.5,Online,STORE_8,28
TXN_00450,CUST_457,2025-04-15,Trousers,Apparel,1,16277.32,16277.32,In-store,STORE_5,162
TXN_00451,CUST_065,2025-04-15,Jewellery,Accessories,1,7329.13,7329.13,In-store,STORE_4,73
TXN_00452,CUST_123,2025-03-23,Watch,Accessories,3,2346.97,7040.91,Online,STORE_6,70
TXN_00453,CUST_478,2025-03-23,Watch,Accessories,3,6380.14,19140.42,In-store,STORE_10,191
TXN_00454,CUST_242,2025-03-31,Top,Apparel,1,2540.01,2540.01,In-store,STORE_6,25
TXN_00455,CUST_383,2025-03-12,Watch,Accessories,3,3128.5,9385.5,Online,STORE_8,93
TXN_00456,CUST_158,2025-04-01,Watch,Accessories,3,8165.9,24497.7,Online,STORE_10,244
TXN_00457,CUST_498,2025-02-25,Watch,Accessories,1,7455.61,7455.61,In-store,STORE_5,74
TXN_00458,CUST_353,2025-04-13,Dress,Apparel,1,9913.86,9913.86,Online,STORE_7,99
TXN_00459,CUST_009,2025-01-12,Jewellery,Accessories,3,3228.66,9685.98,Online,STORE_10,96
TXN_00460,CUST_420,2025-01-30,Shoes,Footwear,1,7814.1,7814.1,Online,STORE_8,78
TXN_00461,CUST_080,2025-01-12,Trousers,Apparel,1,3899.21,3899.21,In-store,STORE_10,38
TXN_00462,CUST_211,2025-04-23,Dress,Apparel,1,2203.31,2203.31,Online,STORE_9,22
TXN_00463,CUST_066,2025-04-16,Watch,Accessories,1,4984.2,4984.2,Online,STORE_5,49
TXN_00464,CUST_208,2025-01-29,Sunglasses,Accessories,2,9983.2,19966.4,Online,STORE_9,199
TXN_00465,CUST_190,2025-02-07,Shoes,Footwear,2,2597.78,5195.56,In-store,STORE_1,51
TXN_00466,CUST_317,2025-05-01,Top,Apparel,3,3735.14,11205.42,In-store,STORE_1,112
TXN_00467,CUST_399,2025-05-01,Watch,Accessories,3,5382.63,16147.89,In-store,STORE_8,161
TXN_00468,CUST_346,2025-01-04,Top,Apparel,1,8974.28,8974.28,In-store,STORE_9,89
TXN_00469,CUST_322,2025-04-29,Perfume,Beauty,2,9633.71,19267.42,Online,STORE_2,192
TXN_00470,CUST_230,2025-02-15,Jewellery,Accessories,3,4343.25,13029.75,Online,STORE_8,130
TXN_00471,CUST_140,2025-01-02,Top,Apparel,2,8654.3,17308.6,In-store,STORE_9,173
TXN_00472,CUST_105,2025-01-10,Trousers,Apparel,3,7220.12,21660.36,Online,STORE_6,216
TXN_00473,CUST_027,2025-03-23,Trousers,Apparel,1,4419.72,4419.72,Online,STORE_7,44
TXN_00474,CUST_040,2025-03-02,Handbag,Accessories,1,2316.82,2316.82,In-store,STORE_10,23
TXN_00475,CUST_379,2025-02-20,Watch,Accessories,3,4249.74,12749.22,In-store,STORE_6,127
TXN_00476,CUST_140,2025-04-05,Jewellery,Accessories,1,9245.34,9245.34,In-store,STORE_6,92
TXN_00477,CUST_476,2025-05-05,Watch,Accessories,2,1925.0,3850.0,In-store,STORE_7,38
TXN_00478,CUST_057,2025-02-27,Watch,Accessories,1,1906.23,1906.23,In-store,STORE_7,19
TXN_00479,CUST_482,2025-04-09,Trousers,Apparel,2,3388.72,6777.44,In-store,STORE_6,67
TXN_00480,CUST_498,2025-01-05,Coat,Apparel,3,9912.98,29738.94,In-store,STORE_2,297
TXN_00481,CUST_051,2025-04-04,Handbag,Accessories,1,5856.98,5856.98,Online,STORE_9,58
TXN_00482,CUST_053,2025-01-05,Top,Apparel,1,4549.75,4549.75,In-store,STORE_2,45
TXN_00483,CUST_065,2025-02-04,Handbag,Accessories,3,6711.43,20134.29,In-store,STORE_7,201
TXN_00484,CUST_049,2025-02-24,Shoes,Footwear,2,2275.7,4551.4,Online,STORE_3,45
TXN_00485,CUST_241,2025-05-08,Trousers,Apparel,1,9093.44,9093.44,In-store,STORE_4,90
TXN_00486,CUST_290,2025-04-27,Sunglasses,Accessories,2,14387.53,28775.06,Online,STORE_2,287
TXN_00487,CUST_015,2025-02-01,Watch,Accessories,3,1734.34,5203.02,In-store,STORE_2,52
TXN_00488,CUST_469,2025-03-19,Dress,Apparel,3,1936.1,5808.3,In-store,STORE_8,58
TXN_00489,CUST_047,2025-03-02,Coat,Apparel,2,2185.64,4371.28,Online,STORE_7,43
TXN_00490,CUST_409,2025-01-25,Sunglasses,Accessories,2,1212.13,2424.26,Online,STORE_9,24
TXN_00491,CUST_500,2025-04-27,Watch,Accessories,3,3606.32,10818.96,Online,STORE_4,108
TXN_00492,CUST_380,2025-02-18,Top,Apparel,3,4077.97,12233.91,Online,STORE_1,122
TXN_00493,CUST_343,2025-03-14,Dress,Apparel,3,5048.36,15145.08,Online,STORE_8,151
TXN_00494,CUST_073,2025-04-22,Top,Apparel,3,8764.68,26294.04,In-store,STORE_5,262
TXN_00495,CUST_438,2025-01-03,Watch,Accessories,3,7811.97,23435.91,Online,STORE_6,234
TXN_00496,CUST_206,2025-04-27,Handbag,Accessories,3,10001.06,30003.18,In-store,STORE_7,300
TXN_00497,CUST_295,2025-03-22,Watch,Accessories,1,14194.19,14194.19,In-store,STORE_3,141
TXN_00498,CUST_017,2025-03-29,Shoes,Footwear,3,2500.18,7500.54,Online,STORE_10,75
TXN_00499,CUST_146,2025-05-10,Top,Apparel,2,7135.63,14271.26,In-store,STORE_10,142
TXN_00500,CUST_378,2025-01-21,Top,Apparel,1,1673.4,1673.4,Online,STORE_1,16
TXN_00501,CUST_499,2025-03-21,Dress,Apparel,2,13352.55,26705.1,In-store,STORE_8,267
TXN_00502,CUST_483,2025-04-25,Dress,Apparel,3,11599.92,34799.76,Online,STORE_7,347
TXN_00503,CUST_399,2025-03-23,Watch,Accessories,1,9325.5,9325.5,Online,STORE_3,93
TXN_00504,CUST_031,2025-04-28,Dress,Apparel,3,2134.24,6402.72,In-store,STORE_8,64
TXN_00505,CUST_464,2025-04-14,Dress,Apparel,1,5131.63,5131.63,In-store,STORE_6,51
TXN_00506,CUST_384,2025-01-06,Dress,Apparel,1,1767.64,1767.64,Online,STORE_10,17
TXN_00507,CUST_062,2025-03-20,Handbag,Accessories,1,15917.88,15917.88,Online,STORE_4,159
TXN_00508,CUST_113,2025-03-19,Watch,Accessories,3,14729.64,44188.92,Online,STORE_7,441
TXN_00509,CUST_109,2025-02-02,Shoes,Footwear,2,4858.13,9716.26,In-store,STORE_2,97
TXN_00510,CUST_393,2025-01-07,Shoes,Footwear,3,15379.78,46139.34,In-store,STORE_4,461
TXN_00511,CUST_113,2025-04-21,Coat,Apparel,2,16251.32,32502.64,Online,STORE_2,325
TXN_00512,CUST_014,2025-04-22,Top,Apparel,1,12950.25,12950.25,Online,STORE_8,129
TXN_00513,CUST_095,2025-05-03,Shoes,Footwear,2,4286.3,8572.6,Online,STORE_6,85
TXN_00514,CUST_093,2025-01-26,Coat,Apparel,1,3516.11,3516.11,In-store,STORE_9,35
TXN_00515,CUST_164,2025-04-21,Trousers,Apparel,1,3926.76,3926.76,In-store,STORE_1,39
TXN_00516,CUST_160,2025-01-08,Watch,Accessories,3,1457.01,4371.03,In-store,STORE_9,43
TXN_00517,CUST_211,2025-03-29,Dress,Apparel,3,2015.85,6047.55,In-store,STORE_10,60
TXN_00518,CUST_178,2025-04-10,Dress,Apparel,1,3576.98,3576.98,In-store,STORE_1,35
TXN_00519,CUST_297,2025-04-14,Sunglasses,Accessories,2,5861.99,11723.98,Online,STORE_4,117
TXN_00520,CUST_463,2025-01-01,Trousers,Apparel,3,4961.53,14884.59,Online,STORE_7,148
TXN_00521,CUST_400,2025-02-17,Dress,Apparel,2,4003.54,8007.08,Online,STORE_7,80
TXN_00522,CUST_231,2025-01-05,Shoes,Footwear,1,3924.86,3924.86,Online,STORE_4,39
TXN_00523,CUST_393,2025-01-06,Watch,Accessories,2,17456.46,34912.92,In-store,STORE_8,349
TXN_00524,CUST_097,2025-04-18,Coat,Apparel,1,7853.66,7853.66,In-store,STORE_9,78
TXN_00525,CUST_490,2025-01-02,Handbag,Accessories,1,3999.87,3999.87,In-store,STORE_10,39
TXN_00526,CUST_208,2025-02-18,Watch,Accessories,1,5785.23,5785.23,In-store,STORE_4,57
TXN_00527,CUST_399,2025-04-08,Watch,Accessories,2,9842.93,19685.86,Online,STORE_7,196
TXN_00528,CUST_241,2025-04-27,Watch,Accessories,2,5384.09,10768.18,Online,STORE_3,107
TXN_00529,CUST_087,2025-04-08,Watch,Accessories,3,16619.84,49859.52,In-store,STORE_2,498
TXN_00530,CUST_332,2025-01-22,Dress,Apparel,2,3768.33,7536.66,In-store,STORE_8,75
TXN_00531,CUST_227,2025-03-04,Jewellery,Accessories,3,974.55,2923.65,In-store,STORE_8,29
TXN_00532,CUST_333,2025-01-14,Coat,Apparel,1,5017.52,5017.52,In-store,STORE_5,50
TXN_00533,CUST_448,2025-01-28,Watch,Accessories,3,4613.47,13840.41,In-store,STORE_6,138
TXN_00534,CUST_309,2025-03-25,Watch,Accessories,1,1765.58,1765.58,In-store,STORE_10,17
TXN_00535,CUST_201,2025-01-12,Dress,Apparel,2,8179.83,16359.66,Online,STORE_6,163
TXN_00536,CUST_277,2025-02-08,Perfume,Beauty,3,22395.6,67186.8,In-store,STORE_5,671
TXN_00537,CUST_437,2025-03-04,Watch,Accessories,1,3323.99,3323.99,Online,STORE_1,33
TXN_00538,CUST_458,2025-02-27,Coat,Apparel,3,4835.26,14505.78,In-store,STORE_4,145
TXN_00539,CUST_265,2025-05-04,Perfume,Beauty,3,1935.8,5807.4,Online,STORE_4,58
TXN_00540,CUST_406,2025-03-14,Shoes,Footwear,1,3701.56,3701.56,In-store,STORE_1,37
TXN_00541,CUST_220,2025-04-06,Handbag,Accessories,2,3630.17,7260.34,In-store,STORE_2,72
TXN_00542,CUST_431,2025-03-04,Jewellery,Accessories,2,4526.44,9052.88,Online,STORE_4,90
TXN_00543,CUST_280,2025-03-20,Sunglasses,Accessories,2,3920.32,7840.64,Online,STORE_6,78
TXN_00544,CUST_259,2025-03-22,Watch,Accessories,1,4944.55,4944.55,In-store,STORE_3,49
TXN_00545,CUST_113,2025-02-05,Shoes,Footwear,3,13934.8,41804.4,Online,STORE_2,418
TXN_00546,CUST_394,2025-02-11,Coat,Apparel,1,3583.44,3583.44,Online,STORE_6,35
TXN_00547,CUST_366,2025-03-17,Top,Apparel,1,14986.6,14986.6,Online,STORE_3,149
TXN_00548,CUST_285,2025-03-22,Watch,Accessories,1,3582.79,3582.79,In-store,STORE_8,35
TXN_00549,CUST_232,2025-04-19,Trousers,Apparel,2,11726.07,23452.14,Online,STORE_10,234
TXN_00550,CUST_048,2025-04-09,Dress,Apparel,1,8775.16,8775.16,Online,STORE_8,87
TXN_00551,CUST_346,2025-03-23,Dress,Apparel,3,7218.12,21654.36,Online,STORE_2,216
TXN_00552,CUST_028,2025-04-29,Shoes,Footwear,2,11791.32,23582.64,Online,STORE_8,235
TXN_00553,CUST_312,2025-03-18,Dress,Apparel,2,9930.69,19861.38,In-store,STORE_5,198
TXN_00554,CUST_085,2025-01-15,Jewellery,Accessories,2,1884.2,3768.4,In-store,STORE_3,37
TXN_00555,CUST_157,2025-02-19,Top,Apparel,3,15130.65,45391.95,In-store,STORE_2,453
TXN_00556,CUST_105,2025-02-04,Shoes,Footwear,1,8417.39,8417.39,In-store,STORE_7,84
TXN_00557,CUST_146,2025-01-26,Top,Apparel,2,6367.76,12735.52,In-store,STORE_9,127
TXN_00558,CUST_487,2025-02-14,Handbag,Accessories,2,1399.89,2799.78,In-store,STORE_8,27
TXN_00559,CUST_283,2025-02-05,Watch,Accessories,2,10586.77,21173.54,In-store,STORE_3,211
TXN_00560,CUST_258,2025-01-22,Coat,Apparel,1,2087.21,2087.21,Online,STORE_7,20
TXN_00561,CUST_219,2025-04-18,Coat,Apparel,1,10970.88,10970.88,Online,STORE_5,109
TXN_00562,CUST_207,2025-02-01,Shoes,Footwear,2,6111.46,12222.92,In-store,STORE_8,122
TXN_00563,CUST_313,2025-04-19,Trousers,Apparel,2,15813.75,31627.5,In-store,STORE_9,316
TXN_00564,CUST_230,2025-05-03,Handbag,Accessories,1,2360.75,2360.75,In-store,STORE_3,23
TXN_00565,CUST_144,2025-02-17,Sunglasses,Accessories,3,12945.64,38836.92,In-store,STORE_6,388
TXN_00566,CUST_150,2025-03-23,Trousers,Apparel,2,2411.65,4823.3,In-store,STORE_8,48
TXN_00567,CUST_245,2025-02-14,Handbag,Accessories,2,15835.15,31670.3,In-store,STORE_2,316
TXN_00568,CUST_018,2025-04-05,Shoes,Footwear,3,8099.79,24299.37,Online,STORE_1,242
TXN_00569,CUST_373,2025-01-30,Watch,Accessories,3,7444.08,22332.24,Online,STORE_5,223
TXN_00570,CUST_064,2025-01-29,Handbag,Accessories,2,18754.01,37508.02,In-store,STORE_7,375
TXN_00571,CUST_066,2025-02-23,Watch,Accessories,1,2010.13,2010.13,In-store,STORE_5,20
TXN_00572,CUST_340,2025-04-24,Shoes,Footwear,3,15702.83,47108.49,Online,STORE_5,471
TXN_00573,CUST_346,2025-04-23,Dress,Apparel,2,11123.65,22247.3,In-store,STORE_6,222
TXN_00574,CUST_334,2025-04-25,Handbag,Accessories,2,9637.26,19274.52,Online,STORE_7,192
TXN_00575,CUST_403,2025-04-05,Dress,Apparel,3,5788.53,17365.59,Online,STORE_4,173
TXN_00576,CUST_001,2025-01-10,Perfume,Beauty,1,4029.78,4029.78,In-store,STORE_10,40
TXN_00577,CUST_363,2025-01-19,Jewellery,Accessories,1,7501.55,7501.55,In-store,STORE_10,75
TXN_00578,CUST_289,2025-05-09,Top,Apparel,3,1777.86,5333.58,Online,STORE_7,53
TXN_00579,CUST_241,2025-02-18,Watch,Accessories,3,11633.1,34899.3,In-store,STORE_2,348
TXN_00580,CUST_119,2025-04-16,Trousers,Apparel,2,3318.7,6637.4,Online,STORE_5,66
TXN_00581,CUST_351,2025-04-22,Shoes,Footwear,2,11051.06,22102.12,In-store,STORE_6,221
TXN_00582,CUST_231,2025-02-23,Sunglasses,Accessories,3,4007.97,12023.91,In-store,STORE_7,120
TXN_00583,CUST_001,2025-04-22,Handbag,Accessories,3,3949.32,11847.96,In-store,STORE_6,118
TXN_00584,CUST_315,2025-02-11,Dress,Apparel,3,7423.59,22270.77,In-store,STORE_10,222
TXN_00585,CUST_332,2025-02-13,Perfume,Beauty,3,3762.65,11287.95,In-store,STORE_2,112
TXN_00586,CUST_240,2025-03-06,Trousers,Apparel,2,1524.31,3048.62,In-store,STORE_7,30
TXN_00587,CUST_429,2025-04-08,Top,Apparel,1,784.42,784.42,In-store,STORE_10,7
TXN_00588,CUST_359,2025-04-25,Top,Apparel,2,1552.88,3105.76,In-store,STORE_1,31
TXN_00589,CUST_097,2025-03-06,Watch,Accessories,3,8940.78,26822.34,Online,STORE_3,268
TXN_00590,CUST_070,2025-01-26,Shoes,Footwear,2,12185.58,24371.16,In-store,STORE_5,243
TXN_00591,CUST_073,2025-03-03,Perfume,Beauty,3,8165.05,24495.15,In-store,STORE_7,244
TXN_00592,CUST_406,2025-03-12,Trousers,Apparel,1,4615.78,4615.78,In-store,STORE_3,46
TXN_00593,CUST_238,2025-02-05,Watch,Accessories,3,5240.88,15722.64,In-store,STORE_7,157
TXN_00594,CUST_146,2025-02-16,Handbag,Accessories,3,10282.89,30848.67,Online,STORE_6,308
TXN_00595,CUST_313,2025-04-30,Trousers,Apparel,3,16130.27,48390.81,Online,STORE_2,483
TXN_00596,CUST_372,2025-01-30,Trousers,Apparel,3,18554.74,55664.22,In-store,STORE_6,556
TXN_00597,CUST_034,2025-01-08,Trousers,Apparel,3,11230.01,33690.03,Online,STORE_3,336
TXN_00598,CUST_352,2025-03-05,Handbag,Accessories,2,7093.59,14187.18,In-store,STORE_3,141
TXN_00599,CUST_157,2025-01-08,Top,Apparel,3,16437.79,49313.37,Online,STORE_10,493
TXN_00600,CUST_257,2025-03-08,Dress,Apparel,3,1515.86,4547.58,Online,STORE_2,45
TXN_00601,CUST_228,2025-02-22,Watch,Accessories,3,2490.07,7470.21,In-store,STORE_10,74
TXN_00602,CUST_044,2025-03-30,Trousers,Apparel,2,5542.66,11085.32,In-store,STORE_7,110
TXN_00603,CUST_259,2025-03-25,Watch,Accessories,2,3145.33,6290.66,In-store,STORE_2,62
TXN_00604,CUST_389,2025-03-05,Jewellery,Accessories,1,2200.9,2200.9,In-store,STORE_3,22
TXN_00605,CUST_395,2025-01-28,Top,Apparel,3,4249.11,12747.33,In-store,STORE_9,127
TXN_00606,CUST_013,2025-02-15,Handbag,Accessories,2,2406.72,4813.44,Online,STORE_9,48
TXN_00607,CUST_341,2025-04-10,Jewellery,Accessories,3,8054.0,24162.0,Online,STORE_1,241
TXN_00608,CUST_105,2025-04-16,Shoes,Footwear,1,7474.11,7474.11,Online,STORE_4,74
TXN_00609,CUST_479,2025-01-24,Top,Apparel,2,4664.21,9328.42,In-store,STORE_5,93
TXN_00610,CUST_352,2025-03-23,Perfume,Beauty,3,3678.54,11035.62,Online,STORE_6,110
TXN_00611,CUST_450,2025-03-26,Watch,Accessories,2,4901.19,9802.38,Online,STORE_7,98
TXN_00612,CUST_027,2025-04-14,Shoes,Footwear,2,3979.98,7959.96,Online,STORE_10,79
TXN_00613,CUST_259,2025-03-16,Watch,Accessories,1,5096.48,5096.48,In-store,STORE_2,50
TXN_00614,CUST_364,2025-01-16,Trousers,Apparel,1,7924.96,7924.96,Online,STORE_5,79
TXN_00615,CUST_055,2025-05-10,Handbag,Accessories,3,3940.3,11820.9,Online,STORE_9,118
TXN_00616,CUST_426,2025-01-27,Top,Apparel,2,9517.2,19034.4,Online,STORE_10,190
TXN_00617,CUST_203,2025-05-10,Handbag,Accessories,1,2064.59,2064.59,Online,STORE_5,20
TXN_00618,CUST_290,2025-03-31,Trousers,Apparel,2,17681.0,35362.0,In-store,STORE_10,353
TXN_00619,CUST_117,2025-01-29,Jewellery,Accessories,2,1710.96,3421.92,In-store,STORE_6,34
TXN_00620,CUST_277,2025-02-25,Handbag,Accessories,3,13910.2,41730.6,Online,STORE_3,417
TXN_00621,CUST_109,2025-01-16,Trousers,Apparel,1,2621.35,2621.35,In-store,STORE_9,26
TXN_00622,CUST_117,2025-01-29,Jewellery,Accessories,1,2194.65,2194.65,In-store,STORE_4,21
TXN_00623,CUST_232,2025-04-07,Shoes,Footwear,3,10396.96,31190.88,Online,STORE_5,311
TXN_00624,CUST_451,2025-04-01,Coat,Apparel,3,1856.0,5568.0,In-store,STORE_5,55
TXN_00625,CUST_253,2025-02-12,Trousers,Apparel,1,3356.91,3356.91,In-store,STORE_4,33
TXN_00626,CUST_451,2025-04-30,Watch,Accessories,2,1271.31,2542.62,Online,STORE_9,25
TXN_00627,CUST_405,2025-01-24,Trousers,Apparel,2,15031.21,30062.42,Online,STORE_2,300
TXN_00628,CUST_119,2025-03-23,Coat,Apparel,3,4174.49,12523.47,In-store,STORE_9,125
TXN_00629,CUST_083,2025-04-29,Top,Apparel,1,1113.67,1113.67,Online,STORE_3,11
TXN_00630,CUST_160,2025-04-05,Coat,Apparel,3,2845.39,8536.17,In-store,STORE_5,85
TXN_00631,CUST_050,2025-01-26,Shoes,Footwear,1,9598.25,9598.25,Online,STORE_6,95
TXN_00632,CUST_474,2025-05-07,Watch,Accessories,2,2467.58,4935.16,In-store,STORE_1,49
TXN_00633,CUST_384,2025-04-27,Dress,Apparel,2,1773.68,3547.36,In-store,STORE_6,35
TXN_00634,CUST_447,2025-04-04,Handbag,Accessories,2,6417.75,12835.5,Online,STORE_7,128
TXN_00635,CUST_134,2025-04-03,Dress,Apparel,1,2503.21,2503.21,Online,STORE_4,25
TXN_00636,CUST_277,2025-01-11,Handbag,Accessories,1,9693.47,9693.47,In-store,STORE_4,96
TXN_00637,CUST_499,2025-03-19,Dress,Apparel,3,14538.51,43615.53,Online,STORE_2,436
TXN_00638,CUST_356,2025-05-01,Dress,Apparel,3,14126.22,42378.66,Online,STORE_7,423
TXN_00639,CUST_263,2025-04-26,Handbag,Accessories,2,2516.67,5033.34,In-store,STORE_2,50
TXN_00640,CUST_035,2025-05-09,Trousers,Apparel,2,4972.14,9944.28,Online,STORE_8,99
TXN_00641,CUST_342,2025-03-14,Trousers,Apparel,1,1781.26,1781.26,In-store,STORE_4,17
TXN_00642,CUST_326,2025-01-28,Watch,Accessories,2,6846.98,13693.96,Online,STORE_8,136
TXN_00643,CUST_269,2025-03-01,Dress,Apparel,1,4054.68,4054.68,In-store,STORE_3,40
TXN_00644,CUST_089,2025-03-13,Trousers,Apparel,3,8122.96,24368.88,In-store,STORE_3,243
TXN_00645,CUST_167,2025-02-26,Trousers,Apparel,1,2155.17,2155.17,Online,STORE_2,21
TXN_00646,CUST_384,2025-03-13,Handbag,Accessories,2,1764.37,3528.74,Online,STORE_4,35
TXN_00647,CUST_466,2025-01-05,Handbag,Accessories,2,3781.5,7563.0,Online,STORE_9,75
TXN_00648,CUST_434,2025-03-08,Shoes,Footwear,1,10653.69,10653.69,Online,STORE_5,106
TXN_00649,CUST_246,2025-04-21,Watch,Accessories,1,8733.48,8733.48,Online,STORE_7,87
TXN_00650,CUST_200,2025-02-12,Handbag,Accessories,3,3997.57,11992.71,Online,STORE_3,119
TXN_00651,CUST_339,2025-04-05,Watch,Accessories,3,17924.03,53772.09,In-store,STORE_4,537
TXN_00652,CUST_298,2025-03-06,Dress,Apparel,3,8388.24,25164.72,In-store,STORE_5,251
TXN_00653,CUST_269,2025-03-07,Top,Apparel,3,4022.35,12067.05,Online,STORE_3,120
TXN_00654,CUST_434,2025-03-23,Shoes,Footwear,1,18561.03,18561.03,Online,STORE_8,185
TXN_00655,CUST_208,2025-02-17,Shoes,Footwear,2,6806.47,13612.94,Online,STORE_8,136
TXN_00656,CUST_268,2025-02-22,Watch,Accessories,1,3991.93,3991.93,In-store,STORE_1,39
TXN_00657,CUST_042,2025-01-28,Jewellery,Accessories,3,3949.66,11848.98,Online,STORE_2,118
TXN_00658,CUST_398,2025-01-12,Sunglasses,Accessories,1,8275.0,8275.0,In-store,STORE_9,82
TXN_00659,CUST_365,2025-01-29,Jewellery,Accessories,1,8402.68,8402.68,In-store,STORE_2,84
TXN_00660,CUST_464,2025-04-10,Dress,Apparel,2,3518.9,7037.8,In-store,STORE_8,70
TXN_00661,CUST_052,2025-03-08,Watch,Accessories,3,11030.53,33091.59,Online,STORE_2,330
TXN_00662,CUST_473,2025-02-08,Top,Apparel,1,8576.98,8576.98,Online,STORE_2,85
TXN_00663,CUST_338,2025-01-25,Jewellery,Accessories,3,11712.31,35136.93,Online,STORE_2,351
TXN_00664,CUST_437,2025-04-04,Trousers,Apparel,3,3991.43,11974.29,Online,STORE_7,119
TXN_00665,CUST_410,2025-03-26,Shoes,Footwear,1,2877.11,2877.11,Online,STORE_3,28
TXN_00666,CUST_485,2025-04-01,Dress,Apparel,3,9239.41,27718.23,In-store,STORE_1,277
TXN_00667,CUST_009,2025-01-31,Top,Apparel,1,3739.55,3739.55,In-store,STORE_6,37
TXN_00668,CUST_432,2025-04-09,Watch,Accessories,2,9274.59,18549.18,Online,STORE_4,185
TXN_00669,CUST_221,2025-01-15,Top,Apparel,2,10897.1,21794.2,In-store,STORE_5,217
TXN_00670,CUST_299,2025-01-02,Dress,Apparel,1,8670.94,8670.94,In-store,STORE_6,86
TXN_00671,CUST_300,2025-03-11,Watch,Accessories,1,5607.07,5607.07,Online,STORE_1,56
TXN_00672,CUST_301,2025-04-25,Dress,Apparel,2,2470.96,4941.92,In-store,STORE_5,49
TXN_00673,CUST_366,2025-03-02,Perfume,Beauty,3,13021.68,39065.04,Online,STORE_3,390
TXN_00674,CUST_056,2025-02-26,Watch,Accessories,3,4858.03,14574.09,Online,STORE_6,145
TXN_00675,CUST_037,2025-04-06,Trousers,Apparel,2,4344.1,8688.2,Online,STORE_1,86
TXN_00676,CUST_400,2025-04-30,Dress,Apparel,3,2750.33,8250.99,In-store,STORE_9,82
TXN_00677,CUST_351,2025-03-30,Sunglasses,Accessories,2,9553.19,19106.38,Online,STORE_4,191
TXN_00678,CUST_011,2025-03-24,Perfume,Beauty,1,2366.29,2366.29,Online,STORE_2,23
TXN_00679,CUST_485,2025-01-10,Handbag,Accessories,2,7350.67,14701.34,Online,STORE_2,147
TXN_00680,CUST_146,2025-02-17,Top,Apparel,3,7002.72,21008.16,Online,STORE_3,210
TXN_00681,CUST_256,2025-02-03,Jewellery,Accessories,1,4469.47,4469.47,Online,STORE_7,44
TXN_00682,CUST_418,2025-02-14,Shoes,Footwear,2,6570.33,13140.66,Online,STORE_7,131
TXN_00683,CUST_054,2025-04-02,Sunglasses,Accessories,3,8797.51,26392.53,In-store,STORE_7,263
TXN_00684,CUST_385,2025-02-26,Jewellery,Accessories,1,2909.93,2909.93,In-store,STORE_9,29
TXN_00685,CUST_046,2025-03-11,Shoes,Footwear,1,2745.6,2745.6,In-store,STORE_2,27
TXN_00686,CUST_308,2025-05-02,Sunglasses,Accessories,2,2329.71,4659.42,In-store,STORE_8,46
TXN_00687,CUST_418,2025-01-11,Watch,Accessories,1,5486.76,5486.76,In-store,STORE_3,54
TXN_00688,CUST_001,2025-01-25,Jewellery,Accessories,1,4352.19,4352.19,Online,STORE_2,43
TXN_00689,CUST_330,2025-04-14,Sunglasses,Accessories,2,9003.13,18006.26,Online,STORE_10,180
TXN_00690,CUST_141,2025-03-11,Shoes,Footwear,3,6700.83,20102.49,In-store,STORE_1,201
TXN_00691,CUST_243,2025-02-23,Watch,Accessories,2,8984.48,17968.96,In-store,STORE_7,179
TXN_00692,CUST_046,2025-01-25,Shoes,Footwear,3,1772.92,5318.76,In-store,STORE_1,53
TXN_00693,CUST_055,2025-02-23,Jewellery,Accessories,2,4188.33,8376.66,Online,STORE_7,83
TXN_00694,CUST_408,2025-01-28,Shoes,Footwear,1,8770.46,8770.46,Online,STORE_10,87
TXN_00695,CUST_052,2025-01-10,Shoes,Footwear,2,14850.69,29701.38,Online,STORE_9,297
TXN_00696,CUST_273,2025-02-20,Shoes,Footwear,3,4859.76,14579.28,In-store,STORE_1,145
TXN_00697,CUST_280,2025-01-05,Coat,Apparel,2,3391.52,6783.04,In-store,STORE_5,67
TXN_00698,CUST_004,2025-03-04,Top,Apparel,3,6756.36,20269.08,Online,STORE_9,202
TXN_00699,CUST_179,2025-02-16,Handbag,Accessories,1,8913.14,8913.14,In-store,STORE_4,89
TXN_00700,CUST_407,2025-03-02,Shoes,Footwear,1,5120.42,5120.42,In-store,STORE_2,51
TXN_00701,CUST_292,2025-01-14,Dress,Apparel,2,7715.12,15430.24,In-store,STORE_10,154
TXN_00702,CUST_425,2025-03-30,Watch,Accessories,2,9055.59,18111.18,In-store,STORE_1,181
TXN_00703,CUST_258,2025-01-10,Trousers,Apparel,1,2262.82,2262.82,Online,STORE_2,22
TXN_00704,CUST_067,2025-04-26,Sunglasses,Accessories,1,1817.28,1817.28,Online,STORE_6,18
TXN_00705,CUST_306,2025-03-30,Jewellery,Accessories,3,12877.77,38633.31,In-store,STORE_5,386
TXN_00706,CUST_382,2025-05-01,Trousers,Apparel,3,14810.05,44430.15,In-store,STORE_9,444
TXN_00707,CUST_016,2025-02-27,Jewellery,Accessories,1,3678.62,3678.62,Online,STORE_8,36
TXN_00708,CUST_361,2025-01-21,Trousers,Apparel,1,2065.96,2065.96,Online,STORE_7,20
TXN_00709,CUST_356,2025-01-21,Dress,Apparel,1,17027.2,17027.2,Online,STORE_10,170
TXN_00710,CUST_421,2025-01-10,Shoes,Footwear,1,1932.37,1932.37,Online,STORE_1,19
TXN_00711,CUST_069,2025-04-21,Coat,Apparel,3,8428.03,25284.09,Online,STORE_6,252
TXN_00712,CUST_090,2025-04-09,Watch,Accessories,1,2131.58,2131.58,Online,STORE_1,21
TXN_00713,CUST_060,2025-03-06,Dress,Apparel,1,1810.17,1810.17,Online,STORE_1,18
TXN_00714,CUST_437,2025-02-23,Watch,Accessories,2,3235.65,6471.3,In-store,STORE_10,64
TXN_00715,CUST_191,2025-02-22,Dress,Apparel,2,1367.84,2735.68,In-store,STORE_10,27
TXN_00716,CUST_182,2025-03-10,Jewellery,Accessories,2,10039.58,20079.16,Online,STORE_3,200
TXN_00717,CUST_279,2025-03-09,Jewellery,Accessories,1,4150.26,4150.26,Online,STORE_1,41
TXN_00718,CUST_342,2025-03-19,Watch,Accessories,2,2186.36,4372.72,In-store,STORE_2,43
TXN_00719,CUST_328,2025-03-02,Dress,Apparel,1,3456.65,3456.65,Online,STORE_2,34
TXN_00720,CUST_223,2025-01-13,Coat,Apparel,2,1734.88,3469.76,In-store,STORE_10,34
TXN_00721,CUST_458,2025-01-09,Trousers,Apparel,2,4336.05,8672.1,In-store,STORE_8,86
TXN_00722,CUST_236,2025-04-03,Sunglasses,Accessories,1,9846.21,9846.21,Online,STORE_2,98
TXN_00723,CUST_222,2025-04-18,Jewellery,Accessories,2,3148.93,6297.86,In-store,STORE_4,62
TXN_00724,CUST_485,2025-01-04,Handbag,Accessories,3,7267.69,21803.07,In-store,STORE_5,218
TXN_00725,CUST_157,2025-01-04,Perfume,Beauty,1,15383.3,15383.3,In-store,STORE_7,153
TXN_00726,CUST_194,2025-02-11,Dress,Apparel,2,3281.84,6563.68,Online,STORE_3,65
TXN_00727,CUST_415,2025-02-22,Dress,Apparel,1,5326.45,5326.45,Online,STORE_9,53
TXN_00728,CUST_290,2025-02-09,Shoes,Footwear,2,16487.23,32974.46,In-store,STORE_1,329
TXN_00729,CUST_416,2025-02-06,Jewellery,Accessories,3,1944.4,5833.2,In-store,STORE_4,58
TXN_00730,CUST_071,2025-04-01,Trousers,Apparel,3,4370.27,13110.81,In-store,STORE_4,131
TXN_00731,CUST_430,2025-04-13,Shoes,Footwear,2,1896.42,3792.84,Online,STORE_9,37
TXN_00732,CUST_035,2025-02-13,Watch,Accessories,1,3984.03,3984.03,In-store,STORE_3,39
TXN_00733,CUST_191,2025-01-29,Handbag,Accessories,2,2592.88,5185.76,In-store,STORE_7,51
TXN_00734,CUST_156,2025-01-25,Watch,Accessories,3,4528.68,13586.04,Online,STORE_9,135
TXN_00735,CUST_300,2025-03-23,Shoes,Footwear,2,3813.16,7626.32,In-store,STORE_9,76
TXN_00736,CUST_164,2025-02-04,Watch,Accessories,2,2892.41,5784.82,In-store,STORE_4,57
TXN_00737,CUST_232,2025-03-20,Watch,Accessories,2,9468.86,18937.72,Online,STORE_3,189
TXN_00738,CUST_384,2025-03-23,Jewellery,Accessories,3,1320.15,3960.45,Online,STORE_6,39
TXN_00739,CUST_282,2025-04-07,Trousers,Apparel,1,4190.78,4190.78,Online,STORE_8,41
TXN_00740,CUST_431,2025-04-03,Perfume,Beauty,2,3877.66,7755.32,In-store,STORE_3,77
TXN_00741,CUST_377,2025-04-20,Trousers,Apparel,2,5013.1,10026.2,Online,STORE_1,100
TXN_00742,CUST_172,2025-03-04,Handbag,Accessories,1,7566.26,7566.26,In-store,STORE_6,75
TXN_00743,CUST_180,2025-05-04,Dress,Apparel,2,1273.03,2546.06,Online,STORE_9,25
TXN_00744,CUST_104,2025-01-25,Shoes,Footwear,1,5774.19,5774.19,Online,STORE_9,57
TXN_00745,CUST_497,2025-03-01,Dress,Apparel,2,3274.41,6548.82,In-store,STORE_10,65
TXN_00746,CUST_470,2025-04-05,Watch,Accessories,2,2243.64,4487.28,Online,STORE_9,44
TXN_00747,CUST_013,2025-01-20,Handbag,Accessories,2,2367.04,4734.08,Online,STORE_6,47
TXN_00748,CUST_466,2025-05-10,Dress,Apparel,2,3543.52,7087.04,Online,STORE_2,70
TXN_00749,CUST_425,2025-03-06,Sunglasses,Accessories,2,10197.28,20394.56,In-store,STORE_8,203
TXN_00750,CUST_035,2025-03-10,Watch,Accessories,1,1657.17,1657.17,Online,STORE_10,16
TXN_00751,CUST_183,2025-02-01,Sunglasses,Accessories,3,9070.5,27211.5,In-store,STORE_7,272
TXN_00752,CUST_091,2025-01-28,Trousers,Apparel,3,3640.91,10922.73,In-store,STORE_2,109
TXN_00753,CUST_407,2025-02-11,Sunglasses,Accessories,3,4294.83,12884.49,In-store,STORE_4,128
TXN_00754,CUST_348,2025-01-28,Shoes,Footwear,2,4632.56,9265.12,Online,STORE_7,92
TXN_00755,CUST_156,2025-03-27,Shoes,Footwear,3,4497.28,13491.84,In-store,STORE_2,134
TXN_00756,CUST_193,2025-01-07,Dress,Apparel,1,4004.84,4004.84,Online,STORE_1,40
TXN_00757,CUST_088,2025-01-19,Top,Apparel,1,1889.09,1889.09,In-store,STORE_1,18
TXN_00758,CUST_273,2025-01-27,Shoes,Footwear,3,2729.55,8188.65,In-store,STORE_6,81
TXN_00759,CUST_171,2025-02-02,Watch,Accessories,3,1630.59,4891.77,Online,STORE_5,48
TXN_00760,CUST_370,2025-04-21,Handbag,Accessories,1,13085.36,13085.36,Online,STORE_1,130
TXN_00761,CUST_480,2025-03-28,Shoes,Footwear,2,9544.25,19088.5,Online,STORE_7,190
TXN_00762,CUST_098,2025-02-19,Trousers,Apparel,3,9353.3,28059.9,In-store,STORE_6,280
TXN_00763,CUST_410,2025-01-19,Trousers,Apparel,1,4659.2,4659.2,Online,STORE_7,46
TXN_00764,CUST_281,2025-04-24,Shoes,Footwear,2,2535.92,5071.84,Online,STORE_5,50
TXN_00765,CUST_290,2025-04-15,Sunglasses,Accessories,3,14866.47,44599.41,Online,STORE_5,445
TXN_00766,CUST_152,2025-01-24,Handbag,Accessories,3,15364.57,46093.71,Online,STORE_2,460
TXN_00767,CUST_332,2025-04-20,Dress,Apparel,3,3103.17,9309.51,Online,STORE_7,93
TXN_00768,CUST_159,2025-03-31,Jewellery,Accessories,1,7800.85,7800.85,In-store,STORE_10,78
TXN_00769,CUST_071,2025-05-09,Trousers,Apparel,3,4216.96,12650.88,Online,STORE_2,126
TXN_00770,CUST_333,2025-04-05,Watch,Accessories,2,4461.24,8922.48,Online,STORE_7,89
TXN_00771,CUST_098,2025-01-31,Trousers,Apparel,3,7867.34,23602.02,Online,STORE_6,236
TXN_00772,CUST_477,2025-04-17,Perfume,Beauty,1,4208.95,4208.95,Online,STORE_5,42
TXN_00773,CUST_472,2025-02-17,Sunglasses,Accessories,3,6668.16,20004.48,In-store,STORE_2,200
TXN_00774,CUST_115,2025-02-04,Dress,Apparel,1,1636.63,1636.63,Online,STORE_10,16
TXN_00775,CUST_470,2025-02-13,Watch,Accessories,2,2782.49,5564.98,In-store,STORE_1,55
TXN_00776,CUST_207,2025-04-24,Shoes,Footwear,1,7344.59,7344.59,Online,STORE_3,73
TXN_00777,CUST_218,2025-02-03,Top,Apparel,3,1971.16,5913.48,In-store,STORE_2,59
TXN_00778,CUST_063,2025-02-01,Handbag,Accessories,1,7301.31,7301.31,In-store,STORE_9,73
TXN_00779,CUST_195,2025-04-21,Dress,Apparel,2,21191.29,42382.58,Online,STORE_7,423
TXN_00780,CUST_211,2025-01-20,Handbag,Accessories,1,1587.24,1587.24,Online,STORE_7,15
TXN_00781,CUST_064,2025-01-30,Dress,Apparel,2,12088.4,24176.8,Online,STORE_4,241
TXN_00782,CUST_205,2025-03-23,Shoes,Footwear,2,3978.8,7957.6,Online,STORE_5,79
TXN_00783,CUST_116,2025-03-14,Sunglasses,Accessories,1,4145.16,4145.16,Online,STORE_2,41
TXN_00784,CUST_371,2025-04-23,Shoes,Footwear,2,5387.58,10775.16,In-store,STORE_1,107
TXN_00785,CUST_460,2025-03-12,Handbag,Accessories,2,1314.22,2628.44,In-store,STORE_8,26
TXN_00786,CUST_080,2025-01-29,Shoes,Footwear,2,2397.51,4795.02,In-store,STORE_10,47
TXN_00787,CUST_105,2025-04-05,Watch,Accessories,2,8326.88,16653.76,In-store,STORE_1,166
TXN_00788,CUST_369,2025-01-03,Top,Apparel,3,1999.76,5999.28,Online,STORE_10,59
TXN_00789,CUST_076,2025-04-27,Watch,Accessories,1,3889.48,3889.48,Online,STORE_5,38
TXN_00790,CUST_166,2025-03-03,Dress,Apparel,1,2300.56,2300.56,Online,STORE_3,23
TXN_00791,CUST_242,2025-02-21,Jewellery,Accessories,2,1427.13,2854.26,Online,STORE_8,28
TXN_00792,CUST_377,2025-01-08,Watch,Accessories,2,2030.84,4061.68,Online,STORE_1,40
TXN_00793,CUST_068,2025-04-24,Perfume,Beauty,2,2265.97,4531.94,Online,STORE_4,45
TXN_00794,CUST_191,2025-01-05,Handbag,Accessories,3,2107.94,6323.82,In-store,STORE_4,63
TXN_00795,CUST_418,2025-03-10,Shoes,Footwear,3,7250.42,21751.26,Online,STORE_2,217
TXN_00796,CUST_319,2025-02-25,Dress,Apparel,1,1333.38,1333.38,Online,STORE_1,13
TXN_00797,CUST_069,2025-03-13,Watch,Accessories,3,9063.51,27190.53,Online,STORE_5,271
TXN_00798,CUST_334,2025-02-15,Handbag,Accessories,1,7138.81,7138.81,Online,STORE_10,71
TXN_00799,CUST_400,2025-03-08,Dress,Apparel,1,3178.26,3178.26,In-store,STORE_7,31
TXN_00800,CUST_249,2025-03-22,Perfume,Beauty,3,2615.53,7846.59,Online,STORE_7,78
TXN_00801,CUST_440,2025-04-11,Handbag,Accessories,1,2379.1,2379.1,Online,STORE_2,23
TXN_00802,CUST_139,2025-03-04,Handbag,Accessories,2,3943.52,7887.04,Online,STORE_1,78
TXN_00803,CUST_082,2025-05-03,Coat,Apparel,1,4004.85,4004.85,In-store,STORE_5,40
TXN_00804,CUST_407,2025-03-15,Watch,Accessories,3,4353.34,13060.02,In-store,STORE_7,130
TXN_00805,CUST_184,2025-01-08,Jewellery,Accessories,2,6917.58,13835.16,Online,STORE_4,138
TXN_00806,CUST_294,2025-05-01,Trousers,Apparel,2,15873.63,31747.26,In-store,STORE_6,317
TXN_00807,CUST_117,2025-01-14,Top,Apparel,3,1874.31,5622.93,In-store,STORE_8,56
TXN_00808,CUST_028,2025-02-21,Shoes,Footwear,2,15239.79,30479.58,Online,STORE_8,304
TXN_00809,CUST_177,2025-03-27,Jewellery,Accessories,1,8311.38,8311.38,In-store,STORE_7,83
TXN_00810,CUST_014,2025-02-09,Handbag,Accessories,3,19044.83,57134.49,Online,STORE_7,571
TXN_00811,CUST_251,2025-03-25,Trousers,Apparel,2,14563.48,29126.96,Online,STORE_8,291
TXN_00812,CUST_375,2025-03-16,Jewellery,Accessories,2,1889.35,3778.7,Online,STORE_8,37
TXN_00813,CUST_318,2025-05-10,Perfume,Beauty,1,4571.72,4571.72,In-store,STORE_1,45
TXN_00814,CUST_370,2025-04-06,Top,Apparel,2,11090.38,22180.76,Online,STORE_6,221
TXN_00815,CUST_449,2025-03-07,Handbag,Accessories,3,3492.19,10476.57,Online,STORE_4,104
TXN_00816,CUST_381,2025-03-29,Coat,Apparel,2,2929.55,5859.1,Online,STORE_8,58
TXN_00817,CUST_395,2025-03-15,Jewellery,Accessories,2,4028.58,8057.16,In-store,STORE_1,80
TXN_00818,CUST_234,2025-03-04,Sunglasses,Accessories,3,3064.19,9192.57,In-store,STORE_2,91
TXN_00819,CUST_065,2025-04-19,Jewellery,Accessories,1,7686.68,7686.68,In-store,STORE_10,76
TXN_00820,CUST_375,2025-03-28,Handbag,Accessories,3,2137.39,6412.17,Online,STORE_6,64
TXN_00821,CUST_303,2025-02-04,Dress,Apparel,1,8459.78,8459.78,Online,STORE_6,84
TXN_00822,CUST_185,2025-02-08,Jewellery,Accessories,3,7851.86,23555.58,In-store,STORE_3,235
TXN_00823,CUST_465,2025-02-16,Watch,Accessories,1,1939.12,1939.12,In-store,STORE_8,19
TXN_00824,CUST_389,2025-01-04,Top,Apparel,3,2372.34,7117.02,In-store,STORE_5,71
TXN_00825,CUST_239,2025-03-11,Top,Apparel,1,3842.45,3842.45,In-store,STORE_1,38
TXN_00826,CUST_001,2025-04-15,Handbag,Accessories,3,3741.65,11224.95,In-store,STORE_5,112
TXN_00827,CUST_209,2025-01-13,Sunglasses,Accessories,2,4812.62,9625.24,In-store,STORE_8,96
TXN_00828,CUST_036,2025-03-20,Top,Apparel,3,3466.25,10398.75,Online,STORE_1,103
TXN_00829,CUST_248,2025-02-08,Jewellery,Accessories,1,3338.46,3338.46,In-store,STORE_1,33
TXN_00830,CUST_442,2025-01-02,Watch,Accessories,3,7156.22,21468.66,Online,STORE_9,214
TXN_00831,CUST_454,2025-03-22,Shoes,Footwear,3,1563.22,4689.66,Online,STORE_10,46
TXN_00832,CUST_135,2025-02-16,Top,Apparel,3,6380.37,19141.11,In-store,STORE_5,191
TXN_00833,CUST_216,2025-01-07,Dress,Apparel,2,3965.16,7930.32,In-store,STORE_7,79
TXN_00834,CUST_382,2025-04-19,Trousers,Apparel,2,10667.66,21335.32,In-store,STORE_2,213
TXN_00835,CUST_265,2025-05-04,Dress,Apparel,1,1887.05,1887.05,Online,STORE_6,18
TXN_00836,CUST_400,2025-01-27,Top,Apparel,2,3937.86,7875.72,Online,STORE_5,78
TXN_00837,CUST_272,2025-02-01,Coat,Apparel,1,3786.16,3786.16,Online,STORE_3,37
TXN_00838,CUST_236,2025-04-25,Trousers,Apparel,1,7219.13,7219.13,Online,STORE_9,72
TXN_00839,CUST_177,2025-02-12,Jewellery,Accessories,2,8675.82,17351.64,Online,STORE_10,173
TXN_00840,CUST_477,2025-01-23,Jewellery,Accessories,2,4305.13,8610.26,Online,STORE_9,86
TXN_00841,CUST_285,2025-02-07,Watch,Accessories,3,5215.77,15647.31,Online,STORE_4,156
TXN_00842,CUST_160,2025-02-17,Watch,Accessories,3,1748.36,5245.08,Online,STORE_7,52
TXN_00843,CUST_372,2025-02-10,Shoes,Footwear,1,12320.78,12320.78,In-store,STORE_5,123
TXN_00844,CUST_389,2025-05-04,Dress,Apparel,3,2112.9,6338.7,Online,STORE_9,63
TXN_00845,CUST_132,2025-03-23,Jewellery,Accessories,2,8564.8,17129.6,Online,STORE_5,171
TXN_00846,CUST_318,2025-01-26,Dress,Apparel,1,2709.62,2709.62,Online,STORE_10,27
TXN_00847,CUST_228,2025-02-18,Coat,Apparel,1,1342.02,1342.02,Online,STORE_2,13
TXN_00848,CUST_112,2025-02-03,Perfume,Beauty,3,3493.3,10479.9,Online,STORE_2,104
TXN_00849,CUST_043,2025-02-27,Sunglasses,Accessories,1,3990.41,3990.41,Online,STORE_1,39
TXN_00850,CUST_254,2025-03-24,Dress,Apparel,1,2418.84,2418.84,In-store,STORE_1,24
TXN_00851,CUST_439,2025-03-03,Handbag,Accessories,3,4058.62,12175.86,In-store,STORE_1,121
TXN_00852,CUST_015,2025-02-24,Shoes,Footwear,2,1897.75,3795.5,In-store,STORE_4,37
TXN_00853,CUST_462,2025-04-24,Handbag,Accessories,1,17083.58,17083.58,Online,STORE_7,170
TXN_00854,CUST_244,2025-03-30,Perfume,Beauty,3,16737.62,50212.86,In-store,STORE_6,502
TXN_00855,CUST_176,2025-01-05,Trousers,Apparel,2,2902.74,5805.48,In-store,STORE_4,58
TXN_00856,CUST_305,2025-04-15,Watch,Accessories,3,8388.2,25164.6,Online,STORE_4,251
TXN_00857,CUST_125,2025-01-03,Dress,Apparel,3,2677.76,8033.28,Online,STORE_6,80
TXN_00858,CUST_091,2025-03-08,Coat,Apparel,3,4217.08,12651.24,In-store,STORE_10,126
TXN_00859,CUST_460,2025-01-28,Jewellery,Accessories,2,2177.69,4355.38,In-store,STORE_9,43
TXN_00860,CUST_155,2025-03-19,Perfume,Beauty,3,1873.73,5621.19,In-store,STORE_4,56
TXN_00861,CUST_435,2025-01-17,Watch,Accessories,2,4437.64,8875.28,Online,STORE_6,88
TXN_00862,CUST_241,2025-03-20,Sunglasses,Accessories,1,6494.59,6494.59,In-store,STORE_4,64
TXN_00863,CUST_465,2025-03-20,Shoes,Footwear,1,1463.48,1463.48,Online,STORE_7,14
TXN_00864,CUST_080,2025-02-03,Coat,Apparel,3,3584.32,10752.96,Online,STORE_3,107
TXN_00865,CUST_426,2025-02-24,Dress,Apparel,2,7522.86,15045.72,In-store,STORE_3,150
TXN_00866,CUST_098,2025-02-11,Trousers,Apparel,3,7090.03,21270.09,In-store,STORE_4,212
TXN_00867,CUST_189,2025-05-09,Handbag,Accessories,2,9372.68,18745.36,Online,STORE_6,187
TXN_00868,CUST_242,2025-02-20,Jewellery,Accessories,2,2111.33,4222.66,In-store,STORE_10,42
TXN_00869,CUST_274,2025-01-06,Shoes,Footwear,2,4505.49,9010.98,Online,STORE_9,90
TXN_00870,CUST_227,2025-02-10,Dress,Apparel,1,1774.82,1774.82,In-store,STORE_4,17
TXN_00871,CUST_090,2025-03-03,Shoes,Footwear,2,1097.08,2194.16,In-store,STORE_5,21
TXN_00872,CUST_443,2025-03-29,Top,Apparel,2,11632.38,23264.76,Online,STORE_5,232
TXN_00873,CUST_118,2025-03-27,Trousers,Apparel,1,8611.52,8611.52,In-store,STORE_8,86
TXN_00874,CUST_213,2025-02-01,Top,Apparel,3,2260.02,6780.06,Online,STORE_3,67
TXN_00875,CUST_354,2025-02-27,Trousers,Apparel,1,3804.77,3804.77,In-store,STORE_5,38
TXN_00876,CUST_358,2025-01-12,Watch,Accessories,3,7719.94,23159.82,Online,STORE_2,231
TXN_00877,CUST_126,2025-01-02,Watch,Accessories,1,1885.93,1885.93,In-store,STORE_4,18
TXN_00878,CUST_157,2025-02-27,Perfume,Beauty,2,5797.6,11595.2,Online,STORE_5,115
TXN_00879,CUST_331,2025-03-22,Dress,Apparel,3,1594.11,4782.33,Online,STORE_3,47
TXN_00880,CUST_235,2025-03-04,Watch,Accessories,2,1482.92,2965.84,In-store,STORE_10,29
TXN_00881,CUST_306,2025-04-20,Jewellery,Accessories,1,15553.16,15553.16,Online,STORE_3,155
TXN_00882,CUST_236,2025-02-26,Shoes,Footwear,1,8131.92,8131.92,Online,STORE_2,81
TXN_00883,CUST_491,2025-04-29,Watch,Accessories,2,8297.89,16595.78,Online,STORE_6,165
TXN_00884,CUST_460,2025-02-20,Perfume,Beauty,1,2286.91,2286.91,Online,STORE_3,22
TXN_00885,CUST_339,2025-01-19,Trousers,Apparel,1,17734.89,17734.89,Online,STORE_3,177
TXN_00886,CUST_326,2025-03-14,Sunglasses,Accessories,3,7362.08,22086.24,Online,STORE_2,220
TXN_00887,CUST_317,2025-04-28,Dress,Apparel,3,3859.14,11577.42,Online,STORE_10,115
TXN_00888,CUST_208,2025-01-08,Watch,Accessories,2,9419.55,18839.1,Online,STORE_5,188
TXN_00889,CUST_209,2025-05-01,Trousers,Apparel,2,6215.23,12430.46,In-store,STORE_7,124
TXN_00890,CUST_097,2025-04-17,Trousers,Apparel,3,8499.78,25499.34,In-store,STORE_5,254
TXN_00891,CUST_233,2025-01-20,Watch,Accessories,2,4285.04,8570.08,Online,STORE_7,85
TXN_00892,CUST_308,2025-05-03,Watch,Accessories,2,2256.69,4513.38,In-store,STORE_8,45
TXN_00893,CUST_430,2025-02-04,Trousers,Apparel,1,2085.72,2085.72,In-store,STORE_4,20
TXN_00894,CUST_161,2025-03-21,Handbag,Accessories,3,3565.23,10695.69,Online,STORE_10,106
TXN_00895,CUST_102,2025-04-11,Watch,Accessories,3,1850.1,5550.3,Online,STORE_7,55
TXN_00896,CUST_409,2025-03-13,Watch,Accessories,2,1982.46,3964.92,Online,STORE_8,39
TXN_00897,CUST_181,2025-04-25,Handbag,Accessories,3,7128.53,21385.59,Online,STORE_1,213
TXN_00898,CUST_268,2025-01-20,Coat,Apparel,3,3809.09,11427.27,Online,STORE_7,114
TXN_00899,CUST_135,2025-01-19,Top,Apparel,2,7510.4,15020.8,In-store,STORE_8,150
TXN_00900,CUST_113,2025-05-07,Shoes,Footwear,3,13636.48,40909.44,In-store,STORE_9,409
TXN_00901,CUST_472,2025-02-01,Coat,Apparel,2,5479.21,10958.42,In-store,STORE_10,109
TXN_00902,CUST_257,2025-02-02,Dress,Apparel,1,1448.64,1448.64,Online,STORE_7,14
TXN_00903,CUST_009,2025-04-16,Jewellery,Accessories,3,3810.14,11430.42,In-store,STORE_4,114
TXN_00904,CUST_377,2025-04-09,Sunglasses,Accessories,2,4576.69,9153.38,Online,STORE_4,91
TXN_00905,CUST_249,2025-04-30,Jewellery,Accessories,1,3430.04,3430.04,In-store,STORE_3,34
TXN_00906,CUST_494,2025-01-10,Trousers,Apparel,2,2594.81,5189.62,Online,STORE_3,51
TXN_00907,CUST_463,2025-02-12,Coat,Apparel,3,8428.65,25285.95,In-store,STORE_6,252
TXN_00908,CUST_286,2025-01-30,Jewellery,Accessories,2,13477.77,26955.54,In-store,STORE_7,269
TXN_00909,CUST_301,2025-04-21,Perfume,Beauty,2,1980.56,3961.12,In-store,STORE_10,39
TXN_00910,CUST_421,2025-02-15,Shoes,Footwear,1,2733.68,2733.68,In-store,STORE_8,27
TXN_00911,CUST_231,2025-05-04,Watch,Accessories,1,4996.09,4996.09,In-store,STORE_8,49
TXN_00912,CUST_493,2025-01-20,Top,Apparel,3,1881.6,5644.8,In-store,STORE_3,56
TXN_00913,CUST_229,2025-01-13,Top,Apparel,1,10377.77,10377.77,Online,STORE_9,103
TXN_00914,CUST_287,2025-04-24,Handbag,Accessories,3,4872.52,14617.56,In-store,STORE_9,146
TXN_00915,CUST_053,2025-03-07,Top,Apparel,1,4453.06,4453.06,In-store,STORE_7,44
TXN_00916,CUST_162,2025-03-10,Top,Apparel,1,1783.56,1783.56,In-store,STORE_10,17
TXN_00917,CUST_269,2025-04-20,Handbag,Accessories,1,4076.71,4076.71,Online,STORE_2,40
TXN_00918,CUST_311,2025-03-13,Shoes,Footwear,1,8890.53,8890.53,In-store,STORE_8,88
TXN_00919,CUST_304,2025-02-20,Coat,Apparel,3,9783.33,29349.99,In-store,STORE_6,293
TXN_00920,CUST_459,2025-04-01,Dress,Apparel,1,3061.09,3061.09,In-store,STORE_7,30
TXN_00921,CUST_087,2025-03-30,Shoes,Footwear,2,17228.86,34457.72,In-store,STORE_8,344
TXN_00922,CUST_012,2025-01-21,Handbag,Accessories,3,6052.73,18158.19,Online,STORE_2,181
TXN_00923,CUST_348,2025-03-20,Watch,Accessories,2,3963.51,7927.02,Online,STORE_2,79
TXN_00924,CUST_268,2025-01-10,Shoes,Footwear,3,2991.57,8974.71,In-store,STORE_1,89
TXN_00925,CUST_041,2025-03-16,Handbag,Accessories,1,16068.79,16068.79,Online,STORE_2,160
TXN_00926,CUST_154,2025-01-11,Jewellery,Accessories,3,2281.38,6844.14,Online,STORE_7,68
TXN_00927,CUST_305,2025-01-20,Watch,Accessories,2,7060.65,14121.3,Online,STORE_4,141
TXN_00928,CUST_348,2025-01-28,Trousers,Apparel,2,4317.72,8635.44,Online,STORE_3,86
TXN_00929,CUST_483,2025-04-02,Top,Apparel,1,11569.02,11569.02,In-store,STORE_10,115
TXN_00930,CUST_131,2025-04-25,Watch,Accessories,1,1655.1,1655.1,In-store,STORE_4,16
TXN_00931,CUST_068,2025-02-09,Dress,Apparel,1,2157.7,2157.7,Online,STORE_1,21
TXN_00932,CUST_424,2025-02-15,Top,Apparel,2,2211.9,4423.8,In-store,STORE_5,44
TXN_00933,CUST_390,2025-04-28,Top,Apparel,1,2063.78,2063.78,Online,STORE_9,20
TXN_00934,CUST_039,2025-03-21,Top,Apparel,2,4326.38,8652.76,In-store,STORE_1,86
TXN_00935,CUST_037,2025-04-03,Watch,Accessories,3,3278.85,9836.55,In-store,STORE_9,98
TXN_00936,CUST_320,2025-01-31,Shoes,Footwear,3,2311.59,6934.77,Online,STORE_7,69
TXN_00937,CUST_130,2025-02-14,Trousers,Apparel,3,9931.71,29795.13,Online,STORE_7,297
TXN_00938,CUST_093,2025-04-02,Shoes,Footwear,2,3890.05,7780.1,Online,STORE_7,77
TXN_00939,CUST_368,2025-04-02,Watch,Accessories,3,3523.67,10571.01,Online,STORE_6,105
TXN_00940,CUST_156,2025-01-16,Shoes,Footwear,1,2632.05,2632.05,In-store,STORE_8,26
TXN_00941,CUST_217,2025-01-09,Watch,Accessories,1,6459.6,6459.6,Online,STORE_3,64
TXN_00942,CUST_490,2025-02-24,Dress,Apparel,2,3597.88,7195.76,Online,STORE_9,71
TXN_00943,CUST_139,2025-03-05,Dress,Apparel,1,3561.21,3561.21,In-store,STORE_2,35
TXN_00944,CUST_203,2025-03-10,Jewellery,Accessories,3,2296.18,6888.54,Online,STORE_10,68
TXN_00945,CUST_230,2025-01-04,Perfume,Beauty,1,3568.57,3568.57,Online,STORE_1,35
TXN_00946,CUST_128,2025-03-13,Top,Apparel,1,3178.03,3178.03,In-store,STORE_4,31
TXN_00947,CUST_096,2025-03-26,Watch,Accessories,3,4457.75,13373.25,Online,STORE_7,133
TXN_00948,CUST_005,2025-03-15,Handbag,Accessories,1,15596.37,15596.37,Online,STORE_5,155
TXN_00949,CUST_028,2025-03-10,Watch,Accessories,3,19846.7,59540.1,In-store,STORE_5,595
TXN_00950,CUST_009,2025-01-05,Handbag,Accessories,2,3464.85,6929.7,In-store,STORE_5,69
TXN_00951,CUST_064,2025-04-18,Dress,Apparel,3,20382.47,61147.41,Online,STORE_6,611
TXN_00952,CUST_174,2025-04-05,Watch,Accessories,2,1545.11,3090.22,Online,STORE_5,30
TXN_00953,CUST_067,2025-03-09,Watch,Accessories,2,1985.58,3971.16,In-store,STORE_3,39
TXN_00954,CUST_424,2025-03-31,Dress,Apparel,3,2244.9,6734.7,In-store,STORE_9,67
TXN_00955,CUST_091,2025-04-03,Shoes,Footwear,3,2823.04,8469.12,Online,STORE_2,84
TXN_00956,CUST_487,2025-01-02,Jewellery,Accessories,1,1951.6,1951.6,In-store,STORE_6,19
TXN_00957,CUST_078,2025-03-16,Shoes,Footwear,2,3694.49,7388.98,Online,STORE_6,73
TXN_00958,CUST_309,2025-01-31,Shoes,Footwear,3,2317.99,6953.97,In-store,STORE_10,69
TXN_00959,CUST_171,2025-01-01,Shoes,Footwear,2,1932.53,3865.06,Online,STORE_8,38
TXN_00960,CUST_027,2025-04-18,Coat,Apparel,1,4977.94,4977.94,In-store,STORE_4,49
TXN_00961,CUST_403,2025-04-24,Top,Apparel,2,3873.61,7747.22,In-store,STORE_2,77
TXN_00962,CUST_474,2025-01-06,Trousers,Apparel,3,2222.96,6668.88,In-store,STORE_9,66
TXN_00963,CUST_145,2025-02-12,Coat,Apparel,1,5868.41,5868.41,In-store,STORE_5,58
TXN_00964,CUST_416,2025-04-30,Handbag,Accessories,3,1525.98,4577.94,Online,STORE_2,45
TXN_00965,CUST_002,2025-05-10,Sunglasses,Accessories,3,8545.54,25636.62,Online,STORE_7,256
TXN_00966,CUST_220,2025-03-02,Handbag,Accessories,3,4404.51,13213.53,In-store,STORE_9,132
TXN_00967,CUST_135,2025-03-19,Dress,Apparel,1,9570.71,9570.71,In-store,STORE_9,95
TXN_00968,CUST_454,2025-05-07,Sunglasses,Accessories,2,2050.97,4101.94,Online,STORE_4,41
TXN_00969,CUST_476,2025-04-23,Shoes,Footwear,2,1390.2,2780.4,In-store,STORE_6,27
TXN_00970,CUST_411,2025-04-22,Handbag,Accessories,1,3293.89,3293.89,In-store,STORE_10,32
TXN_00971,CUST_463,2025-01-01,Watch,Accessories,1,7612.31,7612.31,Online,STORE_1,76
TXN_00972,CUST_398,2025-04-02,Watch,Accessories,3,7566.05,22698.15,In-store,STORE_5,226
TXN_00973,CUST_250,2025-02-07,Top,Apparel,3,2155.62,6466.86,In-store,STORE_10,64
TXN_00974,CUST_031,2025-02-06,Handbag,Accessories,1,1846.16,1846.16,In-store,STORE_10,18
TXN_00975,CUST_168,2025-04-25,Handbag,Accessories,3,1700.99,5102.97,Online,STORE_3,51
TXN_00976,CUST_042,2025-02-13,Dress,Apparel,2,3508.06,7016.12,Online,STORE_9,70
TXN_00977,CUST_485,2025-04-25,Perfume,Beauty,3,8655.15,25965.45,In-store,STORE_8,259
TXN_00978,CUST_231,2025-01-02,Shoes,Footwear,2,2873.12,5746.24,Online,STORE_9,57
TXN_00979,CUST_485,2025-03-19,Dress,Apparel,2,13680.07,27360.14,Online,STORE_7,273
TXN_00980,CUST_334,2025-01-08,Dress,Apparel,1,8610.31,8610.31,In-store,STORE_8,86
TXN_00981,CUST_110,2025-02-01,Dress,Apparel,1,13838.04,13838.04,Online,STORE_1,138
TXN_00982,CUST_444,2025-05-04,Shoes,Footwear,2,3354.6,6709.2,In-store,STORE_8,67
TXN_00983,CUST_112,2025-03-26,Handbag,Accessories,3,3421.26,10263.78,Online,STORE_4,102
TXN_00984,CUST_307,2025-01-24,Sunglasses,Accessories,3,3183.68,9551.04,Online,STORE_8,95
TXN_00985,CUST_228,2025-04-08,Trousers,Apparel,3,1386.14,4158.42,In-store,STORE_9,41
TXN_00986,CUST_382,2025-02-16,Coat,Apparel,1,9046.11,9046.11,In-store,STORE_7,90
TXN_00987,CUST_497,2025-01-16,Top,Apparel,3,5332.29,15996.87,In-store,STORE_8,159
TXN_00988,CUST_083,2025-01-05,Top,Apparel,3,1585.82,4757.46,Online,STORE_6,47
TXN_00989,CUST_312,2025-01-06,Jewellery,Accessories,1,4094.46,4094.46,In-store,STORE_2,40
TXN_00990,CUST_290,2025-05-06,Sunglasses,Accessories,2,14385.78,28771.56,Online,STORE_8,287
TXN_00991,CUST_113,2025-03-13,Watch,Accessories,2,16877.78,33755.56,Online,STORE_4,337
TXN_00992,CUST_197,2025-03-08,Coat,Apparel,2,12956.7,25913.4,Online,STORE_2,259
TXN_00993,CUST_407,2025-02-10,Coat,Apparel,1,4439.94,4439.94,Online,STORE_3,44
TXN_00994,CUST_252,2025-02-23,Handbag,Accessories,3,3579.43,10738.29,Online,STORE_7,107
TXN_00995,CUST_430,2025-04-16,Sunglasses,Accessories,3,1678.75,5036.25,In-store,STORE_10,50
TXN_00996,CUST_111,2025-03-30,Watch,Accessories,1,12824.67,12824.67,In-store,STORE_10,128
TXN_00997,CUST_282,2025-01-27,Trousers,Apparel,3,3588.18,10764.54,Online,STORE_1,107
TXN_00998,CUST_398,2025-02-05,Trousers,Apparel,1,8896.64,8896.64,Online,STORE_7,88
TXN_00999,CUST_128,2025-04-26,Dress,Apparel,1,5165.09,5165.09,Online,STORE_5,51
TXN_01000,CUST_461,2025-02-12,Watch,Accessories,3,2373.67,7121.01,In-store,STORE_2,71
TXN_01001,CUST_001,2025-02-07,Jewellery,Accessories,1,4985.85,4985.85,In-store,STORE_2,49
TXN_01002,CUST_064,2025-03-01,Top,Apparel,1,13193.64,13193.64,Online,STORE_3,131
TXN_01003,CUST_426,2025-03-14,Top,Apparel,3,6592.58,19777.74,Online,STORE_5,197
TXN_01004,CUST_343,2025-03-24,Dress,Apparel,3,4437.49,13312.47,Online,STORE_10,133
TXN_01005,CUST_453,2025-01-11,Shoes,Footwear,3,1720.27,5160.81,In-store,STORE_2,51
TXN_01006,CUST_319,2025-02-01,Top,Apparel,2,2136.08,4272.16,In-store,STORE_10,42
TXN_01007,CUST_487,2025-05-03,Dress,Apparel,2,1827.22,3654.44,Online,STORE_8,36
TXN_01008,CUST_104,2025-03-18,Shoes,Footwear,1,10426.55,10426.55,In-store,STORE_4,104
TXN_01009,CUST_229,2025-01-05,Top,Apparel,3,9419.24,28257.72,In-store,STORE_9,282
TXN_01010,CUST_430,2025-04-28,Trousers,Apparel,2,2137.83,4275.66,In-store,STORE_8,42
TXN_01011,CUST_051,2025-01-18,Handbag,Accessories,2,6510.98,13021.96,Online,STORE_8,130
TXN_01012,CUST_195,2025-01-04,Dress,Apparel,1,9778.06,9778.06,Online,STORE_7,97
TXN_01013,CUST_332,2025-02-27,Jewellery,Accessories,1,3643.62,3643.62,Online,STORE_4,36
TXN_01014,CUST_437,2025-04-25,Sunglasses,Accessories,1,3598.39,3598.39,In-store,STORE_8,35
TXN_01015,CUST_158,2025-03-20,Shoes,Footwear,3,7841.83,23525.49,In-store,STORE_5,235
TXN_01016,CUST_104,2025-01-25,Watch,Accessories,2,8599.01,17198.02,Online,STORE_7,171
TXN_01017,CUST_222,2025-03-14,Handbag,Accessories,2,3352.85,6705.7,Online,STORE_1,67
TXN_01018,CUST_312,2025-04-03,Jewellery,Accessories,1,10224.86,10224.86,In-store,STORE_2,102
TXN_01019,CUST_267,2025-03-22,Shoes,Footwear,3,6420.37,19261.11,Online,STORE_2,192
TXN_01020,CUST_429,2025-04-20,Handbag,Accessories,2,1950.42,3900.84,In-store,STORE_2,39
TXN_01021,CUST_282,2025-03-23,Coat,Apparel,2,4173.97,8347.94,In-store,STORE_7,83
TXN_01022,CUST_452,2025-05-02,Shoes,Footwear,1,11795.41,11795.41,Online,STORE_3,117
TXN_01023,CUST_377,2025-03-28,Sunglasses,Accessories,3,4213.83,12641.49,In-store,STORE_7,126
TXN_01024,CUST_035,2025-03-08,Coat,Apparel,1,4203.41,4203.41,In-store,STORE_4,42
TXN_01025,CUST_007,2025-05-06,Jewellery,Accessories,2,2652.77,5305.54,In-store,STORE_10,53
TXN_01026,CUST_354,2025-01-23,Sunglasses,Accessories,1,3690.82,3690.82,Online,STORE_5,36
TXN_01027,CUST_110,2025-03-29,Jewellery,Accessories,3,10984.85,32954.55,Online,STORE_5,329
TXN_01028,CUST_076,2025-02-15,Shoes,Footwear,2,4305.59,8611.18,In-store,STORE_9,86
TXN_01029,CUST_227,2025-01-07,Dress,Apparel,3,1520.98,4562.94,Online,STORE_5,45
TXN_01030,CUST_089,2025-03-14,Trousers,Apparel,1,6853.74,6853.74,Online,STORE_9,68
TXN_01031,CUST_137,2025-02-05,Top,Apparel,3,3758.57,11275.71,Online,STORE_2,112
TXN_01032,CUST_469,2025-04-08,Dress,Apparel,3,2839.17,8517.51,In-store,STORE_2,85
TXN_01033,CUST_208,2025-02-17,Watch,Accessories,1,7842.83,7842.83,In-store,STORE_9,78
TXN_01034,CUST_112,2025-02-23,Jewellery,Accessories,3,4487.6,13462.8,Online,STORE_10,134
TXN_01035,CUST_232,2025-01-12,Watch,Accessories,1,11941.05,11941.05,In-store,STORE_9,119
TXN_01036,CUST_353,2025-01-30,Dress,Apparel,1,7655.45,7655.45,In-store,STORE_7,76
TXN_01037,CUST_397,2025-03-14,Coat,Apparel,3,9314.64,27943.92,In-store,STORE_1,279
TXN_01038,CUST_414,2025-02-23,Jewellery,Accessories,3,1442.27,4326.81,In-store,STORE_6,43
TXN_01039,CUST_342,2025-04-07,Watch,Accessories,1,2608.78,2608.78,Online,STORE_5,26
TXN_01040,CUST_409,2025-04-03,Watch,Accessories,1,1395.26,1395.26,In-store,STORE_2,13
TXN_01041,CUST_280,2025-02-18,Shoes,Footwear,3,2403.67,7211.01,In-store,STORE_9,72
TXN_01042,CUST_444,2025-01-19,Coat,Apparel,1,2490.31,2490.31,In-store,STORE_3,24
TXN_01043,CUST_244,2025-04-22,Handbag,Accessories,1,13344.75,13344.75,In-store,STORE_6,133
TXN_01044,CUST_101,2025-03-07,Dress,Apparel,1,14395.73,14395.73,In-store,STORE_6,143
TXN_01045,CUST_221,2025-04-17,Jewellery,Accessories,2,7748.79,15497.58,In-store,STORE_5,154
TXN_01046,CUST_232,2025-04-24,Trousers,Apparel,2,8727.82,17455.64,Online,STORE_9,174
TXN_01047,CUST_048,2025-01-20,Top,Apparel,2,7543.16,15086.32,In-store,STORE_2,150
TXN_01048,CUST_225,2025-01-18,Watch,Accessories,1,8405.52,8405.52,Online,STORE_2,84
TXN_01049,CUST_107,2025-04-03,Trousers,Apparel,2,4699.26,9398.52,In-store,STORE_4,93
TXN_01050,CUST_423,2025-05-07,Shoes,Footwear,3,2710.66,8131.98,In-store,STORE_1,81
TXN_01051,CUST_280,2025-01-01,Trousers,Apparel,1,5538.47,5538.47,In-store,STORE_10,55
TXN_01052,CUST_278,2025-01-08,Coat,Apparel,2,6809.63,13619.26,Online,STORE_8,136
TXN_01053,CUST_320,2025-03-08,Shoes,Footwear,2,1653.2,3306.4,Online,STORE_1,33
TXN_01054,CUST_225,2025-01-18,Shoes,Footwear,3,5629.95,16889.85,Online,STORE_3,168
TXN_01055,CUST_317,2025-01-12,Dress,Apparel,1,3807.09,3807.09,Online,STORE_7,38
TXN_01056,CUST_314,2025-05-10,Jewellery,Accessories,2,2770.52,5541.04,In-store,STORE_5,55
TXN_01057,CUST_462,2025-01-07,Dress,Apparel,3,15628.07,46884.21,Online,STORE_9,468
TXN_01058,CUST_269,2025-04-04,Dress,Apparel,1,3959.09,3959.09,Online,STORE_4,39
TXN_01059,CUST_286,2025-04-09,Top,Apparel,3,14512.35,43537.05,In-store,STORE_8,435
TXN_01060,CUST_281,2025-04-23,Shoes,Footwear,2,1906.39,3812.78,Online,STORE_2,38
TXN_01061,CUST_491,2025-05-04,Shoes,Footwear,2,8606.39,17212.78,In-store,STORE_7,172
TXN_01062,CUST_126,2025-02-05,Watch,Accessories,2,1965.98,3931.96,Online,STORE_6,39
TXN_01063,CUST_349,2025-02-21,Shoes,Footwear,3,8851.99,26555.97,In-store,STORE_8,265
TXN_01064,CUST_135,2025-03-24,Jewellery,Accessories,2,8708.82,17417.64,In-store,STORE_4,174
TXN_01065,CUST_313,2025-03-26,Trousers,Apparel,1,13262.41,13262.41,Online,STORE_7,132
TXN_01066,CUST_356,2025-01-01,Dress,Apparel,3,13350.13,40050.39,In-store,STORE_6,400
TXN_01067,CUST_245,2025-03-24,Handbag,Accessories,1,19992.06,19992.06,In-store,STORE_6,199
TXN_01068,CUST_066,2025-03-24,Shoes,Footwear,1,5289.33,5289.33,Online,STORE_9,52
TXN_01069,CUST_031,2025-05-09,Dress,Apparel,3,1593.73,4781.19,In-store,STORE_7,47
TXN_01070,CUST_406,2025-02-20,Watch,Accessories,3,3977.39,11932.17,In-store,STORE_4,119
TXN_01071,CUST_393,2025-02-26,Trousers,Apparel,1,13344.09,13344.09,In-store,STORE_8,133
TXN_01072,CUST_220,2025-02-10,Jewellery,Accessories,1,4798.3,4798.3,In-store,STORE_10,47
TXN_01073,CUST_149,2025-03-28,Perfume,Beauty,2,3086.12,6172.24,In-store,STORE_6,61
TXN_01074,CUST_155,2025-03-20,Handbag,Accessories,1,2031.44,2031.44,Online,STORE_7,20
TXN_01075,CUST_449,2025-02-09,Top,Apparel,3,3569.52,10708.56,In-store,STORE_9,107
TXN_01076,CUST_387,2025-02-27,Jewellery,Accessories,1,4400.36,4400.36,In-store,STORE_7,44
TXN_01077,CUST_016,2025-04-29,Handbag,Accessories,1,4109.51,4109.51,Online,STORE_2,41
TXN_01078,CUST_277,2025-01-09,Handbag,Accessories,2,13078.54,26157.08,Online,STORE_6,261
TXN_01079,CUST_198,2025-04-14,Shoes,Footwear,3,4530.59,13591.77,In-store,STORE_1,135
TXN_01080,CUST_251,2025-05-04,Watch,Accessories,2,13282.47,26564.94,Online,STORE_7,265
TXN_01081,CUST_160,2025-01-04,Shoes,Footwear,2,1877.28,3754.56,In-store,STORE_5,37
TXN_01082,CUST_223,2025-01-07,Shoes,Footwear,3,2312.61,6937.83,In-store,STORE_2,69
TXN_01083,CUST_443,2025-03-01,Handbag,Accessories,2,7967.62,15935.24,Online,STORE_2,159
TXN_01084,CUST_343,2025-02-20,Jewellery,Accessories,1,4417.2,4417.2,In-store,STORE_8,44
TXN_01085,CUST_003,2025-02-16,Dress,Apparel,3,1558.7,4676.1,Online,STORE_4,46
TXN_01086,CUST_065,2025-04-13,Top,Apparel,3,8877.56,26632.68,In-store,STORE_10,266
TXN_01087,CUST_392,2025-04-29,Perfume,Beauty,1,6488.08,6488.08,In-store,STORE_10,64
TXN_01088,CUST_033,2025-02-05,Watch,Accessories,1,12545.56,12545.56,In-store,STORE_8,125
TXN_01089,CUST_027,2025-01-21,Shoes,Footwear,1,2540.62,2540.62,In-store,STORE_1,25
TXN_01090,CUST_268,2025-04-22,Watch,Accessories,2,2840.73,5681.46,In-store,STORE_3,56
TXN_01091,CUST_019,2025-02-19,Shoes,Footwear,3,21271.17,63813.51,In-store,STORE_9,638
TXN_01092,CUST_002,2025-01-20,Watch,Accessories,2,8592.56,17185.12,In-store,STORE_2,171
TXN_01093,CUST_258,2025-04-16,Watch,Accessories,2,2048.37,4096.74,In-store,STORE_1,40
TXN_01094,CUST_431,2025-03-21,Dress,Apparel,1,4080.47,4080.47,In-store,STORE_3,40
TXN_01095,CUST_300,2025-01-05,Shoes,Footwear,1,5381.02,5381.02,In-store,STORE_1,53
TXN_01096,CUST_025,2025-03-16,Coat,Apparel,3,3618.38,10855.14,Online,STORE_10,108
TXN_01097,CUST_325,2025-03-07,Watch,Accessories,1,6291.94,6291.94,In-store,STORE_10,62
TXN_01098,CUST_083,2025-01-12,Perfume,Beauty,2,2065.65,4131.3,In-store,STORE_10,41
TXN_01099,CUST_096,2025-04-06,Shoes,Footwear,1,5264.66,5264.66,In-store,STORE_3,52
TXN_01100,CUST_029,2025-01-26,Trousers,Apparel,3,3391.65,10174.95,In-store,STORE_10,101
TXN_01101,CUST_010,2025-01-22,Trousers,Apparel,3,8744.04,26232.12,Online,STORE_10,262
TXN_01102,CUST_112,2025-03-11,Handbag,Accessories,2,4467.07,8934.14,In-store,STORE_5,89
TXN_01103,CUST_225,2025-04-16,Shoes,Footwear,2,8747.64,17495.28,In-store,STORE_7,174
TXN_01104,CUST_193,2025-01-03,Dress,Apparel,1,3690.63,3690.63,Online,STORE_7,36
TXN_01105,CUST_190,2025-04-14,Watch,Accessories,1,2180.64,2180.64,Online,STORE_8,21
TXN_01106,CUST_398,2025-01-30,Shoes,Footwear,3,7944.31,23832.93,In-store,STORE_4,238
TXN_01107,CUST_046,2025-04-29,Shoes,Footwear,1,2774.55,2774.55,Online,STORE_10,27
TXN_01108,CUST_032,2025-04-11,Dress,Apparel,2,2192.88,4385.76,Online,STORE_8,43
TXN_01109,CUST_013,2025-01-02,Jewellery,Accessories,3,2233.8,6701.4,In-store,STORE_6,67
TXN_01110,CUST_428,2025-02-23,Trousers,Apparel,1,6960.58,6960.58,In-store,STORE_5,69
TXN_01111,CUST_404,2025-01-03,Handbag,Accessories,2,10476.43,20952.86,Online,STORE_9,209
TXN_01112,CUST_255,2025-02-28,Perfume,Beauty,1,8621.87,8621.87,In-store,STORE_2,86
TXN_01113,CUST_182,2025-02-16,Handbag,Accessories,2,7336.83,14673.66,In-store,STORE_4,146
TXN_01114,CUST_084,2025-04-07,Trousers,Apparel,3,18812.82,56438.46,In-store,STORE_3,564
TXN_01115,CUST_307,2025-04-02,Sunglasses,Accessories,1,3801.01,3801.01,Online,STORE_9,38
TXN_01116,CUST_039,2025-04-20,Jewellery,Accessories,3,4883.49,14650.47,Online,STORE_10,146
TXN_01117,CUST_437,2025-01-19,Trousers,Apparel,2,4427.91,8855.82,Online,STORE_2,88
TXN_01118,CUST_323,2025-01-05,Shoes,Footwear,1,5328.21,5328.21,Online,STORE_7,53
TXN_01119,CUST_499,2025-03-24,Top,Apparel,3,14958.71,44876.13,In-store,STORE_6,448
TXN_01120,CUST_093,2025-05-09,Coat,Apparel,3,3415.1,10245.3,Online,STORE_1,102
TXN_01121,CUST_449,2025-02-14,Dress,Apparel,2,3806.98,7613.96,Online,STORE_3,76
TXN_01122,CUST_360,2025-04-22,Handbag,Accessories,3,3816.02,11448.06,In-store,STORE_9,114
TXN_01123,CUST_450,2025-03-11,Watch,Accessories,3,3024.11,9072.33,Online,STORE_9,90
TXN_01124,CUST_327,2025-03-13,Top,Apparel,1,8747.81,8747.81,Online,STORE_9,87
TXN_01125,CUST_315,2025-01-26,Top,Apparel,2,8896.3,17792.6,Online,STORE_10,177
TXN_01126,CUST_031,2025-02-20,Dress,Apparel,3,1713.82,5141.46,Online,STORE_6,51
TXN_01127,CUST_307,2025-02-02,Shoes,Footwear,2,4410.42,8820.84,In-store,STORE_4,88
TXN_01128,CUST_491,2025-04-30,Shoes,Footwear,3,7028.69,21086.07,In-store,STORE_6,210
TXN_01129,CUST_078,2025-04-20,Shoes,Footwear,1,3848.27,3848.27,Online,STORE_4,38
TXN_01130,CUST_378,2025-02-10,Top,Apparel,1,2381.46,2381.46,In-store,STORE_1,23
TXN_01131,CUST_224,2025-04-19,Watch,Accessories,1,4849.18,4849.18,In-store,STORE_4,48
TXN_01132,CUST_164,2025-01-27,Trousers,Apparel,3,4230.35,12691.05,Online,STORE_7,126
TXN_01133,CUST_041,2025-01-14,Dress,Apparel,1,19273.53,19273.53,In-store,STORE_3,192
TXN_01134,CUST_016,2025-02-16,Dress,Apparel,3,4276.63,12829.89,In-store,STORE_6,128
TXN_01135,CUST_109,2025-01-13,Sunglasses,Accessories,1,4244.99,4244.99,In-store,STORE_9,42
TXN_01136,CUST_182,2025-02-01,Handbag,Accessories,3,7837.79,23513.37,In-store,STORE_7,235
TXN_01137,CUST_126,2025-03-24,Shoes,Footwear,2,1587.93,3175.86,Online,STORE_9,31
TXN_01138,CUST_040,2025-02-03,Handbag,Accessories,2,1029.68,2059.36,In-store,STORE_3,20
TXN_01139,CUST_085,2025-01-04,Handbag,Accessories,1,2273.14,2273.14,In-store,STORE_9,22
TXN_01140,CUST_433,2025-03-26,Top,Apparel,1,8731.36,8731.36,In-store,STORE_2,87
TXN_01141,CUST_295,2025-01-03,Watch,Accessories,2,13696.43,27392.86,Online,STORE_8,273
TXN_01142,CUST_148,2025-05-06,Dress,Apparel,1,3566.6,3566.6,Online,STORE_5,35
TXN_01143,CUST_428,2025-01-31,Watch,Accessories,2,5587.22,11174.44,Online,STORE_3,111
TXN_01144,CUST_264,2025-04-30,Perfume,Beauty,1,3012.99,3012.99,In-store,STORE_10,30
TXN_01145,CUST_147,2025-04-26,Handbag,Accessories,3,7246.88,21740.64,Online,STORE_4,217
TXN_01146,CUST_090,2025-01-03,Shoes,Footwear,1,2272.98,2272.98,Online,STORE_2,22
TXN_01147,CUST_385,2025-04-12,Perfume,Beauty,2,6771.61,13543.22,In-store,STORE_2,135
TXN_01148,CUST_397,2025-01-09,Shoes,Footwear,2,10073.1,20146.2,In-store,STORE_4,201
TXN_01149,CUST_312,2025-03-11,Dress,Apparel,3,5080.58,15241.74,In-store,STORE_7,152
TXN_01150,CUST_279,2025-05-08,Dress,Apparel,3,4971.7,14915.1,In-store,STORE_8,149
TXN_01151,CUST_467,2025-01-02,Watch,Accessories,3,6868.6,20605.8,In-store,STORE_5,206
TXN_01152,CUST_140,2025-03-31,Dress,Apparel,3,9352.27,28056.81,Online,STORE_2,280
TXN_01153,CUST_085,2025-03-02,Jewellery,Accessories,3,2087.2,6261.6,Online,STORE_8,62
TXN_01154,CUST_476,2025-01-28,Trousers,Apparel,2,1941.1,3882.2,In-store,STORE_7,38
TXN_01155,CUST_316,2025-01-13,Shoes,Footwear,3,8059.21,24177.63,In-store,STORE_10,241
TXN_01156,CUST_362,2025-04-28,Top,Apparel,1,3575.21,3575.21,Online,STORE_1,35
TXN_01157,CUST_252,2025-05-07,Dress,Apparel,1,3523.54,3523.54,In-store,STORE_2,35
TXN_01158,CUST_454,2025-03-13,Trousers,Apparel,3,2186.59,6559.77,In-store,STORE_7,65
TXN_01159,CUST_358,2025-04-03,Watch,Accessories,1,9691.85,9691.85,In-store,STORE_3,96
TXN_01160,CUST_391,2025-01-08,Dress,Apparel,3,7420.42,22261.26,In-store,STORE_5,222
TXN_01161,CUST_382,2025-01-08,Shoes,Footwear,3,16691.22,50073.66,Online,STORE_5,500
TXN_01162,CUST_230,2025-01-19,Jewellery,Accessories,3,3972.7,11918.1,Online,STORE_10,119
TXN_01163,CUST_226,2025-04-29,Trousers,Apparel,2,2206.29,4412.58,In-store,STORE_10,44
TXN_01164,CUST_068,2025-02-22,Handbag,Accessories,1,1784.22,1784.22,Online,STORE_1,17
TXN_01165,CUST_072,2025-01-20,Shoes,Footwear,2,14907.77,29815.54,Online,STORE_9,298
TXN_01166,CUST_383,2025-01-01,Sunglasses,Accessories,3,4479.65,13438.95,Online,STORE_6,134
TXN_01167,CUST_122,2025-04-19,Top,Apparel,3,8250.31,24750.93,In-store,STORE_7,247
TXN_01168,CUST_144,2025-02-07,Watch,Accessories,1,12794.82,12794.82,Online,STORE_10,127
TXN_01169,CUST_498,2025-01-19,Trousers,Apparel,2,5958.83,11917.66,Online,STORE_5,119
TXN_01170,CUST_471,2025-02-11,Dress,Apparel,1,16386.99,16386.99,Online,STORE_10,163
TXN_01171,CUST_220,2025-04-14,Jewellery,Accessories,1,3454.17,3454.17,In-store,STORE_1,34
TXN_01172,CUST_418,2025-02-14,Watch,Accessories,1,8640.72,8640.72,In-store,STORE_8,86
TXN_01173,CUST_091,2025-01-28,Sunglasses,Accessories,3,3843.96,11531.88,Online,STORE_8,115
TXN_01174,CUST_163,2025-04-16,Shoes,Footwear,1,4042.19,4042.19,In-store,STORE_3,40
TXN_01175,CUST_375,2025-01-21,Perfume,Beauty,1,2808.45,2808.45,In-store,STORE_2,28
TXN_01176,CUST_464,2025-04-08,Dress,Apparel,3,4953.09,14859.27,In-store,STORE_6,148
TXN_01177,CUST_355,2025-04-01,Watch,Accessories,3,2216.94,6650.82,In-store,STORE_1,66
TXN_01178,CUST_322,2025-01-20,Jewellery,Accessories,1,7578.11,7578.11,In-store,STORE_3,75
TXN_01179,CUST_259,2025-05-04,Watch,Accessories,3,4422.26,13266.78,In-store,STORE_3,132
TXN_01180,CUST_267,2025-03-17,Sunglasses,Accessories,1,11505.3,11505.3,Online,STORE_6,115
TXN_01181,CUST_275,2025-03-02,Top,Apparel,3,2045.45,6136.35,Online,STORE_9,61
TXN_01182,CUST_314,2025-04-02,Handbag,Accessories,2,3606.35,7212.7,In-store,STORE_2,72
TXN_01183,CUST_206,2025-04-07,Top,Apparel,1,9966.41,9966.41,Online,STORE_5,99
TXN_01184,CUST_433,2025-03-25,Dress,Apparel,2,8973.15,17946.3,Online,STORE_5,179
TXN_01185,CUST_149,2025-04-03,Top,Apparel,2,3618.31,7236.62,Online,STORE_7,72
TXN_01186,CUST_340,2025-04-25,Shoes,Footwear,1,18765.28,18765.28,In-store,STORE_8,187
TXN_01187,CUST_321,2025-01-24,Shoes,Footwear,3,5790.56,17371.68,Online,STORE_3,173
TXN_01188,CUST_081,2025-04-08,Jewellery,Accessories,3,4253.67,12761.01,In-store,STORE_5,127
TXN_01189,CUST_230,2025-01-05,Jewellery,Accessories,3,4699.9,14099.7,In-store,STORE_4,140
TXN_01190,CUST_456,2025-02-22,Handbag,Accessories,2,1971.73,3943.46,In-store,STORE_2,39
TXN_01191,CUST_065,2025-03-15,Handbag,Accessories,2,6751.53,13503.06,In-store,STORE_1,135
TXN_01192,CUST_019,2025-04-19,Shoes,Footwear,1,14940.48,14940.48,In-store,STORE_4,149
TXN_01193,CUST_489,2025-03-06,Jewellery,Accessories,2,3530.14,7060.28,In-store,STORE_2,70
TXN_01194,CUST_420,2025-04-04,Shoes,Footwear,3,5767.31,17301.93,In-store,STORE_2,173
TXN_01195,CUST_385,2025-02-08,Dress,Apparel,2,8226.26,16452.52,In-store,STORE_10,164
TXN_01196,CUST_440,2025-03-02,Dress,Apparel,3,1507.43,4522.29,Online,STORE_4,45
TXN_01197,CUST_088,2025-04-30,Jewellery,Accessories,1,1474.79,1474.79,In-store,STORE_8,14
TXN_01198,CUST_213,2025-04-01,Top,Apparel,3,2062.89,6188.67,In-store,STORE_4,61
TXN_01199,CUST_035,2025-01-25,Shoes,Footwear,3,3480.59,10441.77,Online,STORE_3,104
TXN_01200,CUST_399,2025-01-10,Trousers,Apparel,3,10389.25,31167.75,Online,STORE_4,311
TXN_01201,CUST_034,2025-04-15,Coat,Apparel,2,17225.99,34451.98,In-store,STORE_4,344
TXN_01202,CUST_488,2025-02-02,Watch,Accessories,2,2255.53,4511.06,In-store,STORE_7,45
TXN_01203,CUST_451,2025-01-23,Watch,Accessories,3,1724.54,5173.62,Online,STORE_10,51
TXN_01204,CUST_144,2025-02-07,Watch,Accessories,3,13450.55,40351.65,Online,STORE_1,403
TXN_01205,CUST_232,2025-04-30,Watch,Accessories,3,9152.87,27458.61,Online,STORE_3,274
TXN_01206,CUST_363,2025-01-22,Handbag,Accessories,3,11135.68,33407.04,In-store,STORE_9,334
TXN_01207,CUST_159,2025-02-11,Top,Apparel,2,9626.14,19252.28,In-store,STORE_6,192
TXN_01208,CUST_447,2025-04-26,Top,Apparel,3,5189.76,15569.28,In-store,STORE_1,155
TXN_01209,CUST_372,2025-03-06,Shoes,Footwear,3,17652.55,52957.65,Online,STORE_7,529
TXN_01210,CUST_034,2025-01-17,Trousers,Apparel,3,14127.24,42381.72,In-store,STORE_8,423
TXN_01211,CUST_456,2025-03-25,Top,Apparel,3,2376.52,7129.56,In-store,STORE_2,71
TXN_01212,CUST_386,2025-02-18,Watch,Accessories,1,1850.54,1850.54,Online,STORE_3,18
TXN_01213,CUST_463,2025-02-08,Coat,Apparel,2,7797.47,15594.94,In-store,STORE_5,155
TXN_01214,CUST_406,2025-03-09,Coat,Apparel,2,2842.7,5685.4,Online,STORE_7,56
TXN_01215,CUST_316,2025-04-24,Coat,Apparel,2,6026.98,12053.96,In-store,STORE_10,120
TXN_01216,CUST_143,2025-03-24,Watch,Accessories,3,8226.31,24678.93,In-store,STORE_1,246
TXN_01217,CUST_193,2025-01-14,Top,Apparel,3,3295.78,9887.34,Online,STORE_4,98
TXN_01218,CUST_172,2025-02-21,Top,Apparel,1,5350.29,5350.29,Online,STORE_6,53
TXN_01219,CUST_151,2025-03-01,Jewellery,Accessories,2,1720.56,3441.12,In-store,STORE_6,34
TXN_01220,CUST_238,2025-02-04,Watch,Accessories,2,3358.51,6717.02,In-store,STORE_6,67
TXN_01221,CUST_122,2025-02-07,Dress,Apparel,3,8801.69,26405.07,Online,STORE_4,264
TXN_01222,CUST_383,2025-01-30,Sunglasses,Accessories,3,3399.92,10199.76,Online,STORE_7,101
TXN_01223,CUST_411,2025-01-25,Jewellery,Accessories,2,4725.96,9451.92,Online,STORE_2,94
TXN_01224,CUST_342,2025-02-13,Watch,Accessories,2,1825.05,3650.1,In-store,STORE_5,36
TXN_01225,CUST_265,2025-04-03,Handbag,Accessories,3,2525.53,7576.59,In-store,STORE_10,75
TXN_01226,CUST_377,2025-02-25,Watch,Accessories,2,4137.56,8275.12,In-store,STORE_2,82
TXN_01227,CUST_159,2025-01-27,Top,Apparel,2,8717.5,17435.0,In-store,STORE_1,174
TXN_01228,CUST_098,2025-03-06,Trousers,Apparel,1,9260.52,9260.52,In-store,STORE_8,92
TXN_01229,CUST_393,2025-01-21,Trousers,Apparel,3,13473.35,40420.05,In-store,STORE_10,404
TXN_01230,CUST_487,2025-02-14,Jewellery,Accessories,3,1829.51,5488.53,In-store,STORE_9,54
TXN_01231,CUST_118,2025-01-18,Watch,Accessories,1,9676.87,9676.87,In-store,STORE_7,96
TXN_01232,CUST_458,2025-03-16,Watch,Accessories,3,4185.61,12556.83,Online,STORE_5,125
TXN_01233,CUST_160,2025-01-21,Shoes,Footwear,1,2237.47,2237.47,In-store,STORE_10,22
TXN_01234,CUST_290,2025-02-05,Watch,Accessories,3,18655.76,55967.28,In-store,STORE_6,559
TXN_01235,CUST_424,2025-04-04,Top,Apparel,1,1635.48,1635.48,In-store,STORE_4,16
TXN_01236,CUST_243,2025-05-09,Coat,Apparel,2,8720.47,17440.94,In-store,STORE_1,174
TXN_01237,CUST_375,2025-03-22,Dress,Apparel,3,2347.95,7043.85,In-store,STORE_1,70
TXN_01238,CUST_147,2025-04-25,Dress,Apparel,3,5530.91,16592.73,Online,STORE_3,165
TXN_01239,CUST_260,2025-05-05,Top,Apparel,3,1884.08,5652.24,Online,STORE_4,56
TXN_01240,CUST_364,2025-03-22,Sunglasses,Accessories,3,6443.5,19330.5,In-store,STORE_8,193
TXN_01241,CUST_185,2025-01-12,Jewellery,Accessories,3,6306.16,18918.48,In-store,STORE_8,189
TXN_01242,CUST_233,2025-04-19,Watch,Accessories,3,3287.74,9863.22,In-store,STORE_1,98
TXN_01243,CUST_176,2025-04-13,Coat,Apparel,2,4781.86,9563.72,In-store,STORE_5,95
TXN_01244,CUST_117,2025-01-23,Top,Apparel,2,2240.09,4480.18,In-store,STORE_6,44
TXN_01245,CUST_213,2025-04-17,Jewellery,Accessories,3,1968.72,5906.16,In-store,STORE_5,59
TXN_01246,CUST_498,2025-02-05,Coat,Apparel,1,6662.36,6662.36,Online,STORE_5,66
TXN_01247,CUST_248,2025-04-12,Handbag,Accessories,2,4041.68,8083.36,In-store,STORE_6,80
TXN_01248,CUST_255,2025-01-02,Top,Apparel,2,7937.93,15875.86,In-store,STORE_6,158
TXN_01249,CUST_290,2025-01-12,Watch,Accessories,3,13218.83,39656.49,In-store,STORE_6,396
TXN_01250,CUST_421,2025-04-20,Shoes,Footwear,2,1774.7,3549.4,Online,STORE_6,35
TXN_01251,CUST_344,2025-04-18,Trousers,Apparel,1,3803.53,3803.53,In-store,STORE_3,38
TXN_01252,CUST_375,2025-04-12,Dress,Apparel,2,1591.74,3183.48,In-store,STORE_4,31
TXN_01253,CUST_428,2025-01-29,Watch,Accessories,1,9608.65,9608.65,In-store,STORE_5,96
TXN_01254,CUST_117,2025-02-28,Jewellery,Accessories,1,1665.58,1665.58,Online,STORE_9,16
TXN_01255,CUST_338,2025-04-26,Top,Apparel,1,12524.08,12524.08,In-store,STORE_8,125
TXN_01256,CUST_032,2025-01-16,Top,Apparel,1,1052.39,1052.39,In-store,STORE_6,10
TXN_01257,CUST_190,2025-01-02,Coat,Apparel,1,1840.76,1840.76,In-store,STORE_4,18
TXN_01258,CUST_411,2025-03-17,Dress,Apparel,2,5056.63,10113.26,Online,STORE_2,101
TXN_01259,CUST_488,2025-04-02,Trousers,Apparel,1,2108.47,2108.47,In-store,STORE_5,21
TXN_01260,CUST_232,2025-02-01,Watch,Accessories,2,7876.86,15753.72,Online,STORE_7,157
TXN_01261,CUST_170,2025-04-11,Trousers,Apparel,2,7804.4,15608.8,Online,STORE_8,156
TXN_01262,CUST_097,2025-02-26,Shoes,Footwear,3,10349.76,31049.28,In-store,STORE_10,310
TXN_01263,CUST_315,2025-04-15,Jewellery,Accessories,2,8878.23,17756.46,In-store,STORE_4,177
TXN_01264,CUST_404,2025-03-31,Top,Apparel,1,6162.63,6162.63,In-store,STORE_5,61
TXN_01265,CUST_185,2025-01-05,Dress,Apparel,1,5659.12,5659.12,Online,STORE_6,56
TXN_01266,CUST_337,2025-01-15,Jewellery,Accessories,2,2231.99,4463.98,In-store,STORE_3,44
TXN_01267,CUST_430,2025-03-06,Shoes,Footwear,1,1784.28,1784.28,In-store,STORE_1,17
TXN_01268,CUST_466,2025-01-22,Handbag,Accessories,1,3767.5,3767.5,In-store,STORE_4,37
TXN_01269,CUST_326,2025-02-15,Watch,Accessories,1,12475.37,12475.37,In-store,STORE_6,124
TXN_01270,CUST_359,2025-01-11,Top,Apparel,3,2634.8,7904.4,Online,STORE_9,79
TXN_01271,CUST_121,2025-02-08,Trousers,Apparel,2,11684.43,23368.86,In-store,STORE_1,233
TXN_01272,CUST_118,2025-04-12,Shoes,Footwear,2,11800.53,23601.06,Online,STORE_2,236
TXN_01273,CUST_119,2025-04-06,Watch,Accessories,2,4562.25,9124.5,Online,STORE_7,91
TXN_01274,CUST_053,2025-03-28,Handbag,Accessories,2,3709.96,7419.92,In-store,STORE_4,74
TXN_01275,CUST_040,2025-02-26,Top,Apparel,2,2462.79,4925.58,Online,STORE_1,49
TXN_01276,CUST_442,2025-04-18,Watch,Accessories,3,8057.01,24171.03,In-store,STORE_7,241
TXN_01277,CUST_114,2025-01-05,Watch,Accessories,3,1815.34,5446.02,Online,STORE_2,54
TXN_01278,CUST_427,2025-04-22,Jewellery,Accessories,1,9532.43,9532.43,In-store,STORE_4,95
TXN_01279,CUST_239,2025-02-14,Dress,Apparel,1,3040.92,3040.92,Online,STORE_8,30
TXN_01280,CUST_042,2025-05-03,Top,Apparel,3,3128.91,9386.73,Online,STORE_1,93
TXN_01281,CUST_138,2025-01-04,Dress,Apparel,1,7842.56,7842.56,Online,STORE_10,78
TXN_01282,CUST_171,2025-01-06,Sunglasses,Accessories,2,2216.81,4433.62,In-store,STORE_1,44
TXN_01283,CUST_222,2025-01-04,Dress,Apparel,1,3624.75,3624.75,Online,STORE_7,36
TXN_01284,CUST_311,2025-01-28,Shoes,Footwear,2,8476.86,16953.72,In-store,STORE_9,169
TXN_01285,CUST_359,2025-05-05,Jewellery,Accessories,3,2282.0,6846.0,In-store,STORE_1,68
TXN_01286,CUST_350,2025-04-23,Top,Apparel,1,8078.27,8078.27,In-store,STORE_3,80
TXN_01287,CUST_364,2025-05-07,Coat,Apparel,2,8137.23,16274.46,In-store,STORE_8,162
TXN_01288,CUST_366,2025-01-19,Dress,Apparel,1,19197.22,19197.22,Online,STORE_3,191
TXN_01289,CUST_430,2025-01-19,Watch,Accessories,2,2073.97,4147.94,Online,STORE_7,41
TXN_01290,CUST_237,2025-01-26,Watch,Accessories,3,17930.73,53792.19,Online,STORE_8,537
TXN_01291,CUST_334,2025-02-25,Dress,Apparel,1,9421.71,9421.71,In-store,STORE_1,94
TXN_01292,CUST_354,2025-04-21,Shoes,Footwear,1,3576.22,3576.22,Online,STORE_9,35
TXN_01293,CUST_312,2025-04-23,Dress,Apparel,3,8469.59,25408.77,Online,STORE_4,254
TXN_01294,CUST_449,2025-02-23,Handbag,Accessories,3,3324.19,9972.57,Online,STORE_2,99
TXN_01295,CUST_010,2025-03-18,Coat,Apparel,3,7627.36,22882.08,Online,STORE_6,228
TXN_01296,CUST_255,2025-01-27,Dress,Apparel,2,8717.51,17435.02,Online,STORE_8,174
TXN_01297,CUST_075,2025-01-11,Perfume,Beauty,1,11320.29,11320.29,In-store,STORE_4,113
TXN_01298,CUST_029,2025-04-12,Shoes,Footwear,1,1903.7,1903.7,Online,STORE_1,19
TXN_01299,CUST_495,2025-02-16,Handbag,Accessories,3,6787.4,20362.2,In-store,STORE_1,203
TXN_01300,CUST_058,2025-02-20,Handbag,Accessories,1,5460.4,5460.4,In-store,STORE_9,54
TXN_01301,CUST_074,2025-02-18,Trousers,Apparel,2,3587.56,7175.12,Online,STORE_8,71
TXN_01302,CUST_093,2025-01-02,Sunglasses,Accessories,3,3462.99,10388.97,Online,STORE_3,103
TXN_01303,CUST_281,2025-03-25,Watch,Accessories,3,2100.17,6300.51,In-store,STORE_7,63
TXN_01304,CUST_411,2025-02-18,Dress,Apparel,3,3423.81,10271.43,Online,STORE_10,102
TXN_01305,CUST_242,2025-03-16,Dress,Apparel,3,1533.5,4600.5,Online,STORE_1,46
TXN_01306,CUST_404,2025-02-25,Top,Apparel,3,7488.2,22464.6,In-store,STORE_8,224
TXN_01307,CUST_196,2025-03-11,Coat,Apparel,2,4071.2,8142.4,In-store,STORE_3,81
TXN_01308,CUST_454,2025-01-21,Sunglasses,Accessories,1,1294.68,1294.68,In-store,STORE_5,12
TXN_01309,CUST_083,2025-02-17,Handbag,Accessories,3,2487.47,7462.41,In-store,STORE_10,74
TXN_01310,CUST_127,2025-05-03,Trousers,Apparel,1,8566.72,8566.72,In-store,STORE_9,85
TXN_01311,CUST_332,2025-01-18,Jewellery,Accessories,2,4065.71,8131.42,In-store,STORE_2,81
TXN_01312,CUST_268,2025-04-11,Shoes,Footwear,3,4212.48,12637.44,Online,STORE_10,126
TXN_01313,CUST_169,2025-03-16,Handbag,Accessories,3,2151.85,6455.55,Online,STORE_5,64
TXN_01314,CUST_088,2025-04-07,Top,Apparel,1,2072.94,2072.94,In-store,STORE_9,20
TXN_01315,CUST_265,2025-01-01,Dress,Apparel,1,1549.64,1549.64,In-store,STORE_3,15
TXN_01316,CUST_214,2025-03-14,Handbag,Accessories,1,9441.54,9441.54,Online,STORE_1,94
TXN_01317,CUST_212,2025-04-27,Handbag,Accessories,3,7813.29,23439.87,In-store,STORE_9,234
TXN_01318,CUST_176,2025-04-08,Shoes,Footwear,2,4446.05,8892.1,Online,STORE_10,88
TXN_01319,CUST_038,2025-01-08,Dress,Apparel,2,6087.37,12174.74,In-store,STORE_6,121
TXN_01320,CUST_483,2025-05-01,Top,Apparel,3,18292.77,54878.31,Online,STORE_3,548
TXN_01321,CUST_319,2025-02-05,Dress,Apparel,2,2341.92,4683.84,In-store,STORE_10,46
TXN_01322,CUST_395,2025-03-18,Jewellery,Accessories,3,3328.14,9984.42,In-store,STORE_6,99
TXN_01323,CUST_079,2025-05-08,Dress,Apparel,3,2151.67,6455.01,Online,STORE_8,64
TXN_01324,CUST_113,2025-02-05,Coat,Apparel,3,12498.22,37494.66,Online,STORE_2,374
TXN_01325,CUST_272,2025-04-26,Trousers,Apparel,3,4412.09,13236.27,Online,STORE_7,132
TXN_01326,CUST_002,2025-01-17,Sunglasses,Accessories,2,6342.77,12685.54,In-store,STORE_1,126
TXN_01327,CUST_019,2025-01-09,Trousers,Apparel,2,8844.32,17688.64,In-store,STORE_10,176
TXN_01328,CUST_157,2025-05-02,Top,Apparel,3,12860.41,38581.23,Online,STORE_2,385
TXN_01329,CUST_025,2025-02-09,Sunglasses,Accessories,1,3789.33,3789.33,In-store,STORE_1,37
TXN_01330,CUST_295,2025-02-08,Watch,Accessories,1,17050.56,17050.56,In-store,STORE_7,170
TXN_01331,CUST_106,2025-01-11,Shoes,Footwear,1,11741.93,11741.93,Online,STORE_2,117
TXN_01332,CUST_450,2025-04-22,Shoes,Footwear,3,4916.75,14750.25,Online,STORE_7,147
TXN_01333,CUST_292,2025-02-20,Dress,Apparel,3,4633.02,13899.06,In-store,STORE_4,138
TXN_01334,CUST_035,2025-03-02,Coat,Apparel,3,3421.76,10265.28,In-store,STORE_2,102
TXN_01335,CUST_319,2025-01-14,Handbag,Accessories,1,2132.84,2132.84,In-store,STORE_4,21
TXN_01336,CUST_410,2025-02-23,Trousers,Apparel,1,3625.99,3625.99,Online,STORE_9,36
TXN_01337,CUST_347,2025-01-07,Jewellery,Accessories,1,4272.06,4272.06,In-store,STORE_7,42
TXN_01338,CUST_316,2025-01-23,Sunglasses,Accessories,1,8364.42,8364.42,Online,STORE_1,83
TXN_01339,CUST_070,2025-01-08,Shoes,Footwear,1,17262.16,17262.16,In-store,STORE_2,172
TXN_01340,CUST_347,2025-01-02,Perfume,Beauty,1,2995.78,2995.78,Online,STORE_7,29
TXN_01341,CUST_231,2025-01-26,Coat,Apparel,1,3583.12,3583.12,Online,STORE_10,35
TXN_01342,CUST_121,2025-02-19,Sunglasses,Accessories,2,14138.5,28277.0,In-store,STORE_5,282
TXN_01343,CUST_418,2025-02-05,Trousers,Apparel,2,8092.91,16185.82,In-store,STORE_1,161
TXN_01344,CUST_434,2025-04-20,Trousers,Apparel,3,14212.17,42636.51,In-store,STORE_2,426
TXN_01345,CUST_266,2025-02-25,Watch,Accessories,2,4399.02,8798.04,Online,STORE_7,87
TXN_01346,CUST_109,2025-03-12,Trousers,Apparel,3,3653.76,10961.28,In-store,STORE_7,109
TXN_01347,CUST_345,2025-05-02,Dress,Apparel,2,1816.69,3633.38,In-store,STORE_10,36
TXN_01348,CUST_092,2025-04-13,Coat,Apparel,3,7300.87,21902.61,In-store,STORE_1,219
TXN_01349,CUST_440,2025-01-10,Dress,Apparel,1,1793.84,1793.84,In-store,STORE_4,17
TXN_01350,CUST_431,2025-01-08,Jewellery,Accessories,3,5258.35,15775.05,Online,STORE_7,157
TXN_01351,CUST_183,2025-02-11,Trousers,Apparel,2,5669.72,11339.44,In-store,STORE_5,113
TXN_01352,CUST_098,2025-05-09,Sunglasses,Accessories,2,5532.91,11065.82,In-store,STORE_3,110
TXN_01353,CUST_055,2025-04-03,Jewellery,Accessories,2,3181.29,6362.58,In-store,STORE_2,63
TXN_01354,CUST_117,2025-02-17,Dress,Apparel,2,1806.86,3613.72,Online,STORE_9,36
TXN_01355,CUST_424,2025-01-14,Top,Apparel,2,2418.97,4837.94,Online,STORE_10,48
TXN_01356,CUST_056,2025-02-04,Trousers,Apparel,3,2652.97,7958.91,Online,STORE_1,79
TXN_01357,CUST_042,2025-01-09,Jewellery,Accessories,2,3249.11,6498.22,In-store,STORE_2,64
TXN_01358,CUST_172,2025-04-26,Dress,Apparel,3,8640.69,25922.07,Online,STORE_2,259
TXN_01359,CUST_025,2025-04-09,Watch,Accessories,3,5846.94,17540.82,Online,STORE_4,175
TXN_01360,CUST_324,2025-02-27,Trousers,Apparel,3,8883.82,26651.46,Online,STORE_3,266
TXN_01361,CUST_152,2025-02-22,Dress,Apparel,3,13969.27,41907.81,In-store,STORE_2,419
TXN_01362,CUST_418,2025-02-15,Watch,Accessories,1,10569.21,10569.21,Online,STORE_4,105
TXN_01363,CUST_179,2025-04-05,Perfume,Beauty,2,6665.42,13330.84,In-store,STORE_7,133
TXN_01364,CUST_333,2025-04-24,Shoes,Footwear,3,5450.77,16352.31,Online,STORE_4,163
TXN_01365,CUST_329,2025-01-19,Shoes,Footwear,3,10220.71,30662.13,Online,STORE_1,306
TXN_01366,CUST_135,2025-04-14,Dress,Apparel,2,9675.72,19351.44,Online,STORE_2,193
TXN_01367,CUST_312,2025-05-04,Handbag,Accessories,2,6426.86,12853.72,In-store,STORE_6,128
TXN_01368,CUST_013,2025-04-19,Jewellery,Accessories,2,1740.73,3481.46,Online,STORE_8,34
TXN_01369,CUST_366,2025-03-05,Perfume,Beauty,3,14835.85,44507.55,In-store,STORE_5,445
TXN_01370,CUST_291,2025-01-16,Dress,Apparel,2,7918.46,15836.92,In-store,STORE_8,158
TXN_01371,CUST_329,2025-05-08,Trousers,Apparel,3,6774.29,20322.87,In-store,STORE_2,203
TXN_01372,CUST_246,2025-03-29,Watch,Accessories,2,7504.18,15008.36,In-store,STORE_8,150
TXN_01373,CUST_060,2025-04-16,Jewellery,Accessories,2,1985.28,3970.56,Online,STORE_3,39
TXN_01374,CUST_214,2025-01-12,Top,Apparel,2,7243.2,14486.4,In-store,STORE_1,144
TXN_01375,CUST_083,2025-02-09,Perfume,Beauty,2,2150.14,4300.28,In-store,STORE_10,43
TXN_01376,CUST_071,2025-02-12,Coat,Apparel,1,3840.66,3840.66,Online,STORE_2,38
TXN_01377,CUST_465,2025-04-10,Trousers,Apparel,2,2221.5,4443.0,In-store,STORE_1,44
TXN_01378,CUST_281,2025-03-27,Trousers,Apparel,2,2102.32,4204.64,Online,STORE_10,42
TXN_01379,CUST_112,2025-03-20,Handbag,Accessories,1,2433.95,2433.95,Online,STORE_3,24
TXN_01380,CUST_054,2025-04-25,Shoes,Footwear,1,8728.05,8728.05,Online,STORE_7,87
TXN_01381,CUST_497,2025-03-15,Top,Apparel,2,5406.33,10812.66,Online,STORE_9,108
TXN_01382,CUST_037,2025-03-30,Sunglasses,Accessories,3,5102.21,15306.63,Online,STORE_1,153
TXN_01383,CUST_008,2025-05-03,Dress,Apparel,2,2230.37,4460.74,Online,STORE_4,44
TXN_01384,CUST_467,2025-03-11,Trousers,Apparel,3,9093.78,27281.34,Online,STORE_6,272
TXN_01385,CUST_347,2025-02-27,Jewellery,Accessories,2,4803.76,9607.52,In-store,STORE_10,96
TXN_01386,CUST_433,2025-01-21,Jewellery,Accessories,2,5586.2,11172.4,In-store,STORE_2,111
TXN_01387,CUST_043,2025-02-17,Coat,Apparel,2,4392.64,8785.28,Online,STORE_7,87
TXN_01388,CUST_093,2025-04-10,Shoes,Footwear,1,5035.5,5035.5,Online,STORE_4,50
TXN_01389,CUST_044,2025-03-02,Watch,Accessories,1,2702.4,2702.4,In-store,STORE_4,27
TXN_01390,CUST_155,2025-02-14,Top,Apparel,3,2047.99,6143.97,In-store,STORE_6,61
TXN_01391,CUST_282,2025-01-07,Sunglasses,Accessories,3,5646.64,16939.92,In-store,STORE_1,169
TXN_01392,CUST_404,2025-02-25,Dress,Apparel,1,7950.86,7950.86,In-store,STORE_7,79
TXN_01393,CUST_387,2025-01-01,Handbag,Accessories,1,3546.19,3546.19,In-store,STORE_5,35
TXN_01394,CUST_112,2025-02-06,Handbag,Accessories,2,4082.7,8165.4,Online,STORE_6,81
TXN_01395,CUST_057,2025-03-15,Trousers,Apparel,2,1877.11,3754.22,In-store,STORE_4,37
TXN_01396,CUST_124,2025-02-05,Handbag,Accessories,3,2141.67,6425.01,Online,STORE_10,64
TXN_01397,CUST_127,2025-04-20,Watch,Accessories,3,8499.97,25499.91,Online,STORE_3,254
TXN_01398,CUST_191,2025-03-21,Dress,Apparel,2,2331.6,4663.2,Online,STORE_10,46
TXN_01399,CUST_381,2025-04-10,Watch,Accessories,2,2413.72,4827.44,In-store,STORE_6,48
TXN_01400,CUST_478,2025-03-09,Watch,Accessories,3,10316.35,30949.05,Online,STORE_5,309
TXN_01401,CUST_442,2025-02-28,Watch,Accessories,3,5340.8,16022.4,In-store,STORE_4,160
TXN_01402,CUST_084,2025-03-25,Shoes,Footwear,1,19317.88,19317.88,Online,STORE_2,193
TXN_01403,CUST_019,2025-02-09,Watch,Accessories,3,14260.62,42781.86,In-store,STORE_9,427
TXN_01404,CUST_390,2025-04-06,Top,Apparel,3,3706.12,11118.36,Online,STORE_4,111
TXN_01405,CUST_096,2025-02-15,Watch,Accessories,2,5129.67,10259.34,Online,STORE_3,102
TXN_01406,CUST_430,2025-02-08,Shoes,Footwear,3,1891.87,5675.61,In-store,STORE_4,56
TXN_01407,CUST_144,2025-04-23,Trousers,Apparel,1,15766.28,15766.28,Online,STORE_7,157
TXN_01408,CUST_426,2025-04-13,Jewellery,Accessories,2,5328.41,10656.82,In-store,STORE_4,106
TXN_01409,CUST_456,2025-04-15,Jewellery,Accessories,1,1555.75,1555.75,Online,STORE_5,15
TXN_01410,CUST_353,2025-02-19,Jewellery,Accessories,2,9774.32,19548.64,Online,STORE_8,195
TXN_01411,CUST_272,2025-05-04,Trousers,Apparel,2,3472.4,6944.8,In-store,STORE_9,69
TXN_01412,CUST_050,2025-04-28,Shoes,Footwear,1,7716.76,7716.76,In-store,STORE_2,77
TXN_01413,CUST_451,2025-02-22,Watch,Accessories,3,1569.94,4709.82,In-store,STORE_9,47
TXN_01414,CUST_437,2025-01-21,Watch,Accessories,1,4552.02,4552.02,Online,STORE_1,45
TXN_01415,CUST_221,2025-04-27,Jewellery,Accessories,3,10953.0,32859.0,In-store,STORE_9,328
TXN_01416,CUST_436,2025-03-01,Sunglasses,Accessories,2,3084.26,6168.52,In-store,STORE_9,61
TXN_01417,CUST_065,2025-01-22,Jewellery,Accessories,2,7794.05,15588.1,In-store,STORE_3,155
TXN_01418,CUST_293,2025-04-22,Jewellery,Accessories,2,1427.95,2855.9,Online,STORE_4,28
TXN_01419,CUST_388,2025-01-15,Dress,Apparel,3,2822.9,8468.7,Online,STORE_4,84
TXN_01420,CUST_492,2025-02-15,Dress,Apparel,3,2182.4,6547.2,Online,STORE_10,65
TXN_01421,CUST_043,2025-04-05,Shoes,Footwear,2,4160.37,8320.74,In-store,STORE_1,83
TXN_01422,CUST_473,2025-02-21,Dress,Apparel,3,8661.96,25985.88,Online,STORE_7,259
TXN_01423,CUST_156,2025-01-16,Shoes,Footwear,3,3868.0,11604.0,Online,STORE_5,116
TXN_01424,CUST_072,2025-01-01,Trousers,Apparel,3,14200.44,42601.32,Online,STORE_3,426
TXN_01425,CUST_500,2025-01-14,Sunglasses,Accessories,1,3550.47,3550.47,Online,STORE_7,35
TXN_01426,CUST_201,2025-03-22,Top,Apparel,2,8316.2,16632.4,Online,STORE_10,166
TXN_01427,CUST_021,2025-02-27,Shoes,Footwear,1,3250.29,3250.29,Online,STORE_6,32
TXN_01428,CUST_181,2025-05-03,Dress,Apparel,3,9856.14,29568.42,In-store,STORE_9,295
TXN_01429,CUST_388,2025-04-05,Dress,Apparel,1,3302.01,3302.01,In-store,STORE_7,33
TXN_01430,CUST_479,2025-01-19,Dress,Apparel,1,4023.57,4023.57,In-store,STORE_5,40
TXN_01431,CUST_446,2025-03-24,Jewellery,Accessories,3,2408.93,7226.79,In-store,STORE_7,72
TXN_01432,CUST_041,2025-03-24,Dress,Apparel,1,16163.93,16163.93,Online,STORE_8,161
TXN_01433,CUST_300,2025-04-05,Trousers,Apparel,2,4493.23,8986.46,Online,STORE_4,89
TXN_01434,CUST_305,2025-02-28,Trousers,Apparel,2,9293.06,18586.12,Online,STORE_2,185
TXN_01435,CUST_142,2025-01-10,Handbag,Accessories,1,5269.1,5269.1,In-store,STORE_8,52
TXN_01436,CUST_363,2025-02-26,Jewellery,Accessories,3,9306.03,27918.09,In-store,STORE_8,279
TXN_01437,CUST_333,2025-04-22,Shoes,Footwear,1,3434.33,3434.33,In-store,STORE_4,34
TXN_01438,CUST_347,2025-02-10,Dress,Apparel,3,3243.43,9730.29,Online,STORE_1,97
TXN_01439,CUST_341,2025-01-09,Dress,Apparel,3,9950.2,29850.6,In-store,STORE_1,298
TXN_01440,CUST_101,2025-04-30,Jewellery,Accessories,2,12501.64,25003.28,In-store,STORE_9,250
TXN_01441,CUST_062,2025-04-06,Top,Apparel,2,13601.49,27202.98,Online,STORE_10,272
TXN_01442,CUST_115,2025-03-25,Top,Apparel,3,1973.35,5920.05,Online,STORE_10,59
TXN_01443,CUST_205,2025-03-26,Watch,Accessories,2,2439.7,4879.4,Online,STORE_4,48
TXN_01444,CUST_040,2025-02-27,Perfume,Beauty,1,1097.55,1097.55,Online,STORE_9,10
TXN_01445,CUST_069,2025-03-14,Shoes,Footwear,2,8873.59,17747.18,In-store,STORE_8,177
TXN_01446,CUST_491,2025-02-27,Sunglasses,Accessories,1,8882.7,8882.7,Online,STORE_2,88
TXN_01447,CUST_411,2025-01-28,Dress,Apparel,3,4821.51,14464.53,Online,STORE_9,144
TXN_01448,CUST_474,2025-01-09,Trousers,Apparel,1,2096.98,2096.98,Online,STORE_5,20
TXN_01449,CUST_452,2025-02-02,Coat,Apparel,1,8762.7,8762.7,In-store,STORE_6,87
TXN_01450,CUST_362,2025-04-20,Dress,Apparel,2,3504.23,7008.46,In-store,STORE_5,70
TXN_01451,CUST_095,2025-01-18,Watch,Accessories,3,3686.13,11058.39,Online,STORE_3,110
TXN_01452,CUST_290,2025-04-25,Trousers,Apparel,1,12577.6,12577.6,In-store,STORE_2,125
TXN_01453,CUST_369,2025-02-20,Perfume,Beauty,2,1739.02,3478.04,Online,STORE_8,34
TXN_01454,CUST_187,2025-02-21,Shoes,Footwear,1,5560.73,5560.73,In-store,STORE_8,55
TXN_01455,CUST_484,2025-05-06,Trousers,Apparel,3,17393.73,52181.19,In-store,STORE_9,521
TXN_01456,CUST_485,2025-03-25,Jewellery,Accessories,3,10118.04,30354.12,In-store,STORE_5,303
TXN_01457,CUST_061,2025-02-20,Dress,Apparel,1,9400.36,9400.36,In-store,STORE_1,94
TXN_01458,CUST_086,2025-03-19,Dress,Apparel,3,7978.25,23934.75,Online,STORE_7,239
TXN_01459,CUST_188,2025-05-05,Perfume,Beauty,1,1919.9,1919.9,Online,STORE_4,19
TXN_01460,CUST_364,2025-02-16,Trousers,Apparel,3,8462.67,25388.01,In-store,STORE_9,253
TXN_01461,CUST_158,2025-01-11,Trousers,Apparel,3,8230.83,24692.49,In-store,STORE_7,246
TXN_01462,CUST_060,2025-04-30,Top,Apparel,1,1727.96,1727.96,In-store,STORE_7,17
TXN_01463,CUST_275,2025-04-04,Dress,Apparel,3,1584.24,4752.72,In-store,STORE_3,47
TXN_01464,CUST_409,2025-03-28,Trousers,Apparel,3,1861.15,5583.45,In-store,STORE_8,55
TXN_01465,CUST_380,2025-01-23,Jewellery,Accessories,2,5357.76,10715.52,Online,STORE_9,107
TXN_01466,CUST_484,2025-01-28,Trousers,Apparel,3,14876.77,44630.31,Online,STORE_2,446
TXN_01467,CUST_197,2025-01-20,Trousers,Apparel,2,19000.0,38000.0,Online,STORE_5,380
TXN_01468,CUST_118,2025-04-30,Trousers,Apparel,2,7585.38,15170.76,Online,STORE_1,151
TXN_01469,CUST_101,2025-01-13,Perfume,Beauty,1,16943.99,16943.99,Online,STORE_4,169
TXN_01470,CUST_293,2025-04-09,Jewellery,Accessories,1,1615.32,1615.32,In-store,STORE_5,16
TXN_01471,CUST_196,2025-05-04,Sunglasses,Accessories,2,4321.99,8643.98,Online,STORE_7,86
TXN_01472,CUST_170,2025-01-14,Trousers,Apparel,1,6815.86,6815.86,In-store,STORE_8,68
TXN_01473,CUST_258,2025-01-17,Watch,Accessories,1,1596.97,1596.97,In-store,STORE_4,15
TXN_01474,CUST_297,2025-01-20,Watch,Accessories,3,4285.14,12855.42,Online,STORE_4,128
TXN_01475,CUST_460,2025-01-23,Handbag,Accessories,3,2218.13,6654.39,In-store,STORE_10,66
TXN_01476,CUST_322,2025-04-11,Perfume,Beauty,1,10318.32,10318.32,Online,STORE_2,103
TXN_01477,CUST_296,2025-04-27,Shoes,Footwear,2,4720.14,9440.28,In-store,STORE_8,94
TXN_01478,CUST_385,2025-03-10,Perfume,Beauty,1,8298.31,8298.31,Online,STORE_8,82
TXN_01479,CUST_331,2025-04-17,Top,Apparel,2,2388.69,4777.38,Online,STORE_7,47
TXN_01480,CUST_250,2025-04-13,Handbag,Accessories,2,1623.41,3246.82,Online,STORE_7,32
TXN_01481,CUST_453,2025-01-23,Shoes,Footwear,2,1793.3,3586.6,In-store,STORE_8,35
TXN_01482,CUST_253,2025-04-20,Coat,Apparel,1,4386.71,4386.71,Online,STORE_3,43
TXN_01483,CUST_040,2025-05-08,Perfume,Beauty,2,2121.14,4242.28,In-store,STORE_8,42
TXN_01484,CUST_201,2025-04-10,Dress,Apparel,1,7917.17,7917.17,In-store,STORE_6,79
TXN_01485,CUST_028,2025-01-09,Shoes,Footwear,1,14083.95,14083.95,Online,STORE_6,140
TXN_01486,CUST_291,2025-03-23,Handbag,Accessories,3,5619.94,16859.82,Online,STORE_1,168
TXN_01487,CUST_005,2025-04-29,Dress,Apparel,1,16182.13,16182.13,Online,STORE_8,161
TXN_01488,CUST_355,2025-03-12,Watch,Accessories,1,2552.38,2552.38,In-store,STORE_5,25
TXN_01489,CUST_411,2025-03-24,Jewellery,Accessories,1,4660.15,4660.15,Online,STORE_9,46
TXN_01490,CUST_322,2025-03-11,Dress,Apparel,2,8514.7,17029.4,Online,STORE_4,170
TXN_01491,CUST_150,2025-04-20,Shoes,Footwear,2,2027.83,4055.66,In-store,STORE_8,40
TXN_01492,CUST_031,2025-03-10,Top,Apparel,1,1332.78,1332.78,Online,STORE_9,13
TXN_01493,CUST_216,2025-01-09,Dress,Apparel,1,3481.78,3481.78,Online,STORE_9,34
TXN_01494,CUST_341,2025-03-14,Handbag,Accessories,2,8211.31,16422.62,In-store,STORE_7,164
TXN_01495,CUST_165,2025-01-07,Watch,Accessories,3,11612.48,34837.44,In-store,STORE_5,348
TXN_01496,CUST_415,2025-04-27,Dress,Apparel,1,3797.39,3797.39,In-store,STORE_3,37
TXN_01497,CUST_300,2025-03-15,Watch,Accessories,3,4375.41,13126.23,Online,STORE_3,131
TXN_01498,CUST_468,2025-01-10,Perfume,Beauty,3,16878.45,50635.35,Online,STORE_6,506
TXN_01499,CUST_251,2025-04-20,Coat,Apparel,3,19319.04,57957.12,Online,STORE_6,579
TXN_01500,CUST_175,2025-05-10,Trousers,Apparel,3,2334.79,7004.37,Online,STORE_2,70
TXN_01501,CUST_107,2025-04-09,Watch,Accessories,2,3878.33,7756.66,In-store,STORE_10,77
TXN_01502,CUST_251,2025-04-19,Shoes,Footwear,2,14049.86,28099.72,In-store,STORE_10,280
TXN_01503,CUST_064,2025-02-16,Handbag,Accessories,1,19075.72,19075.72,Online,STORE_5,190
TXN_01504,CUST_121,2025-03-20,Watch,Accessories,1,16562.1,16562.1,In-store,STORE_4,165
TXN_01505,CUST_486,2025-02-01,Watch,Accessories,1,8055.46,8055.46,Online,STORE_7,80
TXN_01506,CUST_249,2025-03-13,Dress,Apparel,2,3788.98,7577.96,Online,STORE_2,75
TXN_01507,CUST_043,2025-03-11,Coat,Apparel,2,4856.13,9712.26,Online,STORE_6,97
TXN_01508,CUST_037,2025-03-16,Shoes,Footwear,1,2516.18,2516.18,In-store,STORE_2,25
TXN_01509,CUST_275,2025-01-05,Handbag,Accessories,2,2724.92,5449.84,In-store,STORE_8,54
TXN_01510,CUST_003,2025-03-27,Dress,Apparel,3,1790.75,5372.25,In-store,STORE_4,53
TXN_01511,CUST_026,2025-01-15,Trousers,Apparel,2,12376.88,24753.76,Online,STORE_4,247
TXN_01512,CUST_401,2025-03-30,Sunglasses,Accessories,2,954.94,1909.88,Online,STORE_3,19
TXN_01513,CUST_243,2025-03-21,Trousers,Apparel,3,9127.17,27381.51,In-store,STORE_4,273
TXN_01514,CUST_402,2025-04-27,Trousers,Apparel,2,3655.65,7311.3,In-store,STORE_2,73
TXN_01515,CUST_406,2025-02-01,Watch,Accessories,1,2807.13,2807.13,Online,STORE_4,28
TXN_01516,CUST_002,2025-02-07,Watch,Accessories,3,7919.11,23757.33,In-store,STORE_3,237
TXN_01517,CUST_068,2025-05-06,Handbag,Accessories,2,1418.66,2837.32,In-store,STORE_3,28
TXN_01518,CUST_073,2025-02-17,Handbag,Accessories,1,6784.58,6784.58,In-store,STORE_1,67
TXN_01519,CUST_264,2025-02-18,Perfume,Beauty,2,4094.65,8189.3,Online,STORE_2,81
TXN_01520,CUST_321,2025-01-25,Watch,Accessories,1,7500.8,7500.8,Online,STORE_2,75
TXN_01521,CUST_163,2025-01-23,Shoes,Footwear,1,3700.33,3700.33,In-store,STORE_5,37
TXN_01522,CUST_118,2025-04-04,Coat,Apparel,2,7320.14,14640.28,Online,STORE_6,146
TXN_01523,CUST_227,2025-02-15,Top,Apparel,2,1401.09,2802.18,Online,STORE_2,28
TXN_01524,CUST_493,2025-03-26,Dress,Apparel,2,1899.53,3799.06,In-store,STORE_8,37
TXN_01525,CUST_170,2025-02-23,Shoes,Footwear,2,10079.01,20158.02,In-store,STORE_7,201
TXN_01526,CUST_269,2025-04-07,Top,Apparel,1,4503.25,4503.25,In-store,STORE_10,45
TXN_01527,CUST_419,2025-04-10,Sunglasses,Accessories,1,3169.91,3169.91,In-store,STORE_1,31
TXN_01528,CUST_392,2025-03-28,Jewellery,Accessories,3,7465.99,22397.97,Online,STORE_4,223
TXN_01529,CUST_468,2025-04-01,Handbag,Accessories,3,14071.23,42213.69,Online,STORE_5,422
TXN_01530,CUST_096,2025-03-06,Watch,Accessories,2,5659.59,11319.18,In-store,STORE_2,113
TXN_01531,CUST_084,2025-02-23,Coat,Apparel,1,16542.56,16542.56,In-store,STORE_7,165
TXN_01532,CUST_175,2025-02-15,Watch,Accessories,2,2528.04,5056.08,In-store,STORE_6,50
TXN_01533,CUST_476,2025-02-26,Watch,Accessories,1,2558.69,2558.69,In-store,STORE_9,25
TXN_01534,CUST_116,2025-04-30,Watch,Accessories,2,3940.58,7881.16,In-store,STORE_4,78
TXN_01535,CUST_031,2025-05-06,Dress,Apparel,1,1317.62,1317.62,Online,STORE_6,13
TXN_01536,CUST_244,2025-03-16,Dress,Apparel,1,12267.31,12267.31,In-store,STORE_6,122
TXN_01537,CUST_423,2025-03-05,Trousers,Apparel,2,3864.03,7728.06,In-store,STORE_10,77
TXN_01538,CUST_411,2025-02-18,Handbag,Accessories,3,3748.28,11244.84,In-store,STORE_9,112
TXN_01539,CUST_122,2025-03-18,Top,Apparel,2,7665.56,15331.12,In-store,STORE_4,153
TXN_01540,CUST_074,2025-01-24,Watch,Accessories,3,2250.8,6752.4,In-store,STORE_9,67
TXN_01541,CUST_099,2025-01-06,Watch,Accessories,2,3433.14,6866.28,In-store,STORE_1,68
TXN_01542,CUST_162,2025-03-07,Jewellery,Accessories,3,1564.75,4694.25,In-store,STORE_2,46
TXN_01543,CUST_429,2025-03-01,Dress,Apparel,1,2147.16,2147.16,Online,STORE_4,21
TXN_01544,CUST_216,2025-05-04,Jewellery,Accessories,3,4748.34,14245.02,Online,STORE_1,142
TXN_01545,CUST_084,2025-04-08,Watch,Accessories,3,11437.0,34311.0,In-store,STORE_9,343
TXN_01546,CUST_487,2025-01-05,Handbag,Accessories,1,1419.61,1419.61,In-store,STORE_3,14
TXN_01547,CUST_188,2025-02-01,Jewellery,Accessories,3,1737.95,5213.85,Online,STORE_8,52
TXN_01548,CUST_373,2025-05-01,Shoes,Footwear,1,6678.34,6678.34,In-store,STORE_6,66
TXN_01549,CUST_466,2025-04-21,Perfume,Beauty,3,3768.82,11306.46,Online,STORE_5,113
TXN_01550,CUST_440,2025-04-16,Top,Apparel,1,2520.25,2520.25,Online,STORE_2,25
TXN_01551,CUST_259,2025-01-21,Shoes,Footwear,2,3052.91,6105.82,Online,STORE_2,61
TXN_01552,CUST_280,2025-03-17,Shoes,Footwear,3,4014.9,12044.7,Online,STORE_10,120
TXN_01553,CUST_101,2025-04-08,Handbag,Accessories,3,16748.0,50244.0,In-store,STORE_4,502
TXN_01554,CUST_229,2025-04-22,Top,Apparel,3,9849.01,29547.03,Online,STORE_2,295
TXN_01555,CUST_337,2025-02-10,Jewellery,Accessories,3,1482.85,4448.55,Online,STORE_4,44
TXN_01556,CUST_440,2025-01-07,Handbag,Accessories,3,2471.33,7413.99,In-store,STORE_9,74
TXN_01557,CUST_374,2025-03-18,Watch,Accessories,2,1725.46,3450.92,In-store,STORE_4,34
TXN_01558,CUST_293,2025-01-17,Dress,Apparel,3,1325.33,3975.99,In-store,STORE_8,39
TXN_01559,CUST_234,2025-02-05,Sunglasses,Accessories,1,3367.16,3367.16,Online,STORE_7,33
TXN_01560,CUST_287,2025-04-05,Top,Apparel,2,4806.94,9613.88,Online,STORE_9,96
TXN_01561,CUST_113,2025-04-24,Shoes,Footwear,3,16488.86,49466.58,Online,STORE_5,494
TXN_01562,CUST_292,2025-03-02,Jewellery,Accessories,2,10448.02,20896.04,Online,STORE_1,208
TXN_01563,CUST_146,2025-02-21,Dress,Apparel,3,8310.54,24931.62,In-store,STORE_5,249
TXN_01564,CUST_055,2025-01-15,Perfume,Beauty,3,3926.65,11779.95,Online,STORE_5,117
TXN_01565,CUST_119,2025-01-22,Sunglasses,Accessories,3,4948.26,14844.78,Online,STORE_10,148
TXN_01566,CUST_021,2025-01-05,Shoes,Footwear,3,5608.16,16824.48,Online,STORE_10,168
TXN_01567,CUST_051,2025-05-02,Perfume,Beauty,3,10926.13,32778.39,In-store,STORE_10,327
TXN_01568,CUST_318,2025-01-21,Jewellery,Accessories,3,4850.15,14550.45,In-store,STORE_4,145
TXN_01569,CUST_273,2025-03-01,Sunglasses,Accessories,2,5088.06,10176.12,In-store,STORE_6,101
TXN_01570,CUST_054,2025-02-05,Watch,Accessories,3,7920.51,23761.53,In-store,STORE_7,237
TXN_01571,CUST_049,2025-04-30,Shoes,Footwear,1,1485.88,1485.88,Online,STORE_1,14
TXN_01572,CUST_303,2025-02-18,Handbag,Accessories,3,11601.25,34803.75,In-store,STORE_1,348
TXN_01573,CUST_499,2025-04-04,Jewellery,Accessories,1,12273.63,12273.63,Online,STORE_5,122
TXN_01574,CUST_052,2025-04-19,Trousers,Apparel,2,15605.83,31211.66,Online,STORE_5,312
TXN_01575,CUST_129,2025-01-15,Watch,Accessories,3,2153.62,6460.86,In-store,STORE_6,64
TXN_01576,CUST_225,2025-01-31,Shoes,Footwear,1,11732.85,11732.85,Online,STORE_4,117
TXN_01577,CUST_142,2025-02-17,Dress,Apparel,1,3319.3,3319.3,Online,STORE_3,33
TXN_01578,CUST_051,2025-02-18,Jewellery,Accessories,2,6119.99,12239.98,In-store,STORE_10,122
TXN_01579,CUST_225,2025-05-09,Trousers,Apparel,2,5310.92,10621.84,Online,STORE_4,106
TXN_01580,CUST_207,2025-03-07,Watch,Accessories,2,10472.74,20945.48,Online,STORE_2,209
TXN_01581,CUST_338,2025-04-20,Jewellery,Accessories,1,12623.71,12623.71,Online,STORE_6,126
TXN_01582,CUST_315,2025-01-17,Jewellery,Accessories,2,8356.49,16712.98,Online,STORE_10,167
TXN_01583,CUST_159,2025-04-02,Perfume,Beauty,2,7499.84,14999.68,In-store,STORE_4,149
TXN_01584,CUST_330,2025-04-07,Trousers,Apparel,2,7549.36,15098.72,Online,STORE_3,150
TXN_01585,CUST_481,2025-03-22,Coat,Apparel,2,2615.93,5231.86,In-store,STORE_1,52
TXN_01586,CUST_041,2025-02-22,Dress,Apparel,3,21507.57,64522.71,Online,STORE_6,645
TXN_01587,CUST_303,2025-05-06,Handbag,Accessories,1,10200.19,10200.19,In-store,STORE_1,102
TXN_01588,CUST_304,2025-04-13,Coat,Apparel,1,6899.64,6899.64,Online,STORE_7,68
TXN_01589,CUST_305,2025-01-03,Watch,Accessories,1,6882.34,6882.34,In-store,STORE_7,68
TXN_01590,CUST_486,2025-01-31,Trousers,Apparel,2,8067.57,16135.14,In-store,STORE_8,161
TXN_01591,CUST_470,2025-03-27,Trousers,Apparel,1,2255.78,2255.78,In-store,STORE_7,22
TXN_01592,CUST_468,2025-04-25,Dress,Apparel,3,17557.23,52671.69,Online,STORE_7,526
TXN_01593,CUST_224,2025-05-01,Shoes,Footwear,2,10198.86,20397.72,In-store,STORE_9,203
TXN_01594,CUST_157,2025-03-21,Perfume,Beauty,1,14046.67,14046.67,Online,STORE_10,140
TXN_01595,CUST_114,2025-03-12,Coat,Apparel,3,1761.92,5285.76,Online,STORE_3,52
TXN_01596,CUST_457,2025-03-09,Watch,Accessories,3,14852.86,44558.58,Online,STORE_8,445
TXN_01597,CUST_211,2025-03-02,Dress,Apparel,2,1887.19,3774.38,In-store,STORE_4,37
TXN_01598,CUST_278,2025-05-06,Trousers,Apparel,3,4926.95,14780.85,In-store,STORE_4,147
TXN_01599,CUST_438,2025-03-01,Shoes,Footwear,1,9540.9,9540.9,In-store,STORE_10,95
TXN_01600,CUST_376,2025-03-01,Sunglasses,Accessories,1,13784.66,13784.66,In-store,STORE_10,137
TXN_01601,CUST_088,2025-03-17,Perfume,Beauty,3,2341.51,7024.53,In-store,STORE_9,70
TXN_01602,CUST_482,2025-04-26,Trousers,Apparel,3,4038.17,12114.51,In-store,STORE_8,121
TXN_01603,CUST_157,2025-04-28,Jewellery,Accessories,1,14932.84,14932.84,Online,STORE_2,149
TXN_01604,CUST_227,2025-01-14,Handbag,Accessories,2,1896.3,3792.6,Online,STORE_1,37
TXN_01605,CUST_409,2025-01-23,Shoes,Footwear,2,2759.67,5519.34,Online,STORE_1,55
TXN_01606,CUST_059,2025-04-17,Top,Apparel,1,12476.78,12476.78,Online,STORE_9,124
TXN_01607,CUST_206,2025-03-21,Jewellery,Accessories,1,7203.49,7203.49,In-store,STORE_5,72
TXN_01608,CUST_388,2025-04-21,Top,Apparel,3,2026.42,6079.26,Online,STORE_7,60
TXN_01609,CUST_375,2025-01-26,Perfume,Beauty,3,2190.82,6572.46,Online,STORE_3,65
TXN_01610,CUST_428,2025-04-18,Watch,Accessories,3,6024.59,18073.77,In-store,STORE_3,180
TXN_01611,CUST_356,2025-02-10,Jewellery,Accessories,2,13431.34,26862.68,In-store,STORE_9,268
TXN_01612,CUST_233,2025-01-08,Coat,Apparel,1,4488.62,4488.62,In-store,STORE_2,44
TXN_01613,CUST_207,2025-03-29,Shoes,Footwear,1,10436.76,10436.76,In-store,STORE_3,104
TXN_01614,CUST_136,2025-01-06,Dress,Apparel,3,8721.78,26165.34,Online,STORE_2,261
TXN_01615,CUST_291,2025-04-25,Handbag,Accessories,2,7688.71,15377.42,In-store,STORE_10,153
TXN_01616,CUST_285,2025-04-20,Shoes,Footwear,3,5648.59,16945.77,Online,STORE_5,169
TXN_01617,CUST_226,2025-02-04,Watch,Accessories,2,1899.85,3799.7,In-store,STORE_4,37
TXN_01618,CUST_380,2025-04-12,Top,Apparel,1,4862.81,4862.81,Online,STORE_7,48
TXN_01619,CUST_311,2025-02-13,Coat,Apparel,2,6727.97,13455.94,In-store,STORE_4,134
TXN_01620,CUST_275,2025-04-16,Handbag,Accessories,3,2113.51,6340.53,In-store,STORE_2,63
TXN_01621,CUST_112,2025-05-06,Top,Apparel,3,4891.0,14673.0,Online,STORE_2,146
TXN_01622,CUST_141,2025-01-18,Coat,Apparel,3,6589.36,19768.08,In-store,STORE_7,197
TXN_01623,CUST_095,2025-01-01,Coat,Apparel,1,4203.24,4203.24,In-store,STORE_5,42
TXN_01624,CUST_498,2025-05-06,Watch,Accessories,1,7294.56,7294.56,Online,STORE_9,72
TXN_01625,CUST_092,2025-01-28,Shoes,Footwear,2,7621.96,15243.92,In-store,STORE_8,152
TXN_01626,CUST_257,2025-03-29,Jewellery,Accessories,2,1994.35,3988.7,Online,STORE_8,39
TXN_01627,CUST_100,2025-05-04,Dress,Apparel,2,5406.36,10812.72,In-store,STORE_4,108
TXN_01628,CUST_445,2025-04-26,Shoes,Footwear,2,10305.78,20611.56,In-store,STORE_7,206
TXN_01629,CUST_279,2025-03-14,Dress,Apparel,2,3856.5,7713.0,Online,STORE_7,77
TXN_01630,CUST_038,2025-04-06,Top,Apparel,1,11188.59,11188.59,Online,STORE_10,111
TXN_01631,CUST_106,2025-01-17,Trousers,Apparel,2,10652.61,21305.22,In-store,STORE_8,213
TXN_01632,CUST_363,2025-04-01,Dress,Apparel,2,6663.26,13326.52,In-store,STORE_10,133
TXN_01633,CUST_348,2025-02-11,Trousers,Apparel,3,2306.83,6920.49,Online,STORE_9,69
TXN_01634,CUST_429,2025-03-19,Top,Apparel,2,1776.77,3553.54,Online,STORE_6,35
TXN_01635,CUST_469,2025-01-11,Jewellery,Accessories,2,2090.32,4180.64,In-store,STORE_10,41
TXN_01636,CUST_469,2025-02-27,Jewellery,Accessories,1,2334.22,2334.22,In-store,STORE_4,23
TXN_01637,CUST_439,2025-03-13,Jewellery,Accessories,2,6930.82,13861.64,Online,STORE_8,138
TXN_01638,CUST_315,2025-03-14,Jewellery,Accessories,1,6266.02,6266.02,In-store,STORE_4,62
TXN_01639,CUST_420,2025-05-02,Watch,Accessories,3,8148.5,24445.5,Online,STORE_6,244
TXN_01640,CUST_480,2025-01-09,Shoes,Footwear,3,9792.71,29378.13,Online,STORE_4,293
TXN_01641,CUST_432,2025-04-29,Sunglasses,Accessories,1,7740.6,7740.6,Online,STORE_8,77
TXN_01642,CUST_234,2025-02-22,Trousers,Apparel,2,3570.51,7141.02,In-store,STORE_1,71
TXN_01643,CUST_251,2025-02-24,Trousers,Apparel,2,12726.45,25452.9,Online,STORE_9,254
TXN_01644,CUST_294,2025-01-12,Shoes,Footwear,2,15789.17,31578.34,Online,STORE_4,315
TXN_01645,CUST_340,2025-03-03,Trousers,Apparel,1,15456.43,15456.43,In-store,STORE_7,154
TXN_01646,CUST_243,2025-04-20,Shoes,Footwear,2,7249.93,14499.86,In-store,STORE_7,144
TXN_01647,CUST_386,2025-05-04,Trousers,Apparel,1,1834.11,1834.11,In-store,STORE_7,18
TXN_01648,CUST_229,2025-02-10,Handbag,Accessories,3,11311.65,33934.95,Online,STORE_5,339
TXN_01649,CUST_085,2025-02-26,Top,Apparel,3,2412.56,7237.68,Online,STORE_9,72
TXN_01650,CUST_228,2025-05-07,Trousers,Apparel,1,2077.51,2077.51,Online,STORE_1,20
TXN_01651,CUST_310,2025-04-09,Trousers,Apparel,1,1508.99,1508.99,Online,STORE_9,15
TXN_01652,CUST_059,2025-03-04,Dress,Apparel,2,16541.24,33082.48,Online,STORE_10,330
TXN_01653,CUST_040,2025-04-09,Handbag,Accessories,3,1692.59,5077.77,Online,STORE_7,50
TXN_01654,CUST_421,2025-02-21,Watch,Accessories,1,1282.92,1282.92,Online,STORE_4,12
TXN_01655,CUST_474,2025-04-26,Shoes,Footwear,2,1886.67,3773.34,In-store,STORE_9,37
TXN_01656,CUST_500,2025-04-19,Trousers,Apparel,3,4210.41,12631.23,In-store,STORE_7,126
TXN_01657,CUST_340,2025-04-04,Shoes,Footwear,1,12044.14,12044.14,In-store,STORE_8,120
TXN_01658,CUST_282,2025-04-18,Watch,Accessories,1,2858.42,2858.42,In-store,STORE_1,28
TXN_01659,CUST_475,2025-03-17,Dress,Apparel,3,7754.51,23263.53,In-store,STORE_10,232
TXN_01660,CUST_309,2025-05-09,Watch,Accessories,1,2241.09,2241.09,Online,STORE_1,22
TXN_01661,CUST_423,2025-03-15,Watch,Accessories,1,3405.91,3405.91,Online,STORE_6,34
TXN_01662,CUST_170,2025-04-25,Shoes,Footwear,2,10395.55,20791.1,Online,STORE_5,207
TXN_01663,CUST_459,2025-02-21,Dress,Apparel,1,3941.79,3941.79,Online,STORE_4,39
TXN_01664,CUST_206,2025-01-17,Top,Apparel,1,7332.12,7332.12,In-store,STORE_7,73
TXN_01665,CUST_115,2025-02-23,Dress,Apparel,1,2004.37,2004.37,Online,STORE_5,20
TXN_01666,CUST_360,2025-02-23,Jewellery,Accessories,2,3048.17,6096.34,In-store,STORE_2,60
TXN_01667,CUST_262,2025-01-28,Coat,Apparel,2,2386.99,4773.98,Online,STORE_5,47
TXN_01668,CUST_347,2025-04-10,Handbag,Accessories,1,4707.03,4707.03,In-store,STORE_3,47
TXN_01669,CUST_353,2025-04-18,Perfume,Beauty,1,10748.8,10748.8,Online,STORE_7,107
TXN_01670,CUST_266,2025-05-05,Shoes,Footwear,3,4085.07,12255.21,Online,STORE_6,122
TXN_01671,CUST_060,2025-02-07,Dress,Apparel,3,2294.42,6883.26,Online,STORE_3,68
TXN_01672,CUST_140,2025-02-16,Handbag,Accessories,3,8495.97,25487.91,Online,STORE_2,254
TXN_01673,CUST_426,2025-03-31,Perfume,Beauty,2,11142.75,22285.5,Online,STORE_7,222
TXN_01674,CUST_161,2025-01-26,Handbag,Accessories,3,2830.11,8490.33,In-store,STORE_7,84
TXN_01675,CUST_223,2025-02-04,Watch,Accessories,3,2215.97,6647.91,Online,STORE_1,66
TXN_01676,CUST_203,2025-04-12,Jewellery,Accessories,1,2302.67,2302.67,In-store,STORE_2,23
TXN_01677,CUST_263,2025-02-19,Jewellery,Accessories,3,1966.06,5898.18,Online,STORE_7,58
TXN_01678,CUST_009,2025-03-04,Top,Apparel,3,4381.96,13145.88,In-store,STORE_2,131
TXN_01679,CUST_198,2025-02-02,Sunglasses,Accessories,3,3504.26,10512.78,Online,STORE_5,105
TXN_01680,CUST_227,2025-02-26,Top,Apparel,3,2135.87,6407.61,Online,STORE_4,64
TXN_01681,CUST_317,2025-01-28,Dress,Apparel,3,2197.98,6593.94,Online,STORE_10,65
TXN_01682,CUST_321,2025-03-08,Sunglasses,Accessories,3,5545.56,16636.68,In-store,STORE_7,166
TXN_01683,CUST_199,2025-01-02,Dress,Apparel,1,9073.84,9073.84,Online,STORE_7,90
TXN_01684,CUST_177,2025-05-01,Handbag,Accessories,3,11858.24,35574.72,In-store,STORE_5,355
TXN_01685,CUST_271,2025-04-19,Shoes,Footwear,3,8206.03,24618.09,In-store,STORE_7,246
TXN_01686,CUST_474,2025-01-11,Watch,Accessories,2,1809.88,3619.76,In-store,STORE_8,36
TXN_01687,CUST_061,2025-03-30,Handbag,Accessories,1,16072.04,16072.04,Online,STORE_2,160
TXN_01688,CUST_247,2025-04-22,Dress,Apparel,1,11182.16,11182.16,In-store,STORE_9,111
TXN_01689,CUST_439,2025-04-14,Dress,Apparel,1,8314.25,8314.25,Online,STORE_8,83
TXN_01690,CUST_100,2025-02-17,Jewellery,Accessories,1,4368.31,4368.31,Online,STORE_8,43
TXN_01691,CUST_482,2025-02-02,Shoes,Footwear,2,2599.1,5198.2,Online,STORE_8,51
TXN_01692,CUST_241,2025-02-20,Shoes,Footwear,3,5504.88,16514.64,In-store,STORE_10,165
TXN_01693,CUST_441,2025-03-09,Handbag,Accessories,3,1564.92,4694.76,In-store,STORE_2,46
TXN_01694,CUST_380,2025-02-10,Dress,Apparel,1,2906.59,2906.59,In-store,STORE_6,29
TXN_01695,CUST_298,2025-04-02,Dress,Apparel,2,7977.41,15954.82,Online,STORE_2,159
TXN_01696,CUST_306,2025-04-06,Dress,Apparel,1,16387.02,16387.02,Online,STORE_1,163
TXN_01697,CUST_079,2025-04-03,Handbag,Accessories,3,1646.08,4938.24,In-store,STORE_8,49
TXN_01698,CUST_230,2025-03-16,Top,Apparel,1,5159.58,5159.58,In-store,STORE_9,51
TXN_01699,CUST_339,2025-01-03,Watch,Accessories,2,17025.19,34050.38,Online,STORE_9,340
TXN_01700,CUST_030,2025-02-12,Watch,Accessories,2,8366.03,16732.06,In-store,STORE_3,167
TXN_01701,CUST_452,2025-02-15,Watch,Accessories,1,8696.16,8696.16,Online,STORE_4,86
TXN_01702,CUST_048,2025-01-19,Perfume,Beauty,2,11026.61,22053.22,In-store,STORE_4,220
TXN_01703,CUST_225,2025-05-07,Shoes,Footwear,2,7677.02,15354.04,In-store,STORE_10,153
TXN_01704,CUST_459,2025-04-16,Top,Apparel,1,4660.69,4660.69,Online,STORE_1,46
TXN_01705,CUST_076,2025-01-07,Shoes,Footwear,3,3462.54,10387.62,In-store,STORE_8,103
TXN_01706,CUST_240,2025-02-13,Sunglasses,Accessories,1,2303.69,2303.69,In-store,STORE_6,23
TXN_01707,CUST_407,2025-02-21,Watch,Accessories,3,4035.78,12107.34,Online,STORE_4,121
TXN_01708,CUST_428,2025-03-18,Watch,Accessories,2,8109.23,16218.46,In-store,STORE_4,162
TXN_01709,CUST_073,2025-03-01,Dress,Apparel,3,9373.17,28119.51,In-store,STORE_6,281
TXN_01710,CUST_273,2025-04-02,Shoes,Footwear,3,4613.83,13841.49,Online,STORE_10,138
TXN_01711,CUST_228,2025-04-16,Shoes,Footwear,1,1672.82,1672.82,Online,STORE_2,16
TXN_01712,CUST_396,2025-01-04,Watch,Accessories,2,4584.52,9169.04,Online,STORE_7,91
TXN_01713,CUST_213,2025-02-23,Dress,Apparel,1,2241.17,2241.17,Online,STORE_7,22
TXN_01714,CUST_470,2025-05-08,Coat,Apparel,2,1693.92,3387.84,In-store,STORE_7,33
TXN_01715,CUST_495,2025-01-29,Perfume,Beauty,1,10122.42,10122.42,Online,STORE_6,101
TXN_01716,CUST_087,2025-02-06,Shoes,Footwear,2,13240.8,26481.6,In-store,STORE_2,264
TXN_01717,CUST_479,2025-01-05,Dress,Apparel,3,5340.73,16022.19,In-store,STORE_3,160
TXN_01718,CUST_414,2025-04-09,Jewellery,Accessories,1,2098.35,2098.35,In-store,STORE_8,20
TXN_01719,CUST_116,2025-01-22,Watch,Accessories,1,4254.71,4254.71,Online,STORE_2,42
TXN_01720,CUST_007,2025-05-03,Dress,Apparel,2,2444.23,4888.46,In-store,STORE_6,48
TXN_01721,CUST_251,2025-01-30,Watch,Accessories,2,14021.6,28043.2,Online,STORE_4,280
TXN_01722,CUST_494,2025-01-21,Trousers,Apparel,1,4504.67,4504.67,In-store,STORE_4,45
TXN_01723,CUST_211,2025-03-12,Handbag,Accessories,1,2144.77,2144.77,Online,STORE_6,21
TXN_01724,CUST_216,2025-02-10,Dress,Apparel,1,3936.02,3936.02,Online,STORE_9,39
TXN_01725,CUST_020,2025-02-21,Jewellery,Accessories,3,1741.26,5223.78,Online,STORE_5,52
TXN_01726,CUST_069,2025-02-11,Watch,Accessories,3,7299.95,21899.85,In-store,STORE_2,218
TXN_01727,CUST_433,2025-02-18,Dress,Apparel,2,6341.13,12682.26,Online,STORE_4,126
TXN_01728,CUST_002,2025-05-08,Trousers,Apparel,2,5954.04,11908.08,In-store,STORE_10,119
TXN_01729,CUST_347,2025-01-13,Dress,Apparel,3,3302.97,9908.91,Online,STORE_5,99
TXN_01730,CUST_384,2025-03-24,Handbag,Accessories,1,2213.47,2213.47,Online,STORE_9,22
TXN_01731,CUST_465,2025-03-21,Watch,Accessories,1,2171.18,2171.18,In-store,STORE_10,21
TXN_01732,CUST_209,2025-04-16,Shoes,Footwear,3,7169.41,21508.23,Online,STORE_2,215
TXN_01733,CUST_168,2025-01-30,Dress,Apparel,1,1418.64,1418.64,In-store,STORE_1,14
TXN_01734,CUST_104,2025-01-27,Shoes,Footwear,3,8258.23,24774.69,Online,STORE_3,247
TXN_01735,CUST_013,2025-01-19,Handbag,Accessories,3,2144.26,6432.78,Online,STORE_5,64
TXN_01736,CUST_323,2025-03-11,Coat,Apparel,2,7395.42,14790.84,In-store,STORE_8,147
TXN_01737,CUST_358,2025-04-08,Watch,Accessories,1,7013.6,7013.6,Online,STORE_5,70
TXN_01738,CUST_428,2025-01-25,Watch,Accessories,1,5522.59,5522.59,In-store,STORE_9,55
TXN_01739,CUST_294,2025-01-27,Sunglasses,Accessories,2,17806.88,35613.76,Online,STORE_6,356
TXN_01740,CUST_471,2025-02-22,Dress,Apparel,2,14406.85,28813.7,Online,STORE_4,288
TXN_01741,CUST_316,2025-03-07,Watch,Accessories,3,6453.84,19361.52,In-store,STORE_3,193
TXN_01742,CUST_372,2025-02-25,Shoes,Footwear,1,19683.52,19683.52,Online,STORE_2,196
TXN_01743,CUST_312,2025-01-08,Handbag,Accessories,2,4914.01,9828.02,In-store,STORE_7,98
TXN_01744,CUST_233,2025-04-08,Trousers,Apparel,2,3164.24,6328.48,In-store,STORE_8,63
TXN_01745,CUST_186,2025-03-19,Top,Apparel,2,7738.25,15476.5,Online,STORE_2,154
TXN_01746,CUST_152,2025-04-17,Dress,Apparel,1,14172.37,14172.37,In-store,STORE_4,141
TXN_01747,CUST_110,2025-05-05,Dress,Apparel,3,11841.66,35524.98,Online,STORE_2,355
TXN_01748,CUST_263,2025-05-05,Handbag,Accessories,2,2314.09,4628.18,Online,STORE_6,46
TXN_01749,CUST_015,2025-01-18,Sunglasses,Accessories,1,2542.02,2542.02,In-store,STORE_7,25
TXN_01750,CUST_445,2025-02-24,Coat,Apparel,3,5592.05,16776.15,Online,STORE_10,167
TXN_01751,CUST_248,2025-04-17,Jewellery,Accessories,2,2990.06,5980.12,Online,STORE_6,59
TXN_01752,CUST_199,2025-03-26,Handbag,Accessories,2,9208.17,18416.34,Online,STORE_4,184
TXN_01753,CUST_081,2025-02-25,Dress,Apparel,2,3442.8,6885.6,Online,STORE_6,68
TXN_01754,CUST_105,2025-01-14,Shoes,Footwear,1,9703.03,9703.03,Online,STORE_9,97
TXN_01755,CUST_130,2025-01-21,Watch,Accessories,1,17464.67,17464.67,Online,STORE_3,174
TXN_01756,CUST_051,2025-02-01,Top,Apparel,1,9205.88,9205.88,In-store,STORE_7,92
TXN_01757,CUST_135,2025-02-13,Handbag,Accessories,1,7441.38,7441.38,In-store,STORE_4,74
TXN_01758,CUST_474,2025-03-07,Shoes,Footwear,2,2610.82,5221.64,Online,STORE_3,52
TXN_01759,CUST_135,2025-01-17,Dress,Apparel,2,7998.37,15996.74,Online,STORE_10,159
TXN_01760,CUST_482,2025-01-23,Shoes,Footwear,2,3714.77,7429.54,In-store,STORE_2,74
TXN_01761,CUST_132,2025-03-03,Top,Apparel,3,10389.75,31169.25,Online,STORE_4,311
TXN_01762,CUST_247,2025-02-27,Jewellery,Accessories,3,15005.05,45015.15,Online,STORE_6,450
TXN_01763,CUST_396,2025-03-21,Trousers,Apparel,3,4442.3,13326.9,Online,STORE_7,133
TXN_01764,CUST_094,2025-04-09,Trousers,Apparel,2,7636.29,15272.58,Online,STORE_4,152
TXN_01765,CUST_203,2025-02-25,Handbag,Accessories,2,2432.83,4865.66,Online,STORE_9,48
TXN_01766,CUST_251,2025-02-14,Trousers,Apparel,3,16399.56,49198.68,In-store,STORE_1,491
TXN_01767,CUST_404,2025-04-09,Handbag,Accessories,1,8503.83,8503.83,Online,STORE_10,85
TXN_01768,CUST_225,2025-02-17,Coat,Apparel,2,8780.25,17560.5,Online,STORE_2,175
TXN_01769,CUST_186,2025-02-07,Top,Apparel,2,8689.3,17378.6,In-store,STORE_5,173
TXN_01770,CUST_011,2025-03-28,Perfume,Beauty,1,2067.2,2067.2,In-store,STORE_8,20
TXN_01771,CUST_067,2025-04-12,Coat,Apparel,2,1485.99,2971.98,In-store,STORE_8,29
TXN_01772,CUST_276,2025-01-26,Shoes,Footwear,2,16846.47,33692.94,Online,STORE_1,336
TXN_01773,CUST_375,2025-03-30,Jewellery,Accessories,1,2262.72,2262.72,In-store,STORE_7,22
TXN_01774,CUST_118,2025-03-23,Watch,Accessories,1,6095.23,6095.23,Online,STORE_3,60
TXN_01775,CUST_126,2025-03-06,Sunglasses,Accessories,3,1697.47,5092.41,Online,STORE_6,50
TXN_01776,CUST_308,2025-01-06,Shoes,Footwear,1,2380.52,2380.52,In-store,STORE_2,23
TXN_01777,CUST_035,2025-04-02,Shoes,Footwear,1,3173.06,3173.06,Online,STORE_2,31
TXN_01778,CUST_241,2025-01-15,Shoes,Footwear,2,9186.68,18373.36,In-store,STORE_2,183
TXN_01779,CUST_473,2025-05-08,Dress,Apparel,2,8145.41,16290.82,In-store,STORE_2,162
TXN_01780,CUST_250,2025-03-25,Top,Apparel,1,2432.67,2432.67,Online,STORE_4,24
TXN_01781,CUST_148,2025-03-01,Handbag,Accessories,1,3958.47,3958.47,Online,STORE_3,39
TXN_01782,CUST_191,2025-01-25,Perfume,Beauty,1,2513.67,2513.67,Online,STORE_1,25
TXN_01783,CUST_475,2025-04-09,Dress,Apparel,1,14468.12,14468.12,In-store,STORE_3,144
TXN_01784,CUST_113,2025-01-02,Shoes,Footwear,3,9991.6,29974.8,In-store,STORE_4,299
TXN_01785,CUST_476,2025-05-07,Coat,Apparel,1,1409.44,1409.44,In-store,STORE_1,14
TXN_01786,CUST_322,2025-05-10,Jewellery,Accessories,2,10557.13,21114.26,Online,STORE_4,211
TXN_01787,CUST_166,2025-02-24,Dress,Apparel,3,2321.44,6964.32,Online,STORE_2,69
TXN_01788,CUST_095,2025-03-19,Watch,Accessories,3,3391.95,10175.85,In-store,STORE_9,101
TXN_01789,CUST_370,2025-03-01,Jewellery,Accessories,1,12894.6,12894.6,Online,STORE_3,128
TXN_01790,CUST_271,2025-02-24,Watch,Accessories,2,7685.14,15370.28,Online,STORE_5,153
TXN_01791,CUST_109,2025-03-12,Shoes,Footwear,1,3959.46,3959.46,Online,STORE_10,39
TXN_01792,CUST_341,2025-04-01,Dress,Apparel,1,7761.09,7761.09,In-store,STORE_3,77
TXN_01793,CUST_098,2025-03-03,Coat,Apparel,3,7590.04,22770.12,Online,STORE_9,227
TXN_01794,CUST_387,2025-04-30,Dress,Apparel,1,2029.1,2029.1,In-store,STORE_10,20
TXN_01795,CUST_236,2025-01-12,Sunglasses,Accessories,1,9596.07,9596.07,Online,STORE_7,95
TXN_01796,CUST_336,2025-03-01,Sunglasses,Accessories,1,9245.54,9245.54,In-store,STORE_7,92
TXN_01797,CUST_062,2025-04-03,Dress,Apparel,3,14377.35,43132.05,Online,STORE_6,431
TXN_01798,CUST_291,2025-04-05,Top,Apparel,3,5221.41,15664.23,Online,STORE_7,156
TXN_01799,CUST_013,2025-02-02,Dress,Apparel,2,2295.9,4591.8,Online,STORE_4,45
TXN_01800,CUST_124,2025-03-13,Handbag,Accessories,3,2524.64,7573.92,In-store,STORE_6,75
TXN_01801,CUST_205,2025-02-23,Trousers,Apparel,1,3706.0,3706.0,Online,STORE_10,37
TXN_01802,CUST_491,2025-01-16,Coat,Apparel,1,7667.01,7667.01,Online,STORE_10,76
TXN_01803,CUST_231,2025-03-31,Coat,Apparel,2,2786.99,5573.98,In-store,STORE_4,55
TXN_01804,CUST_317,2025-04-25,Handbag,Accessories,2,4286.88,8573.76,Online,STORE_7,85
TXN_01805,CUST_126,2025-04-06,Sunglasses,Accessories,3,2137.98,6413.94,In-store,STORE_3,64
TXN_01806,CUST_269,2025-04-07,Handbag,Accessories,3,3351.35,10054.05,In-store,STORE_4,100
TXN_01807,CUST_413,2025-05-08,Watch,Accessories,3,1570.68,4712.04,In-store,STORE_2,47
TXN_01808,CUST_401,2025-04-28,Shoes,Footwear,1,1936.06,1936.06,In-store,STORE_3,19
TXN_01809,CUST_113,2025-04-26,Coat,Apparel,2,13678.51,27357.02,In-store,STORE_3,273
TXN_01810,CUST_085,2025-04-12,Dress,Apparel,3,2042.82,6128.46,In-store,STORE_1,61
TXN_01811,CUST_408,2025-01-28,Coat,Apparel,2,9096.34,18192.68,Online,STORE_10,181
TXN_01812,CUST_379,2025-04-18,Shoes,Footwear,3,3801.97,11405.91,Online,STORE_7,114
TXN_01813,CUST_221,2025-01-15,Top,Apparel,3,8855.87,26567.61,Online,STORE_2,265
TXN_01814,CUST_327,2025-01-10,Dress,Apparel,1,8658.13,8658.13,Online,STORE_4,86
TXN_01815,CUST_497,2025-04-29,Jewellery,Accessories,1,3744.64,3744.64,In-store,STORE_4,37
TXN_01816,CUST_083,2025-01-04,Top,Apparel,1,1629.06,1629.06,In-store,STORE_10,16
TXN_01817,CUST_118,2025-05-01,Coat,Apparel,3,4777.55,14332.65,In-store,STORE_10,143
TXN_01818,CUST_418,2025-03-15,Shoes,Footwear,3,6586.69,19760.07,Online,STORE_7,197
TXN_01819,CUST_073,2025-03-01,Dress,Apparel,3,9651.42,28954.26,Online,STORE_2,289
TXN_01820,CUST_188,2025-02-14,Dress,Apparel,1,1777.17,1777.17,In-store,STORE_3,17
TXN_01821,CUST_040,2025-03-10,Top,Apparel,3,1820.71,5462.13,In-store,STORE_2,54
TXN_01822,CUST_362,2025-04-15,Handbag,Accessories,3,4182.26,12546.78,In-store,STORE_3,125
TXN_01823,CUST_099,2025-05-09,Watch,Accessories,2,4299.18,8598.36,In-store,STORE_7,85
TXN_01824,CUST_077,2025-03-10,Shoes,Footwear,3,1670.7,5012.1,Online,STORE_3,50
TXN_01825,CUST_046,2025-03-17,Watch,Accessories,3,2717.14,8151.42,Online,STORE_9,81
TXN_01826,CUST_498,2025-03-09,Trousers,Apparel,1,7441.74,7441.74,Online,STORE_4,74
TXN_01827,CUST_045,2025-03-18,Watch,Accessories,3,1796.89,5390.67,In-store,STORE_4,53
TXN_01828,CUST_341,2025-02-20,Dress,Apparel,1,8114.5,8114.5,Online,STORE_6,81
TXN_01829,CUST_247,2025-02-03,Handbag,Accessories,1,12552.11,12552.11,In-store,STORE_4,125
TXN_01830,CUST_022,2025-03-01,Dress,Apparel,1,4022.82,4022.82,Online,STORE_7,40
TXN_01831,CUST_463,2025-02-06,Trousers,Apparel,3,8656.8,25970.4,Online,STORE_1,259
TXN_01832,CUST_188,2025-03-26,Dress,Apparel,3,2077.18,6231.54,Online,STORE_3,62
TXN_01833,CUST_304,2025-03-30,Watch,Accessories,2,8068.76,16137.52,Online,STORE_3,161
TXN_01834,CUST_471,2025-04-19,Jewellery,Accessories,2,19459.08,38918.16,In-store,STORE_5,389
TXN_01835,CUST_342,2025-04-26,Trousers,Apparel,1,2223.92,2223.92,In-store,STORE_7,22
TXN_01836,CUST_148,2025-03-02,Top,Apparel,1,3442.59,3442.59,Online,STORE_3,34
TXN_01837,CUST_362,2025-02-09,Perfume,Beauty,3,2941.98,8825.94,In-store,STORE_10,88
TXN_01838,CUST_193,2025-01-02,Dress,Apparel,3,4172.15,12516.45,In-store,STORE_9,125
TXN_01839,CUST_438,2025-01-23,Watch,Accessories,2,8258.41,16516.82,In-store,STORE_8,165
TXN_01840,CUST_035,2025-04-01,Coat,Apparel,2,4345.4,8690.8,Online,STORE_1,86
TXN_01841,CUST_125,2025-04-17,Jewellery,Accessories,3,4003.78,12011.34,Online,STORE_4,120
TXN_01842,CUST_439,2025-05-02,Jewellery,Accessories,1,9012.17,9012.17,Online,STORE_10,90
TXN_01843,CUST_381,2025-02-11,Watch,Accessories,1,1891.65,1891.65,Online,STORE_9,18
TXN_01844,CUST_348,2025-04-02,Sunglasses,Accessories,1,4731.37,4731.37,In-store,STORE_6,47
TXN_01845,CUST_256,2025-02-12,Dress,Apparel,3,4178.86,12536.58,In-store,STORE_1,125
TXN_01846,CUST_418,2025-01-24,Shoes,Footwear,1,9054.88,9054.88,In-store,STORE_5,90
TXN_01847,CUST_033,2025-04-26,Shoes,Footwear,3,10865.54,32596.62,Online,STORE_6,325
TXN_01848,CUST_134,2025-01-18,Jewellery,Accessories,1,1292.13,1292.13,Online,STORE_9,12
TXN_01849,CUST_322,2025-03-25,Handbag,Accessories,2,9425.19,18850.38,Online,STORE_8,188
TXN_01850,CUST_166,2025-03-04,Handbag,Accessories,3,2734.71,8204.13,In-store,STORE_3,82
TXN_01851,CUST_049,2025-02-13,Shoes,Footwear,3,1527.69,4583.07,Online,STORE_3,45
TXN_01852,CUST_087,2025-03-09,Watch,Accessories,2,15990.3,31980.6,In-store,STORE_2,319
TXN_01853,CUST_035,2025-05-07,Sunglasses,Accessories,2,2766.32,5532.64,Online,STORE_3,55
TXN_01854,CUST_196,2025-04-29,Coat,Apparel,1,4340.16,4340.16,In-store,STORE_7,43
TXN_01855,CUST_142,2025-02-06,Handbag,Accessories,3,5082.11,15246.33,In-store,STORE_7,152
TXN_01856,CUST_223,2025-03-21,Watch,Accessories,1,1882.64,1882.64,In-store,STORE_5,18
TXN_01857,CUST_020,2025-01-08,Dress,Apparel,3,1568.82,4706.46,In-store,STORE_7,47
TXN_01858,CUST_433,2025-03-03,Handbag,Accessories,2,6673.31,13346.62,In-store,STORE_3,133
TXN_01859,CUST_034,2025-02-23,Shoes,Footwear,1,12947.7,12947.7,Online,STORE_1,129
TXN_01860,CUST_400,2025-02-22,Dress,Apparel,2,4338.95,8677.9,Online,STORE_9,86
TXN_01861,CUST_421,2025-03-18,Sunglasses,Accessories,2,1561.27,3122.54,In-store,STORE_1,31
TXN_01862,CUST_007,2025-01-05,Dress,Apparel,1,2217.79,2217.79,Online,STORE_2,22
TXN_01863,CUST_169,2025-02-07,Dress,Apparel,2,2438.91,4877.82,In-store,STORE_4,48
TXN_01864,CUST_049,2025-04-16,Trousers,Apparel,1,2363.56,2363.56,In-store,STORE_9,23
TXN_01865,CUST_341,2025-04-14,Perfume,Beauty,3,6967.88,20903.64,Online,STORE_1,209
TXN_01866,CUST_243,2025-02-16,Watch,Accessories,1,7941.87,7941.87,Online,STORE_2,79
TXN_01867,CUST_286,2025-04-05,Handbag,Accessories,1,19255.19,19255.19,In-store,STORE_10,192
TXN_01868,CUST_177,2025-03-02,Jewellery,Accessories,3,8974.42,26923.26,In-store,STORE_5,269
TXN_01869,CUST_201,2025-02-26,Handbag,Accessories,1,8710.34,8710.34,Online,STORE_7,87
TXN_01870,CUST_368,2025-01-29,Watch,Accessories,2,4499.59,8999.18,Online,STORE_6,89
TXN_01871,CUST_005,2025-03-28,Handbag,Accessories,3,14889.08,44667.24,Online,STORE_9,446
TXN_01872,CUST_440,2025-02-27,Dress,Apparel,2,2424.81,4849.62,Online,STORE_4,48
TXN_01873,CUST_241,2025-02-13,Shoes,Footwear,3,4743.61,14230.83,In-store,STORE_6,142
TXN_01874,CUST_180,2025-04-19,Top,Apparel,1,2402.79,2402.79,Online,STORE_6,24
TXN_01875,CUST_247,2025-05-02,Dress,Apparel,3,17004.3,51012.9,In-store,STORE_6,510
TXN_01876,CUST_238,2025-02-17,Shoes,Footwear,1,2056.31,2056.31,Online,STORE_10,20
TXN_01877,CUST_225,2025-03-07,Watch,Accessories,1,5773.4,5773.4,In-store,STORE_3,57
TXN_01878,CUST_429,2025-01-11,Jewellery,Accessories,1,1337.6,1337.6,In-store,STORE_9,13
TXN_01879,CUST_268,2025-02-07,Watch,Accessories,1,3389.45,3389.45,Online,STORE_9,33
TXN_01880,CUST_022,2025-03-03,Perfume,Beauty,3,4131.95,12395.85,In-store,STORE_3,123
TXN_01881,CUST_376,2025-01-24,Watch,Accessories,2,16117.28,32234.56,Online,STORE_6,322
TXN_01882,CUST_049,2025-03-12,Coat,Apparel,1,1635.02,1635.02,In-store,STORE_5,16
TXN_01883,CUST_025,2025-03-30,Trousers,Apparel,1,3841.24,3841.24,Online,STORE_1,38
TXN_01884,CUST_013,2025-04-20,Jewellery,Accessories,1,2167.41,2167.41,Online,STORE_8,21
TXN_01885,CUST_013,2025-02-09,Jewellery,Accessories,2,1362.36,2724.72,Online,STORE_1,27
TXN_01886,CUST_179,2025-04-21,Dress,Apparel,1,7360.65,7360.65,Online,STORE_5,73
TXN_01887,CUST_316,2025-02-01,Shoes,Footwear,2,8514.98,17029.96,Online,STORE_2,170
TXN_01888,CUST_016,2025-02-09,Handbag,Accessories,1,4370.77,4370.77,In-store,STORE_9,43
TXN_01889,CUST_352,2025-04-22,Top,Apparel,2,8531.82,17063.64,In-store,STORE_7,170
TXN_01890,CUST_355,2025-03-14,Watch,Accessories,1,2404.42,2404.42,In-store,STORE_6,24
TXN_01891,CUST_047,2025-04-23,Shoes,Footwear,1,2140.12,2140.12,Online,STORE_1,21
TXN_01892,CUST_123,2025-01-07,Watch,Accessories,3,1861.47,5584.41,In-store,STORE_5,55
TXN_01893,CUST_020,2025-05-10,Handbag,Accessories,3,2021.89,6065.67,In-store,STORE_7,60
TXN_01894,CUST_404,2025-04-18,Dress,Apparel,1,8181.57,8181.57,Online,STORE_10,81
TXN_01895,CUST_258,2025-02-16,Watch,Accessories,2,1797.26,3594.52,In-store,STORE_7,35
TXN_01896,CUST_364,2025-02-27,Watch,Accessories,3,8050.21,24150.63,In-store,STORE_8,241
TXN_01897,CUST_405,2025-02-05,Trousers,Apparel,1,18176.55,18176.55,In-store,STORE_10,181
TXN_01898,CUST_225,2025-01-09,Watch,Accessories,2,8363.06,16726.12,In-store,STORE_3,167
TXN_01899,CUST_143,2025-02-24,Coat,Apparel,3,6564.05,19692.15,In-store,STORE_7,196
TXN_01900,CUST_372,2025-03-29,Shoes,Footwear,1,15919.92,15919.92,In-store,STORE_3,159
TXN_01901,CUST_019,2025-04-10,Trousers,Apparel,2,17381.73,34763.46,Online,STORE_4,347
TXN_01902,CUST_440,2025-02-28,Jewellery,Accessories,1,2034.49,2034.49,Online,STORE_5,20
TXN_01903,CUST_031,2025-03-11,Handbag,Accessories,3,2486.99,7460.97,In-store,STORE_7,74
TXN_01904,CUST_337,2025-01-05,Handbag,Accessories,1,1896.12,1896.12,Online,STORE_4,18
TXN_01905,CUST_437,2025-03-25,Watch,Accessories,2,4267.24,8534.48,Online,STORE_7,85
TXN_01906,CUST_078,2025-03-22,Watch,Accessories,2,4809.77,9619.54,Online,STORE_6,96
TXN_01907,CUST_073,2025-02-10,Handbag,Accessories,3,9841.31,29523.93,Online,STORE_3,295
TXN_01908,CUST_055,2025-04-09,Perfume,Beauty,3,2972.66,8917.98,Online,STORE_3,89
TXN_01909,CUST_415,2025-03-03,Dress,Apparel,1,2303.03,2303.03,Online,STORE_4,23
TXN_01910,CUST_466,2025-02-23,Handbag,Accessories,2,3638.89,7277.78,Online,STORE_8,72
TXN_01911,CUST_297,2025-05-04,Watch,Accessories,2,8163.6,16327.2,Online,STORE_10,163
TXN_01912,CUST_045,2025-02-10,Watch,Accessories,2,1621.06,3242.12,In-store,STORE_10,32
TXN_01913,CUST_417,2025-04-24,Perfume,Beauty,1,3560.98,3560.98,In-store,STORE_6,35
TXN_01914,CUST_128,2025-01-18,Perfume,Beauty,1,4076.29,4076.29,In-store,STORE_8,40
TXN_01915,CUST_091,2025-05-09,Watch,Accessories,2,3846.45,7692.9,Online,STORE_7,76
TXN_01916,CUST_269,2025-02-26,Jewellery,Accessories,2,3092.43,6184.86,In-store,STORE_9,61
TXN_01917,CUST_299,2025-01-10,Dress,Apparel,2,9271.21,18542.42,Online,STORE_2,185
TXN_01918,CUST_260,2025-01-20,Dress,Apparel,3,1828.48,5485.44,In-store,STORE_5,54
TXN_01919,CUST_421,2025-02-21,Shoes,Footwear,3,1659.23,4977.69,Online,STORE_3,49
TXN_01920,CUST_341,2025-02-20,Top,Apparel,1,6986.34,6986.34,In-store,STORE_2,69
TXN_01921,CUST_255,2025-03-29,Handbag,Accessories,2,7528.29,15056.58,In-store,STORE_9,150
TXN_01922,CUST_371,2025-02-07,Watch,Accessories,3,3811.39,11434.17,Online,STORE_2,114
TXN_01923,CUST_413,2025-02-23,Watch,Accessories,3,2144.8,6434.4,In-store,STORE_1,64
TXN_01924,CUST_136,2025-03-09,Dress,Apparel,3,18406.95,55220.85,Online,STORE_4,552
TXN_01925,CUST_317,2025-01-07,Top,Apparel,2,3396.12,6792.24,In-store,STORE_4,67
TXN_01926,CUST_014,2025-01-24,Jewellery,Accessories,2,21116.42,42232.84,In-store,STORE_3,422
TXN_01927,CUST_093,2025-03-31,Shoes,Footwear,3,4015.59,12046.77,Online,STORE_3,120
TXN_01928,CUST_015,2025-04-16,Coat,Apparel,2,1783.29,3566.58,Online,STORE_3,35
TXN_01929,CUST_010,2025-05-07,Trousers,Apparel,3,5610.24,16830.72,Online,STORE_1,168
TXN_01930,CUST_022,2025-04-03,Dress,Apparel,1,3921.31,3921.31,In-store,STORE_6,39
TXN_01931,CUST_350,2025-03-03,Dress,Apparel,3,6496.8,19490.4,Online,STORE_1,194
TXN_01932,CUST_159,2025-04-27,Jewellery,Accessories,3,10423.77,31271.31,In-store,STORE_5,312
TXN_01933,CUST_018,2025-02-12,Shoes,Footwear,2,6007.97,12015.94,Online,STORE_8,120
TXN_01934,CUST_441,2025-04-21,Dress,Apparel,2,1895.43,3790.86,In-store,STORE_2,37
TXN_01935,CUST_471,2025-02-19,Dress,Apparel,1,14019.34,14019.34,Online,STORE_9,140
TXN_01936,CUST_237,2025-04-13,Sunglasses,Accessories,1,9139.26,9139.26,Online,STORE_3,91
TXN_01937,CUST_295,2025-05-09,Trousers,Apparel,2,17117.01,34234.02,In-store,STORE_10,342
TXN_01938,CUST_244,2025-02-23,Dress,Apparel,2,15756.74,31513.48,Online,STORE_5,315
TXN_01939,CUST_014,2025-04-17,Jewellery,Accessories,3,15530.65,46591.95,In-store,STORE_2,465
TXN_01940,CUST_396,2025-03-11,Watch,Accessories,1,3310.03,3310.03,Online,STORE_4,33
TXN_01941,CUST_081,2025-04-28,Dress,Apparel,3,3494.65,10483.95,Online,STORE_3,104
TXN_01942,CUST_073,2025-04-02,Dress,Apparel,1,10427.58,10427.58,In-store,STORE_8,104
TXN_01943,CUST_180,2025-01-25,Dress,Apparel,3,1545.78,4637.34,In-store,STORE_4,46
TXN_01944,CUST_222,2025-03-31,Top,Apparel,2,3103.05,6206.1,Online,STORE_4,62
TXN_01945,CUST_150,2025-03-21,Sunglasses,Accessories,2,2051.83,4103.66,In-store,STORE_6,41
TXN_01946,CUST_387,2025-04-07,Perfume,Beauty,3,2837.25,8511.75,In-store,STORE_7,85
TXN_01947,CUST_027,2025-02-15,Trousers,Apparel,2,2376.79,4753.58,In-store,STORE_4,47
TXN_01948,CUST_417,2025-02-05,Handbag,Accessories,3,5216.57,15649.71,In-store,STORE_9,156
TXN_01949,CUST_366,2025-02-19,Top,Apparel,2,17383.91,34767.82,In-store,STORE_2,347
TXN_01950,CUST_453,2025-04-09,Shoes,Footwear,3,1710.82,5132.46,In-store,STORE_8,51
TXN_01951,CUST_250,2025-01-11,Jewellery,Accessories,1,2580.79,2580.79,In-store,STORE_4,25
TXN_01952,CUST_174,2025-03-30,Watch,Accessories,3,2384.56,7153.68,In-store,STORE_7,71
TXN_01953,CUST_323,2025-04-21,Shoes,Footwear,1,8052.64,8052.64,In-store,STORE_9,80
TXN_01954,CUST_204,2025-04-12,Dress,Apparel,2,10579.17,21158.34,Online,STORE_8,211
TXN_01955,CUST_202,2025-01-07,Shoes,Footwear,1,4421.15,4421.15,In-store,STORE_6,44
TXN_01956,CUST_296,2025-03-02,Trousers,Apparel,1,4790.49,4790.49,In-store,STORE_8,47
TXN_01957,CUST_192,2025-03-10,Dress,Apparel,2,9127.62,18255.24,Online,STORE_10,182
TXN_01958,CUST_156,2025-05-05,Sunglasses,Accessories,2,5861.13,11722.26,Online,STORE_6,117
TXN_01959,CUST_334,2025-01-18,Jewellery,Accessories,3,7689.44,23068.32,In-store,STORE_8,230
TXN_01960,CUST_251,2025-04-07,Coat,Apparel,2,12005.56,24011.12,In-store,STORE_7,240
TXN_01961,CUST_354,2025-01-31,Trousers,Apparel,3,3943.64,11830.92,Online,STORE_8,118
TXN_01962,CUST_199,2025-01-06,Dress,Apparel,3,6851.77,20555.31,In-store,STORE_6,205
TXN_01963,CUST_342,2025-03-02,Shoes,Footwear,3,2299.15,6897.45,Online,STORE_9,68
TXN_01964,CUST_337,2025-04-14,Jewellery,Accessories,1,2353.68,2353.68,Online,STORE_5,23
TXN_01965,CUST_152,2025-03-06,Dress,Apparel,3,18087.44,54262.32,In-store,STORE_8,542
TXN_01966,CUST_492,2025-01-22,Dress,Apparel,3,2181.74,6545.22,Online,STORE_10,65
TXN_01967,CUST_347,2025-04-09,Perfume,Beauty,2,4557.02,9114.04,In-store,STORE_10,91
TXN_01968,CUST_159,2025-03-21,Dress,Apparel,3,7129.62,21388.86,In-store,STORE_2,213
TXN_01969,CUST_019,2025-04-02,Watch,Accessories,1,17360.28,17360.28,Online,STORE_3,173
TXN_01970,CUST_159,2025-05-02,Dress,Apparel,3,8864.84,26594.52,In-store,STORE_8,265
TXN_01971,CUST_273,2025-02-23,Trousers,Apparel,3,4224.18,12672.54,Online,STORE_7,126
TXN_01972,CUST_268,2025-01-25,Sunglasses,Accessories,2,3975.09,7950.18,In-store,STORE_7,79
TXN_01973,CUST_278,2025-03-30,Shoes,Footwear,1,5889.91,5889.91,Online,STORE_8,58
TXN_01974,CUST_322,2025-05-08,Perfume,Beauty,3,8702.58,26107.74,Online,STORE_6,261
TXN_01975,CUST_447,2025-04-16,Dress,Apparel,3,9784.01,29352.03,In-store,STORE_7,293
TXN_01976,CUST_368,2025-04-18,Shoes,Footwear,1,4458.58,4458.58,Online,STORE_8,44
TXN_01977,CUST_143,2025-04-18,Watch,Accessories,1,7850.69,7850.69,In-store,STORE_8,78
TXN_01978,CUST_401,2025-04-20,Watch,Accessories,1,1966.45,1966.45,Online,STORE_6,19
TXN_01979,CUST_289,2025-04-19,Perfume,Beauty,2,2119.15,4238.3,In-store,STORE_1,42
TXN_01980,CUST_490,2025-03-21,Handbag,Accessories,3,4144.67,12434.01,In-store,STORE_7,124
TXN_01981,CUST_017,2025-04-20,Shoes,Footwear,3,2706.09,8118.27,In-store,STORE_10,81
TXN_01982,CUST_097,2025-03-10,Watch,Accessories,2,5733.93,11467.86,Online,STORE_10,114
TXN_01983,CUST_385,2025-02-19,Handbag,Accessories,2,7576.54,15153.08,In-store,STORE_7,151
TXN_01984,CUST_470,2025-02-24,Sunglasses,Accessories,2,2227.58,4455.16,Online,STORE_8,44
TXN_01985,CUST_228,2025-05-03,Watch,Accessories,2,1923.06,3846.12,Online,STORE_3,38
TXN_01986,CUST_420,2025-02-27,Watch,Accessories,2,6422.57,12845.14,Online,STORE_5,128
TXN_01987,CUST_472,2025-01-11,Watch,Accessories,1,7898.94,7898.94,In-store,STORE_2,78
TXN_01988,CUST_252,2025-02-28,Jewellery,Accessories,2,3611.26,7222.52,Online,STORE_5,72
TXN_01989,CUST_131,2025-02-06,Shoes,Footwear,3,2212.89,6638.67,In-store,STORE_4,66
TXN_01990,CUST_296,2025-04-29,Coat,Apparel,2,4834.02,9668.04,Online,STORE_7,96
TXN_01991,CUST_391,2025-01-07,Jewellery,Accessories,1,8414.14,8414.14,In-store,STORE_1,84
TXN_01992,CUST_272,2025-01-28,Watch,Accessories,3,3856.89,11570.67,In-store,STORE_2,115
TXN_01993,CUST_106,2025-04-10,Watch,Accessories,3,12188.79,36566.37,In-store,STORE_5,365
TXN_01994,CUST_118,2025-01-12,Watch,Accessories,3,8360.2,25080.6,Online,STORE_6,250
TXN_01995,CUST_390,2025-03-20,Dress,Apparel,2,2500.0,5000.0,Online,STORE_3,50
TXN_01996,CUST_172,2025-02-21,Dress,Apparel,1,5430.61,5430.61,In-store,STORE_2,54
TXN_01997,CUST_446,2025-03-16,Jewellery,Accessories,3,2155.95,6467.85,Online,STORE_1,64
TXN_01998,CUST_436,2025-03-22,Watch,Accessories,2,4007.3,8014.6,Online,STORE_7,80
TXN_01999,CUST_040,2025-02-18,Dress,Apparel,2,2615.66,5231.32,In-store,STORE_8,52
TXN_02000,CUST_371,2025-01-03,Watch,Accessories,1,4569.56,4569.56,Online,STORE_5,45
TXN_02001,CUST_372,2025-03-14,Watch,Accessories,2,15033.66,30067.32,Online,STORE_3,300
TXN_02002,CUST_280,2025-04-20,Watch,Accessories,1,5112.31,5112.31,In-store,STORE_10,51
TXN_02003,CUST_462,2025-01-27,Jewellery,Accessories,3,15192.06,45576.18,In-store,STORE_10,455
TXN_02004,CUST_432,2025-03-25,Shoes,Footwear,2,9015.97,18031.94,Online,STORE_9,180
TXN_02005,CUST_319,2025-02-20,Dress,Apparel,1,2556.02,2556.02,Online,STORE_4,25
TXN_02006,CUST_453,2025-02-10,Watch,Accessories,2,1735.93,3471.86,Online,STORE_3,34
TXN_02007,CUST_296,2025-03-02,Shoes,Footwear,2,4832.05,9664.1,In-store,STORE_7,96
TXN_02008,CUST_014,2025-01-10,Dress,Apparel,3,13079.35,39238.05,Online,STORE_5,392
TXN_02009,CUST_134,2025-04-21,Top,Apparel,1,2448.87,2448.87,In-store,STORE_8,24
TXN_02010,CUST_273,2025-03-31,Trousers,Apparel,3,4765.04,14295.12,In-store,STORE_5,142
TXN_02011,CUST_333,2025-02-22,Trousers,Apparel,2,5526.97,11053.94,In-store,STORE_2,110
TXN_02012,CUST_061,2025-04-26,Handbag,Accessories,1,10208.55,10208.55,Online,STORE_1,102
TXN_02013,CUST_032,2025-02-06,Dress,Apparel,3,2377.79,7133.37,Online,STORE_7,71
TXN_02014,CUST_480,2025-03-01,Sunglasses,Accessories,2,9296.61,18593.22,In-store,STORE_2,185
TXN_02015,CUST_271,2025-01-08,Coat,Apparel,3,7160.97,21482.91,Online,STORE_6,214
TXN_02016,CUST_280,2025-01-11,Sunglasses,Accessories,1,3725.35,3725.35,In-store,STORE_6,37
TXN_02017,CUST_267,2025-02-22,Shoes,Footwear,3,6083.06,18249.18,In-store,STORE_10,182
TXN_02018,CUST_470,2025-01-26,Coat,Apparel,2,1977.87,3955.74,In-store,STORE_2,39
TXN_02019,CUST_119,2025-02-13,Watch,Accessories,1,3925.4,3925.4,Online,STORE_6,39
TXN_02020,CUST_480,2025-01-23,Coat,Apparel,1,6079.09,6079.09,Online,STORE_9,60
TXN_02021,CUST_204,2025-01-23,Jewellery,Accessories,1,9876.87,9876.87,Online,STORE_10,98
TXN_02022,CUST_191,2025-02-18,Handbag,Accessories,2,2165.84,4331.68,In-store,STORE_4,43
TXN_02023,CUST_032,2025-02-18,Perfume,Beauty,2,1699.71,3399.42,Online,STORE_6,33
TXN_02024,CUST_306,2025-01-26,Handbag,Accessories,2,12582.56,25165.12,Online,STORE_2,251
TXN_02025,CUST_489,2025-01-28,Dress,Apparel,3,3590.11,10770.33,In-store,STORE_2,107
TXN_02026,CUST_332,2025-05-09,Handbag,Accessories,3,3312.58,9937.74,Online,STORE_8,99
TXN_02027,CUST_423,2025-01-28,Shoes,Footwear,1,4198.01,4198.01,In-store,STORE_9,41
TXN_02028,CUST_033,2025-04-12,Watch,Accessories,3,16070.73,48212.19,Online,STORE_7,482
TXN_02029,CUST_205,2025-04-08,Shoes,Footwear,1,3934.65,3934.65,Online,STORE_9,39
TXN_02030,CUST_302,2025-03-01,Dress,Apparel,3,2259.29,6777.87,In-store,STORE_8,67
TXN_02031,CUST_276,2025-04-04,Coat,Apparel,1,13737.19,13737.19,Online,STORE_3,137
TXN_02032,CUST_221,2025-01-20,Dress,Apparel,1,7806.87,7806.87,Online,STORE_10,78
TXN_02033,CUST_360,2025-01-27,Dress,Apparel,2,5020.52,10041.04,In-store,STORE_3,100
TXN_02034,CUST_267,2025-02-16,Coat,Apparel,1,8059.5,8059.5,Online,STORE_3,80
TXN_02035,CUST_379,2025-01-05,Watch,Accessories,1,3336.96,3336.96,Online,STORE_1,33
TXN_02036,CUST_263,2025-05-04,Handbag,Accessories,3,2358.93,7076.79,Online,STORE_3,70
TXN_02037,CUST_405,2025-03-10,Shoes,Footwear,1,16344.14,16344.14,Online,STORE_7,163
TXN_02038,CUST_086,2025-02-07,Jewellery,Accessories,2,8198.75,16397.5,Online,STORE_3,163
TXN_02039,CUST_382,2025-01-15,Shoes,Footwear,3,13899.73,41699.19,In-store,STORE_8,416
TXN_02040,CUST_084,2025-01-03,Shoes,Footwear,1,21230.25,21230.25,Online,STORE_10,212
TXN_02041,CUST_486,2025-04-08,Trousers,Apparel,3,10110.09,30330.27,In-store,STORE_4,303
TXN_02042,CUST_122,2025-01-30,Handbag,Accessories,2,6590.7,13181.4,Online,STORE_7,131
TXN_02043,CUST_020,2025-04-14,Dress,Apparel,2,1650.66,3301.32,In-store,STORE_6,33
TXN_02044,CUST_367,2025-04-04,Shoes,Footwear,3,5741.81,17225.43,In-store,STORE_3,172
TXN_02045,CUST_445,2025-04-02,Trousers,Apparel,1,3877.4,3877.4,In-store,STORE_9,38
TXN_02046,CUST_049,2025-05-05,Sunglasses,Accessories,2,2760.61,5521.22,In-store,STORE_4,55
TXN_02047,CUST_344,2025-01-20,Shoes,Footwear,3,4476.83,13430.49,Online,STORE_3,134
TXN_02048,CUST_040,2025-04-01,Jewellery,Accessories,3,1840.08,5520.24,In-store,STORE_3,55
TXN_02049,CUST_063,2025-02-27,Jewellery,Accessories,2,8353.22,16706.44,Online,STORE_4,167
TXN_02050,CUST_464,2025-04-03,Jewellery,Accessories,3,4778.28,14334.84,In-store,STORE_8,143
TXN_02051,CUST_178,2025-02-20,Dress,Apparel,3,4309.72,12929.16,In-store,STORE_9,129
TXN_02052,CUST_456,2025-03-06,Jewellery,Accessories,2,2102.76,4205.52,Online,STORE_7,42
TXN_02053,CUST_486,2025-04-01,Sunglasses,Accessories,2,9449.41,18898.82,Online,STORE_2,188
TXN_02054,CUST_023,2025-01-14,Trousers,Apparel,1,4152.69,4152.69,Online,STORE_3,41
TXN_02055,CUST_490,2025-01-20,Top,Apparel,3,4760.28,14280.84,Online,STORE_4,142
TXN_02056,CUST_040,2025-03-29,Jewellery,Accessories,3,2163.05,6489.15,Online,STORE_10,64
TXN_02057,CUST_266,2025-05-08,Shoes,Footwear,1,5002.06,5002.06,Online,STORE_8,50
TXN_02058,CUST_471,2025-05-07,Handbag,Accessories,3,14905.86,44717.58,Online,STORE_2,447
TXN_02059,CUST_006,2025-05-09,Trousers,Apparel,1,1362.34,1362.34,In-store,STORE_1,13
TXN_02060,CUST_080,2025-03-09,Shoes,Footwear,1,2842.6,2842.6,In-store,STORE_1,28
TXN_02061,CUST_189,2025-02-14,Handbag,Accessories,1,7867.95,7867.95,Online,STORE_1,78
TXN_02062,CUST_059,2025-04-03,Handbag,Accessories,1,13533.53,13533.53,Online,STORE_4,135
TXN_02063,CUST_106,2025-01-11,Watch,Accessories,1,15003.94,15003.94,Online,STORE_6,150
TXN_02064,CUST_208,2025-03-28,Shoes,Footwear,1,6756.96,6756.96,In-store,STORE_3,67
TXN_02065,CUST_086,2025-01-15,Handbag,Accessories,3,8486.07,25458.21,In-store,STORE_2,254
TXN_02066,CUST_453,2025-01-21,Shoes,Footwear,2,2389.19,4778.38,Online,STORE_8,47
TXN_02067,CUST_467,2025-04-24,Shoes,Footwear,3,7502.14,22506.42,Online,STORE_10,225
TXN_02068,CUST_439,2025-02-13,Jewellery,Accessories,2,6375.51,12751.02,Online,STORE_6,127
TXN_02069,CUST_202,2025-01-13,Shoes,Footwear,3,3696.87,11090.61,In-store,STORE_10,110
TXN_02070,CUST_059,2025-03-18,Dress,Apparel,2,16277.29,32554.58,In-store,STORE_4,325
TXN_02071,CUST_423,2025-03-24,Shoes,Footwear,1,4814.09,4814.09,In-store,STORE_6,48
TXN_02072,CUST_308,2025-04-22,Trousers,Apparel,1,2045.23,2045.23,Online,STORE_8,20
TXN_02073,CUST_118,2025-04-28,Sunglasses,Accessories,2,9009.32,18018.64,In-store,STORE_8,180
TXN_02074,CUST_114,2025-04-09,Shoes,Footwear,3,1499.71,4499.13,In-store,STORE_7,44
TXN_02075,CUST_156,2025-04-05,Shoes,Footwear,2,3213.43,6426.86,Online,STORE_10,64
TXN_02076,CUST_070,2025-01-20,Coat,Apparel,2,15061.73,30123.46,Online,STORE_9,301
TXN_02077,CUST_133,2025-04-09,Handbag,Accessories,3,13994.44,41983.32,In-store,STORE_2,419
TXN_02078,CUST_066,2025-01-05,Watch,Accessories,2,3431.74,6863.48,In-store,STORE_5,68
TXN_02079,CUST_164,2025-01-04,Watch,Accessories,1,3403.85,3403.85,Online,STORE_3,34
TXN_02080,CUST_263,2025-02-16,Perfume,Beauty,2,2059.69,4119.38,Online,STORE_9,41
TXN_02081,CUST_268,2025-01-10,Trousers,Apparel,2,4606.81,9213.62,Online,STORE_3,92
TXN_02082,CUST_016,2025-01-06,Dress,Apparel,3,3850.6,11551.8,Online,STORE_8,115
TXN_02083,CUST_326,2025-05-09,Shoes,Footwear,1,7309.23,7309.23,Online,STORE_10,73
TXN_02084,CUST_269,2025-03-21,Top,Apparel,2,4220.84,8441.68,In-store,STORE_3,84
TXN_02085,CUST_206,2025-01-05,Perfume,Beauty,2,9178.31,18356.62,In-store,STORE_5,183
TXN_02086,CUST_181,2025-03-12,Jewellery,Accessories,2,9643.8,19287.6,Online,STORE_4,192
TXN_02087,CUST_496,2025-04-13,Handbag,Accessories,3,7630.01,22890.03,Online,STORE_9,228
TXN_02088,CUST_189,2025-01-09,Handbag,Accessories,1,8286.25,8286.25,In-store,STORE_10,82
TXN_02089,CUST_122,2025-04-27,Dress,Apparel,3,7981.75,23945.25,Online,STORE_5,239
TXN_02090,CUST_182,2025-01-21,Top,Apparel,3,6760.82,20282.46,Online,STORE_6,202
TXN_02091,CUST_476,2025-01-21,Coat,Apparel,2,1734.9,3469.8,In-store,STORE_3,34
TXN_02092,CUST_152,2025-01-10,Handbag,Accessories,2,16139.68,32279.36,Online,STORE_3,322
TXN_02093,CUST_492,2025-05-02,Jewellery,Accessories,2,2682.69,5365.38,In-store,STORE_3,53
TXN_02094,CUST_254,2025-02-22,Handbag,Accessories,2,1851.18,3702.36,Online,STORE_5,37
TXN_02095,CUST_484,2025-03-04,Watch,Accessories,2,14942.49,29884.98,Online,STORE_9,298
TXN_02096,CUST_130,2025-03-22,Trousers,Apparel,3,17923.42,53770.26,Online,STORE_1,537
TXN_02097,CUST_325,2025-02-23,Watch,Accessories,2,6883.06,13766.12,Online,STORE_2,137
TXN_02098,CUST_105,2025-05-03,Watch,Accessories,2,8757.41,17514.82,Online,STORE_7,175
TXN_02099,CUST_383,2025-02-02,Watch,Accessories,1,4177.39,4177.39,In-store,STORE_1,41
TXN_02100,CUST_042,2025-03-18,Dress,Apparel,1,4169.49,4169.49,In-store,STORE_6,41
TXN_02101,CUST_169,2025-02-18,Top,Apparel,1,1609.33,1609.33,In-store,STORE_5,16
TXN_02102,CUST_487,2025-01-23,Perfume,Beauty,1,1862.31,1862.31,Online,STORE_4,18
TXN_02103,CUST_021,2025-04-16,Shoes,Footwear,2,3801.46,7602.92,Online,STORE_6,76
TXN_02104,CUST_460,2025-03-21,Top,Apparel,3,1625.99,4877.97,Online,STORE_6,48
TXN_02105,CUST_195,2025-05-04,Perfume,Beauty,1,13265.74,13265.74,Online,STORE_7,132
TXN_02106,CUST_154,2025-03-24,Dress,Apparel,3,2134.07,6402.21,In-store,STORE_9,64
TXN_02107,CUST_322,2025-02-24,Jewellery,Accessories,3,10721.18,32163.54,In-store,STORE_1,321
TXN_02108,CUST_331,2025-04-18,Dress,Apparel,3,2776.76,8330.28,In-store,STORE_4,83
TXN_02109,CUST_267,2025-02-16,Sunglasses,Accessories,2,9258.92,18517.84,Online,STORE_3,185
TXN_02110,CUST_325,2025-02-25,Shoes,Footwear,1,7035.81,7035.81,In-store,STORE_9,70
TXN_02111,CUST_294,2025-04-12,Watch,Accessories,1,16563.74,16563.74,In-store,STORE_9,165
TXN_02112,CUST_073,2025-02-04,Top,Apparel,1,10039.38,10039.38,In-store,STORE_1,100
TXN_02113,CUST_100,2025-02-16,Top,Apparel,1,4172.22,4172.22,In-store,STORE_7,41
TXN_02114,CUST_181,2025-05-10,Jewellery,Accessories,3,7242.9,21728.7,Online,STORE_8,217
TXN_02115,CUST_022,2025-02-13,Dress,Apparel,3,4098.24,12294.72,Online,STORE_8,122
TXN_02116,CUST_268,2025-02-24,Sunglasses,Accessories,2,4604.1,9208.2,Online,STORE_2,92
TXN_02117,CUST_354,2025-04-29,Shoes,Footwear,2,4165.05,8330.1,In-store,STORE_7,83
TXN_02118,CUST_138,2025-01-17,Perfume,Beauty,3,8879.71,26639.13,In-store,STORE_5,266
TXN_02119,CUST_069,2025-01-06,Sunglasses,Accessories,2,6660.31,13320.62,In-store,STORE_8,133
TXN_02120,CUST_136,2025-04-14,Top,Apparel,2,11672.6,23345.2,In-store,STORE_8,233
TXN_02121,CUST_273,2025-01-24,Shoes,Footwear,3,3687.42,11062.26,Online,STORE_10,110
TXN_02122,CUST_083,2025-03-18,Jewellery,Accessories,1,2078.14,2078.14,Online,STORE_4,20
TXN_02123,CUST_067,2025-04-03,Trousers,Apparel,2,3153.18,6306.36,Online,STORE_8,63
TXN_02124,CUST_218,2025-04-26,Dress,Apparel,3,2175.56,6526.68,In-store,STORE_2,65
TXN_02125,CUST_124,2025-02-21,Handbag,Accessories,1,2080.23,2080.23,Online,STORE_2,20
TXN_02126,CUST_308,2025-03-16,Watch,Accessories,3,2075.59,6226.77,In-store,STORE_8,62
TXN_02127,CUST_382,2025-03-15,Watch,Accessories,2,16966.5,33933.0,Online,STORE_8,339
TXN_02128,CUST_363,2025-04-01,Handbag,Accessories,2,6957.59,13915.18,Online,STORE_1,139
TXN_02129,CUST_399,2025-04-03,Sunglasses,Accessories,2,7339.24,14678.48,In-store,STORE_8,146
TXN_02130,CUST_196,2025-02-21,Trousers,Apparel,3,5045.57,15136.71,In-store,STORE_4,151
TXN_02131,CUST_245,2025-03-07,Handbag,Accessories,3,15005.64,45016.92,Online,STORE_1,450
TXN_02132,CUST_444,2025-01-13,Watch,Accessories,2,2804.79,5609.58,In-store,STORE_4,56
TXN_02133,CUST_257,2025-02-23,Dress,Apparel,3,1967.37,5902.11,Online,STORE_10,59
TXN_02134,CUST_456,2025-04-01,Handbag,Accessories,2,1420.85,2841.7,Online,STORE_1,28
TXN_02135,CUST_060,2025-02-09,Jewellery,Accessories,3,2361.21,7083.63,In-store,STORE_2,70
TXN_02136,CUST_112,2025-04-11,Perfume,Beauty,3,4347.92,13043.76,In-store,STORE_5,130
TXN_02137,CUST_071,2025-01-14,Trousers,Apparel,2,4647.37,9294.74,In-store,STORE_9,92
TXN_02138,CUST_297,2025-03-15,Shoes,Footwear,1,6078.52,6078.52,In-store,STORE_5,60
TXN_02139,CUST_242,2025-04-04,Handbag,Accessories,2,1522.3,3044.6,In-store,STORE_1,30
TXN_02140,CUST_402,2025-03-02,Trousers,Apparel,2,4835.64,9671.28,Online,STORE_8,96
TXN_02141,CUST_241,2025-05-04,Watch,Accessories,1,8912.24,8912.24,Online,STORE_2,89
TXN_02142,CUST_435,2025-05-10,Trousers,Apparel,2,4242.49,8484.98,Online,STORE_9,84
TXN_02143,CUST_392,2025-03-21,Dress,Apparel,2,8608.57,17217.14,In-store,STORE_5,172
TXN_02144,CUST_261,2025-01-16,Jewellery,Accessories,2,10770.97,21541.94,In-store,STORE_8,215
TXN_02145,CUST_347,2025-04-24,Dress,Apparel,1,4226.12,4226.12,In-store,STORE_2,42
TXN_02146,CUST_021,2025-04-04,Watch,Accessories,3,3018.66,9055.98,Online,STORE_9,90
TXN_02147,CUST_346,2025-03-07,Jewellery,Accessories,1,7482.98,7482.98,Online,STORE_4,74
TXN_02148,CUST_298,2025-03-23,Top,Apparel,2,10228.07,20456.14,Online,STORE_9,204
TXN_02149,CUST_077,2025-02-27,Shoes,Footwear,3,2039.66,6118.98,Online,STORE_4,61
TXN_02150,CUST_252,2025-03-31,Handbag,Accessories,1,4112.54,4112.54,Online,STORE_2,41
TXN_02151,CUST_407,2025-03-09,Watch,Accessories,3,4158.93,12476.79,In-store,STORE_8,124
TXN_02152,CUST_442,2025-01-07,Watch,Accessories,2,10291.44,20582.88,Online,STORE_8,205
TXN_02153,CUST_045,2025-02-16,Watch,Accessories,1,1547.3,1547.3,Online,STORE_2,15
TXN_02154,CUST_043,2025-01-03,Shoes,Footwear,2,4337.17,8674.34,Online,STORE_6,86
TXN_02155,CUST_473,2025-01-16,Dress,Apparel,3,8416.26,25248.78,In-store,STORE_3,252
TXN_02156,CUST_192,2025-04-06,Jewellery,Accessories,3,6369.95,19109.85,Online,STORE_6,191
TXN_02157,CUST_078,2025-04-13,Shoes,Footwear,1,3223.69,3223.69,In-store,STORE_3,32
TXN_02158,CUST_092,2025-04-23,Watch,Accessories,3,8625.64,25876.92,Online,STORE_9,258
TXN_02159,CUST_053,2025-03-10,Dress,Apparel,1,3956.91,3956.91,In-store,STORE_10,39
TXN_02160,CUST_220,2025-04-20,Top,Apparel,1,3833.78,3833.78,Online,STORE_7,38
TXN_02161,CUST_387,2025-02-24,Handbag,Accessories,3,4398.39,13195.17,Online,STORE_5,131
TXN_02162,CUST_204,2025-04-19,Jewellery,Accessories,2,9699.92,19399.84,Online,STORE_7,193
TXN_02163,CUST_272,2025-05-01,Shoes,Footwear,2,4417.58,8835.16,In-store,STORE_2,88
TXN_02164,CUST_471,2025-03-29,Top,Apparel,1,15300.21,15300.21,Online,STORE_6,153
TXN_02165,CUST_238,2025-04-24,Shoes,Footwear,3,3023.09,9069.27,Online,STORE_1,90
TXN_02166,CUST_007,2025-02-15,Jewellery,Accessories,2,2069.86,4139.72,In-store,STORE_8,41
TXN_02167,CUST_359,2025-01-24,Handbag,Accessories,3,1976.98,5930.94,Online,STORE_5,59
TXN_02168,CUST_446,2025-01-14,Dress,Apparel,1,2298.36,2298.36,Online,STORE_3,22
TXN_02169,CUST_280,2025-03-24,Shoes,Footwear,3,2558.39,7675.17,Online,STORE_8,76
TXN_02170,CUST_185,2025-04-08,Dress,Apparel,3,6476.37,19429.11,In-store,STORE_10,194
TXN_02171,CUST_199,2025-02-27,Handbag,Accessories,2,9135.62,18271.24,Online,STORE_5,182
TXN_02172,CUST_213,2025-04-17,Handbag,Accessories,1,2130.87,2130.87,Online,STORE_1,21
TXN_02173,CUST_087,2025-01-27,Shoes,Footwear,2,14380.9,28761.8,In-store,STORE_10,287
TXN_02174,CUST_308,2025-02-23,Watch,Accessories,1,2574.98,2574.98,Online,STORE_10,25
TXN_02175,CUST_478,2025-03-28,Sunglasses,Accessories,3,7404.26,22212.78,In-store,STORE_6,222
TXN_02176,CUST_235,2025-04-21,Trousers,Apparel,2,2162.01,4324.02,Online,STORE_6,43
TXN_02177,CUST_203,2025-01-11,Jewellery,Accessories,1,2038.07,2038.07,Online,STORE_1,20
TXN_02178,CUST_059,2025-01-14,Jewellery,Accessories,1,16678.74,16678.74,Online,STORE_7,166
TXN_02179,CUST_093,2025-01-20,Trousers,Apparel,3,3443.49,10330.47,Online,STORE_3,103
TXN_02180,CUST_473,2025-03-11,Handbag,Accessories,2,8753.27,17506.54,Online,STORE_9,175
TXN_02181,CUST_421,2025-03-22,Watch,Accessories,1,1489.36,1489.36,Online,STORE_1,14
TXN_02182,CUST_030,2025-03-18,Shoes,Footwear,3,9134.72,27404.16,In-store,STORE_1,274
TXN_02183,CUST_064,2025-01-15,Handbag,Accessories,1,15528.29,15528.29,Online,STORE_8,155
TXN_02184,CUST_278,2025-02-07,Watch,Accessories,2,3008.47,6016.94,Online,STORE_4,60
TXN_02185,CUST_215,2025-05-01,Handbag,Accessories,3,1840.5,5521.5,In-store,STORE_9,55
TXN_02186,CUST_044,2025-05-08,Watch,Accessories,2,4358.99,8717.98,Online,STORE_8,87
TXN_02187,CUST_481,2025-04-19,Coat,Apparel,1,1535.91,1535.91,In-store,STORE_2,15
TXN_02188,CUST_006,2025-02-25,Watch,Accessories,2,2272.93,4545.86,In-store,STORE_2,45
TXN_02189,CUST_198,2025-05-06,Shoes,Footwear,3,3415.27,10245.81,In-store,STORE_7,102
TXN_02190,CUST_277,2025-01-24,Handbag,Accessories,1,18353.07,18353.07,In-store,STORE_8,183
TXN_02191,CUST_156,2025-04-23,Shoes,Footwear,3,4609.0,13827.0,In-store,STORE_2,138
TXN_02192,CUST_247,2025-02-22,Top,Apparel,2,12584.04,25168.08,In-store,STORE_2,251
TXN_02193,CUST_500,2025-02-21,Sunglasses,Accessories,1,2917.5,2917.5,Online,STORE_4,29
TXN_02194,CUST_181,2025-05-06,Handbag,Accessories,2,8188.52,16377.04,Online,STORE_9,163
TXN_02195,CUST_266,2025-01-05,Trousers,Apparel,1,3763.61,3763.61,Online,STORE_9,37
TXN_02196,CUST_048,2025-03-19,Dress,Apparel,2,11793.75,23587.5,Online,STORE_3,235
TXN_02197,CUST_045,2025-02-23,Trousers,Apparel,1,2280.26,2280.26,In-store,STORE_8,22
TXN_02198,CUST_495,2025-04-23,Handbag,Accessories,3,8442.42,25327.26,In-store,STORE_2,253
TXN_02199,CUST_449,2025-01-13,Perfume,Beauty,3,2662.63,7987.89,Online,STORE_10,79
TXN_02200,CUST_389,2025-04-03,Handbag,Accessories,1,2239.13,2239.13,In-store,STORE_7,22
TXN_02201,CUST_398,2025-04-26,Watch,Accessories,1,9483.97,9483.97,Online,STORE_3,94
TXN_02202,CUST_022,2025-04-20,Perfume,Beauty,3,4048.1,12144.3,In-store,STORE_5,121
TXN_02203,CUST_480,2025-04-18,Watch,Accessories,2,8683.22,17366.44,Online,STORE_4,173
TXN_02204,CUST_184,2025-01-15,Top,Apparel,2,6436.32,12872.64,In-store,STORE_9,128
TXN_02205,CUST_199,2025-03-23,Dress,Apparel,3,10096.39,30289.17,In-store,STORE_8,302
TXN_02206,CUST_428,2025-03-29,Sunglasses,Accessories,3,6991.03,20973.09,Online,STORE_5,209
TXN_02207,CUST_026,2025-02-26,Shoes,Footwear,2,18120.89,36241.78,In-store,STORE_5,362
TXN_02208,CUST_375,2025-03-20,Top,Apparel,3,1969.07,5907.21,In-store,STORE_2,59
TXN_02209,CUST_069,2025-03-09,Coat,Apparel,2,5992.19,11984.38,In-store,STORE_7,119
TXN_02210,CUST_452,2025-02-04,Sunglasses,Accessories,3,7500.37,22501.11,Online,STORE_7,225
TXN_02211,CUST_418,2025-02-27,Shoes,Footwear,3,9041.45,27124.35,In-store,STORE_2,271
TXN_02212,CUST_377,2025-04-01,Shoes,Footwear,2,4585.57,9171.14,In-store,STORE_8,91
TXN_02213,CUST_308,2025-03-18,Watch,Accessories,1,2015.9,2015.9,Online,STORE_10,20
TXN_02214,CUST_208,2025-02-08,Shoes,Footwear,1,7799.97,7799.97,Online,STORE_10,77
TXN_02215,CUST_395,2025-01-12,Dress,Apparel,2,3025.16,6050.32,In-store,STORE_9,60
TXN_02216,CUST_222,2025-03-03,Jewellery,Accessories,1,4717.37,4717.37,In-store,STORE_5,47
TXN_02217,CUST_242,2025-04-21,Handbag,Accessories,1,1666.53,1666.53,Online,STORE_8,16
TXN_02218,CUST_342,2025-01-14,Shoes,Footwear,3,1709.17,5127.51,Online,STORE_2,51
TXN_02219,CUST_299,2025-05-07,Jewellery,Accessories,1,7220.67,7220.67,Online,STORE_5,72
TXN_02220,CUST_115,2025-04-13,Dress,Apparel,3,2632.75,7898.25,Online,STORE_6,78
TXN_02221,CUST_140,2025-01-28,Jewellery,Accessories,2,6280.52,12561.04,Online,STORE_8,125
TXN_02222,CUST_340,2025-02-14,Sunglasses,Accessories,1,17703.09,17703.09,In-store,STORE_8,177
TXN_02223,CUST_353,2025-03-29,Top,Apparel,3,6393.99,19181.97,In-store,STORE_9,191
TXN_02224,CUST_239,2025-02-20,Handbag,Accessories,2,4284.04,8568.08,In-store,STORE_9,85
TXN_02225,CUST_015,2025-03-09,Watch,Accessories,3,1968.58,5905.74,In-store,STORE_4,59
TXN_02226,CUST_162,2025-05-03,Jewellery,Accessories,1,1944.1,1944.1,In-store,STORE_4,19
TXN_02227,CUST_138,2025-04-09,Top,Apparel,1,8526.46,8526.46,Online,STORE_2,85
TXN_02228,CUST_189,2025-03-07,Handbag,Accessories,3,5862.51,17587.53,In-store,STORE_10,175
TXN_02229,CUST_490,2025-01-08,Dress,Apparel,2,3686.34,7372.68,In-store,STORE_10,73
TXN_02230,CUST_304,2025-04-21,Watch,Accessories,2,6774.4,13548.8,Online,STORE_2,135
TXN_02231,CUST_143,2025-03-02,Shoes,Footwear,3,7957.0,23871.0,Online,STORE_4,238
TXN_02232,CUST_109,2025-02-27,Watch,Accessories,1,4936.85,4936.85,Online,STORE_2,49
TXN_02233,CUST_285,2025-05-09,Coat,Apparel,2,3026.12,6052.24,Online,STORE_9,60
TXN_02234,CUST_112,2025-03-01,Handbag,Accessories,2,5212.93,10425.86,In-store,STORE_8,104
TXN_02235,CUST_331,2025-02-26,Dress,Apparel,3,2386.98,7160.94,In-store,STORE_4,71
TXN_02236,CUST_146,2025-04-04,Top,Apparel,1,5668.0,5668.0,In-store,STORE_9,56
TXN_02237,CUST_242,2025-03-17,Perfume,Beauty,1,1974.96,1974.96,Online,STORE_4,19
TXN_02238,CUST_341,2025-03-22,Jewellery,Accessories,3,7881.31,23643.93,Online,STORE_4,236
TXN_02239,CUST_400,2025-02-17,Top,Apparel,3,2879.12,8637.36,Online,STORE_3,86
TXN_02240,CUST_138,2025-04-14,Jewellery,Accessories,2,10028.39,20056.78,In-store,STORE_5,200
TXN_02241,CUST_218,2025-03-31,Dress,Apparel,2,1775.8,3551.6,In-store,STORE_8,35
TXN_02242,CUST_118,2025-05-01,Watch,Accessories,2,8536.87,17073.74,In-store,STORE_9,170
TXN_02243,CUST_335,2025-04-27,Shoes,Footwear,3,11867.24,35601.72,In-store,STORE_9,356
TXN_02244,CUST_011,2025-01-22,Perfume,Beauty,1,2398.97,2398.97,In-store,STORE_2,23
TXN_02245,CUST_473,2025-03-01,Jewellery,Accessories,3,10327.42,30982.26,In-store,STORE_7,309
TXN_02246,CUST_356,2025-03-10,Handbag,Accessories,1,15430.28,15430.28,In-store,STORE_8,154
TXN_02247,CUST_140,2025-02-14,Dress,Apparel,3,7475.29,22425.87,Online,STORE_10,224
TXN_02248,CUST_187,2025-05-06,Shoes,Footwear,3,5194.57,15583.71,In-store,STORE_10,155
TXN_02249,CUST_266,2025-01-22,Shoes,Footwear,3,5020.08,15060.24,In-store,STORE_6,150
TXN_02250,CUST_358,2025-01-19,Shoes,Footwear,1,6750.19,6750.19,Online,STORE_5,67
TXN_02251,CUST_439,2025-02-04,Jewellery,Accessories,1,6749.16,6749.16,Online,STORE_2,67
TXN_02252,CUST_193,2025-01-16,Jewellery,Accessories,2,4274.15,8548.3,In-store,STORE_1,85
TXN_02253,CUST_208,2025-02-11,Watch,Accessories,2,6689.34,13378.68,In-store,STORE_8,133
TXN_02254,CUST_065,2025-02-01,Perfume,Beauty,2,6265.65,12531.3,In-store,STORE_2,125
TXN_02255,CUST_321,2025-04-02,Watch,Accessories,2,6900.18,13800.36,Online,STORE_7,138
TXN_02256,CUST_396,2025-04-01,Watch,Accessories,2,3017.53,6035.06,Online,STORE_8,60
TXN_02257,CUST_219,2025-04-09,Shoes,Footwear,2,7114.2,14228.4,In-store,STORE_1,142
TXN_02258,CUST_396,2025-02-19,Shoes,Footwear,2,2814.22,5628.44,Online,STORE_2,56
TXN_02259,CUST_336,2025-01-23,Shoes,Footwear,1,7865.86,7865.86,In-store,STORE_3,78
TXN_02260,CUST_467,2025-03-06,Shoes,Footwear,3,7279.56,21838.68,In-store,STORE_3,218
TXN_02261,CUST_441,2025-03-10,Dress,Apparel,3,2191.18,6573.54,Online,STORE_9,65
TXN_02262,CUST_457,2025-01-25,Trousers,Apparel,1,16369.0,16369.0,Online,STORE_3,163
TXN_02263,CUST_233,2025-02-27,Trousers,Apparel,3,3678.5,11035.5,In-store,STORE_4,110
TXN_02264,CUST_446,2025-02-05,Dress,Apparel,3,2513.13,7539.39,Online,STORE_1,75
TXN_02265,CUST_059,2025-05-06,Top,Apparel,1,22031.92,22031.92,Online,STORE_10,220
TXN_02266,CUST_097,2025-02-06,Trousers,Apparel,2,6706.89,13413.78,Online,STORE_4,134
TXN_02267,CUST_011,2025-02-13,Handbag,Accessories,1,2292.85,2292.85,Online,STORE_2,22
TXN_02268,CUST_296,2025-03-02,Shoes,Footwear,2,2396.97,4793.94,Online,STORE_1,47
TXN_02269,CUST_271,2025-04-22,Trousers,Apparel,3,7221.95,21665.85,Online,STORE_8,216
TXN_02270,CUST_028,2025-02-08,Watch,Accessories,3,19904.37,59713.11,In-store,STORE_8,597
TXN_02271,CUST_246,2025-03-17,Watch,Accessories,1,6054.79,6054.79,In-store,STORE_9,60
TXN_02272,CUST_267,2025-03-24,Shoes,Footwear,2,9115.04,18230.08,In-store,STORE_10,182
TXN_02273,CUST_258,2025-02-17,Watch,Accessories,2,1794.63,3589.26,In-store,STORE_9,35
TXN_02274,CUST_303,2025-03-08,Dress,Apparel,1,10791.25,10791.25,In-store,STORE_8,107
TXN_02275,CUST_356,2025-03-12,Dress,Apparel,3,15069.31,45207.93,In-store,STORE_3,452
TXN_02276,CUST_493,2025-04-23,Top,Apparel,2,1468.98,2937.96,Online,STORE_3,29
TXN_02277,CUST_274,2025-03-01,Shoes,Footwear,3,3623.61,10870.83,Online,STORE_8,108
TXN_02278,CUST_274,2025-02-14,Shoes,Footwear,1,2909.64,2909.64,In-store,STORE_2,29
TXN_02279,CUST_144,2025-02-12,Trousers,Apparel,2,11319.79,22639.58,Online,STORE_9,226
TXN_02280,CUST_460,2025-03-29,Perfume,Beauty,2,1751.14,3502.28,In-store,STORE_6,35
TXN_02281,CUST_157,2025-01-27,Top,Apparel,2,17701.75,35403.5,In-store,STORE_3,354
TXN_02282,CUST_318,2025-03-26,Perfume,Beauty,3,3244.75,9734.25,Online,STORE_1,97
TXN_02283,CUST_433,2025-02-24,Jewellery,Accessories,3,5035.24,15105.72,Online,STORE_3,151
TXN_02284,CUST_099,2025-03-18,Coat,Apparel,2,4510.43,9020.86,Online,STORE_2,90
TXN_02285,CUST_012,2025-02-13,Jewellery,Accessories,2,3979.37,7958.74,In-store,STORE_6,79
TXN_02286,CUST_025,2025-03-26,Trousers,Apparel,1,5523.27,5523.27,In-store,STORE_8,55
TXN_02287,CUST_132,2025-01-07,Top,Apparel,1,6205.26,6205.26,In-store,STORE_5,62
TXN_02288,CUST_067,2025-01-02,Trousers,Apparel,1,1847.01,1847.01,In-store,STORE_9,18
TXN_02289,CUST_358,2025-04-15,Trousers,Apparel,3,5645.81,16937.43,In-store,STORE_5,169
TXN_02290,CUST_194,2025-02-13,Handbag,Accessories,3,3668.23,11004.69,In-store,STORE_3,110
TXN_02291,CUST_139,2025-04-27,Top,Apparel,2,3595.56,7191.12,Online,STORE_4,71
TXN_02292,CUST_098,2025-01-22,Trousers,Apparel,3,9184.97,27554.91,In-store,STORE_4,275
TXN_02293,CUST_159,2025-02-02,Dress,Apparel,2,7230.7,14461.4,Online,STORE_7,144
TXN_02294,CUST_229,2025-01-30,Dress,Apparel,3,5731.19,17193.57,Online,STORE_3,171
TXN_02295,CUST_072,2025-04-10,Watch,Accessories,1,20491.87,20491.87,In-store,STORE_6,204
TXN_02296,CUST_444,2025-02-01,Watch,Accessories,1,3128.77,3128.77,In-store,STORE_3,31
TXN_02297,CUST_181,2025-01-04,Handbag,Accessories,3,6453.77,19361.31,In-store,STORE_4,193
TXN_02298,CUST_347,2025-04-23,Top,Apparel,1,4714.66,4714.66,In-store,STORE_10,47
TXN_02299,CUST_248,2025-01-16,Handbag,Accessories,3,4472.83,13418.49,Online,STORE_4,134
TXN_02300,CUST_377,2025-04-05,Trousers,Apparel,1,3289.53,3289.53,Online,STORE_2,32
TXN_02301,CUST_491,2025-01-24,Shoes,Footwear,2,11496.83,22993.66,Online,STORE_6,229
TXN_02302,CUST_483,2025-04-08,Dress,Apparel,2,16052.73,32105.46,Online,STORE_1,321
TXN_02303,CUST_002,2025-04-06,Sunglasses,Accessories,2,8672.93,17345.86,Online,STORE_2,173
TXN_02304,CUST_239,2025-02-10,Dress,Apparel,3,5537.61,16612.83,In-store,STORE_10,166
TXN_02305,CUST_276,2025-03-23,Watch,Accessories,3,11285.68,33857.04,In-store,STORE_9,338
TXN_02306,CUST_092,2025-02-05,Trousers,Apparel,3,10054.56,30163.68,In-store,STORE_3,301
TXN_02307,CUST_233,2025-03-04,Watch,Accessories,2,3792.42,7584.84,Online,STORE_9,75
TXN_02308,CUST_214,2025-04-09,Handbag,Accessories,1,6644.74,6644.74,Online,STORE_2,66
TXN_02309,CUST_345,2025-01-16,Top,Apparel,3,2194.84,6584.52,Online,STORE_5,65
TXN_02310,CUST_091,2025-01-28,Watch,Accessories,1,2699.58,2699.58,In-store,STORE_3,26
TXN_02311,CUST_196,2025-03-29,Shoes,Footwear,2,4085.85,8171.7,In-store,STORE_5,81
TXN_02312,CUST_205,2025-05-02,Shoes,Footwear,1,4291.68,4291.68,In-store,STORE_8,42
TXN_02313,CUST_120,2025-04-27,Jewellery,Accessories,3,6669.61,20008.83,Online,STORE_4,200
TXN_02314,CUST_293,2025-03-29,Top,Apparel,1,1787.66,1787.66,In-store,STORE_2,17
TXN_02315,CUST_214,2025-01-28,Dress,Apparel,1,9231.6,9231.6,Online,STORE_2,92
TXN_02316,CUST_230,2025-02-02,Top,Apparel,2,4254.74,8509.48,In-store,STORE_5,85
TXN_02317,CUST_493,2025-04-09,Top,Apparel,2,2472.45,4944.9,Online,STORE_3,49
TXN_02318,CUST_351,2025-03-01,Coat,Apparel,3,9720.65,29161.95,Online,STORE_6,291
TXN_02319,CUST_210,2025-05-04,Handbag,Accessories,1,7281.56,7281.56,In-store,STORE_7,72
TXN_02320,CUST_438,2025-04-30,Coat,Apparel,3,7668.06,23004.18,Online,STORE_2,230
TXN_02321,CUST_442,2025-01-14,Shoes,Footwear,1,12777.17,12777.17,Online,STORE_6,127
TXN_02322,CUST_141,2025-02-21,Coat,Apparel,1,9777.07,9777.07,In-store,STORE_7,97
TXN_02323,CUST_458,2025-02-09,Watch,Accessories,1,3037.52,3037.52,In-store,STORE_3,30
TXN_02324,CUST_323,2025-01-10,Watch,Accessories,1,8149.66,8149.66,Online,STORE_7,81
TXN_02325,CUST_113,2025-02-25,Watch,Accessories,3,12585.96,37757.88,Online,STORE_6,377
TXN_02326,CUST_370,2025-05-09,Handbag,Accessories,2,13435.85,26871.7,In-store,STORE_2,268
TXN_02327,CUST_151,2025-01-23,Top,Apparel,3,1939.25,5817.75,In-store,STORE_10,58
TXN_02328,CUST_307,2025-03-22,Trousers,Apparel,2,2705.63,5411.26,Online,STORE_6,54
TXN_02329,CUST_274,2025-01-15,Shoes,Footwear,1,4057.48,4057.48,Online,STORE_4,40
TXN_02330,CUST_406,2025-01-05,Watch,Accessories,1,4509.06,4509.06,Online,STORE_3,45
TXN_02331,CUST_149,2025-04-22,Jewellery,Accessories,3,4715.97,14147.91,Online,STORE_4,141
TXN_02332,CUST_454,2025-04-17,Shoes,Footwear,1,1341.9,1341.9,In-store,STORE_8,13
TXN_02333,CUST_407,2025-03-31,Shoes,Footwear,1,4045.55,4045.55,In-store,STORE_8,40
TXN_02334,CUST_078,2025-05-06,Watch,Accessories,1,4729.59,4729.59,In-store,STORE_4,47
TXN_02335,CUST_090,2025-03-24,Sunglasses,Accessories,3,1388.8,4166.4,In-store,STORE_8,41
TXN_02336,CUST_135,2025-04-29,Handbag,Accessories,3,7660.5,22981.5,In-store,STORE_10,229
TXN_02337,CUST_035,2025-01-24,Watch,Accessories,1,5272.34,5272.34,Online,STORE_10,52
TXN_02338,CUST_476,2025-03-02,Shoes,Footwear,1,2386.15,2386.15,Online,STORE_2,23
TXN_02339,CUST_049,2025-04-03,Watch,Accessories,2,1747.29,3494.58,Online,STORE_9,34
TXN_02340,CUST_032,2025-03-15,Handbag,Accessories,1,2165.18,2165.18,Online,STORE_2,21
TXN_02341,CUST_236,2025-03-09,Shoes,Footwear,2,5543.52,11087.04,Online,STORE_2,110
TXN_02342,CUST_026,2025-01-13,Sunglasses,Accessories,1,15213.16,15213.16,Online,STORE_6,152
TXN_02343,CUST_227,2025-04-15,Handbag,Accessories,2,2858.98,5717.96,In-store,STORE_9,57
TXN_02344,CUST_349,2025-01-09,Shoes,Footwear,1,6849.59,6849.59,Online,STORE_10,68
TXN_02345,CUST_211,2025-04-19,Perfume,Beauty,3,1165.32,3495.96,In-store,STORE_6,34
TXN_02346,CUST_162,2025-03-21,Perfume,Beauty,3,2496.68,7490.04,In-store,STORE_9,74
TXN_02347,CUST_242,2025-03-04,Top,Apparel,3,1938.4,5815.2,Online,STORE_7,58
TXN_02348,CUST_211,2025-04-03,Dress,Apparel,2,2360.15,4720.3,In-store,STORE_8,47
TXN_02349,CUST_479,2025-01-25,Perfume,Beauty,1,3835.92,3835.92,Online,STORE_6,38
TXN_02350,CUST_067,2025-02-02,Trousers,Apparel,1,2004.09,2004.09,Online,STORE_5,20
TXN_02351,CUST_234,2025-03-31,Watch,Accessories,3,3316.02,9948.06,Online,STORE_6,99
TXN_02352,CUST_425,2025-03-23,Watch,Accessories,1,5679.88,5679.88,Online,STORE_5,56
TXN_02353,CUST_345,2025-01-14,Dress,Apparel,3,2352.48,7057.44,Online,STORE_2,70
TXN_02354,CUST_205,2025-03-17,Trousers,Apparel,2,3237.84,6475.68,In-store,STORE_3,64
TXN_02355,CUST_457,2025-04-21,Trousers,Apparel,1,20278.15,20278.15,In-store,STORE_6,202
TXN_02356,CUST_167,2025-05-03,Trousers,Apparel,3,1942.44,5827.32,In-store,STORE_5,58
TXN_02357,CUST_496,2025-04-18,Dress,Apparel,1,8280.8,8280.8,Online,STORE_7,82
TXN_02358,CUST_106,2025-03-09,Shoes,Footwear,3,16629.31,49887.93,In-store,STORE_5,498
TXN_02359,CUST_068,2025-01-17,Handbag,Accessories,2,1888.74,3777.48,Online,STORE_1,37
TXN_02360,CUST_258,2025-04-06,Trousers,Apparel,1,2109.69,2109.69,In-store,STORE_8,21
TXN_02361,CUST_286,2025-05-08,Handbag,Accessories,2,9502.15,19004.3,Online,STORE_4,190
TXN_02362,CUST_006,2025-01-14,Watch,Accessories,3,1681.05,5043.15,In-store,STORE_8,50
TXN_02363,CUST_138,2025-03-02,Jewellery,Accessories,2,7142.8,14285.6,Online,STORE_1,142
TXN_02364,CUST_223,2025-03-31,Watch,Accessories,1,2084.28,2084.28,Online,STORE_5,20
TXN_02365,CUST_460,2025-01-25,Jewellery,Accessories,3,2384.75,7154.25,Online,STORE_5,71
TXN_02366,CUST_307,2025-01-09,Shoes,Footwear,1,3594.49,3594.49,Online,STORE_4,35
TXN_02367,CUST_090,2025-04-27,Trousers,Apparel,1,2407.44,2407.44,Online,STORE_3,24
TXN_02368,CUST_445,2025-01-28,Trousers,Apparel,3,7939.07,23817.21,Online,STORE_1,238
TXN_02369,CUST_267,2025-01-18,Watch,Accessories,3,5033.54,15100.62,In-store,STORE_2,151
TXN_02370,CUST_299,2025-04-25,Top,Apparel,1,10103.23,10103.23,Online,STORE_4,101
TXN_02371,CUST_423,2025-05-07,Shoes,Footwear,2,3902.03,7804.06,In-store,STORE_9,78
TXN_02372,CUST_359,2025-03-16,Top,Apparel,1,1655.94,1655.94,Online,STORE_9,16
TXN_02373,CUST_269,2025-01-18,Handbag,Accessories,3,4508.21,13524.63,In-store,STORE_5,135
TXN_02374,CUST_188,2025-01-28,Perfume,Beauty,3,2464.76,7394.28,In-store,STORE_8,73
TXN_02375,CUST_243,2025-03-02,Sunglasses,Accessories,2,8477.01,16954.02,Online,STORE_7,169
TXN_02376,CUST_103,2025-04-28,Watch,Accessories,3,1391.17,4173.51,In-store,STORE_1,41
TXN_02377,CUST_056,2025-04-06,Shoes,Footwear,1,4231.67,4231.67,Online,STORE_9,42
TXN_02378,CUST_447,2025-04-21,Perfume,Beauty,3,9784.87,29354.61,Online,STORE_7,293
TXN_02379,CUST_411,2025-02-15,Top,Apparel,2,5757.55,11515.1,Online,STORE_3,115
TXN_02380,CUST_500,2025-02-27,Shoes,Footwear,1,3022.09,3022.09,In-store,STORE_9,30
TXN_02381,CUST_105,2025-05-01,Shoes,Footwear,3,9004.5,27013.5,In-store,STORE_2,270
TXN_02382,CUST_342,2025-01-21,Trousers,Apparel,1,2021.07,2021.07,Online,STORE_9,20
TXN_02383,CUST_399,2025-03-27,Coat,Apparel,2,11802.12,23604.24,In-store,STORE_1,236
TXN_02384,CUST_370,2025-02-17,Dress,Apparel,3,14164.97,42494.91,Online,STORE_7,424
TXN_02385,CUST_432,2025-03-09,Coat,Apparel,1,4123.06,4123.06,Online,STORE_6,41
TXN_02386,CUST_356,2025-03-10,Handbag,Accessories,2,10234.43,20468.86,In-store,STORE_10,204
TXN_02387,CUST_402,2025-04-06,Shoes,Footwear,1,3835.25,3835.25,Online,STORE_2,38
TXN_02388,CUST_453,2025-01-09,Watch,Accessories,2,2080.32,4160.64,In-store,STORE_1,41
TXN_02389,CUST_340,2025-02-28,Sunglasses,Accessories,2,16173.36,32346.72,In-store,STORE_1,323
TXN_02390,CUST_427,2025-02-08,Jewellery,Accessories,3,11101.54,33304.62,Online,STORE_2,333
TXN_02391,CUST_230,2025-01-10,Top,Apparel,3,4032.14,12096.42,Online,STORE_9,120
TXN_02392,CUST_155,2025-04-25,Handbag,Accessories,3,2040.57,6121.71,In-store,STORE_5,61
TXN_02393,CUST_111,2025-02-27,Shoes,Footwear,1,16245.39,16245.39,In-store,STORE_7,162
TXN_02394,CUST_427,2025-05-08,Jewellery,Accessories,3,9398.04,28194.12,In-store,STORE_8,281
TXN_02395,CUST_477,2025-02-04,Handbag,Accessories,3,2537.87,7613.61,In-store,STORE_5,76
TXN_02396,CUST_022,2025-03-05,Top,Apparel,3,4589.1,13767.3,In-store,STORE_1,137
TXN_02397,CUST_290,2025-04-24,Watch,Accessories,1,17801.79,17801.79,Online,STORE_9,178
TXN_02398,CUST_357,2025-01-05,Shoes,Footwear,1,9023.79,9023.79,In-store,STORE_7,90
TXN_02399,CUST_027,2025-01-14,Watch,Accessories,2,2781.11,5562.22,Online,STORE_9,55
TXN_02400,CUST_051,2025-03-09,Handbag,Accessories,2,8786.78,17573.56,In-store,STORE_9,175
TXN_02401,CUST_296,2025-02-11,Watch,Accessories,1,5035.59,5035.59,Online,STORE_3,50
TXN_02402,CUST_173,2025-03-30,Jewellery,Accessories,1,7719.36,7719.36,In-store,STORE_7,77
TXN_02403,CUST_458,2025-03-09,Watch,Accessories,2,3239.74,6479.48,In-store,STORE_6,64
TXN_02404,CUST_072,2025-05-02,Trousers,Apparel,1,17520.17,17520.17,Online,STORE_4,175
TXN_02405,CUST_079,2025-05-01,Dress,Apparel,3,2754.54,8263.62,Online,STORE_10,82
TXN_02406,CUST_336,2025-02-13,Watch,Accessories,2,9709.89,19419.78,Online,STORE_6,194
TXN_02407,CUST_045,2025-04-12,Watch,Accessories,3,2087.31,6261.93,Online,STORE_2,62
TXN_02408,CUST_029,2025-03-23,Watch,Accessories,3,3972.92,11918.76,Online,STORE_6,119
TXN_02409,CUST_343,2025-02-16,Dress,Apparel,1,3252.14,3252.14,Online,STORE_9,32
TXN_02410,CUST_205,2025-02-02,Watch,Accessories,3,3433.94,10301.82,Online,STORE_9,103
TXN_02411,CUST_091,2025-03-04,Shoes,Footwear,1,3486.7,3486.7,In-store,STORE_4,34
TXN_02412,CUST_147,2025-02-17,Dress,Apparel,2,8278.44,16556.88,Online,STORE_1,165
TXN_02413,CUST_304,2025-03-12,Watch,Accessories,2,8558.35,17116.7,In-store,STORE_9,171
TXN_02414,CUST_406,2025-01-04,Sunglasses,Accessories,1,4933.21,4933.21,Online,STORE_8,49
TXN_02415,CUST_207,2025-05-05,Coat,Apparel,1,10486.54,10486.54,Online,STORE_3,104
TXN_02416,CUST_133,2025-03-16,Top,Apparel,1,13315.24,13315.24,Online,STORE_6,133
TXN_02417,CUST_323,2025-02-22,Shoes,Footwear,3,7474.56,22423.68,Online,STORE_3,224
TXN_02418,CUST_397,2025-05-07,Coat,Apparel,1,8233.27,8233.27,Online,STORE_5,82
TXN_02419,CUST_336,2025-01-27,Shoes,Footwear,3,7955.09,23865.27,In-store,STORE_7,238
TXN_02420,CUST_104,2025-01-19,Shoes,Footwear,1,10096.44,10096.44,In-store,STORE_3,100
TXN_02421,CUST_488,2025-01-31,Shoes,Footwear,1,2110.65,2110.65,In-store,STORE_7,21
TXN_02422,CUST_296,2025-02-01,Shoes,Footwear,1,4285.48,4285.48,In-store,STORE_2,42
TXN_02423,CUST_090,2025-01-31,Watch,Accessories,1,1942.81,1942.81,Online,STORE_4,19
TXN_02424,CUST_257,2025-02-18,Top,Apparel,2,1912.96,3825.92,In-store,STORE_2,38
TXN_02425,CUST_117,2025-02-13,Top,Apparel,3,1218.73,3656.19,Online,STORE_3,36
TXN_02426,CUST_037,2025-04-20,Shoes,Footwear,2,3323.41,6646.82,Online,STORE_5,66
TXN_02427,CUST_010,2025-04-07,Watch,Accessories,3,9904.44,29713.32,Online,STORE_10,297
TXN_02428,CUST_266,2025-04-21,Sunglasses,Accessories,2,4917.93,9835.86,Online,STORE_9,98
TXN_02429,CUST_344,2025-02-26,Watch,Accessories,2,5825.59,11651.18,In-store,STORE_9,116
TXN_02430,CUST_211,2025-04-19,Jewellery,Accessories,1,2544.27,2544.27,Online,STORE_10,25
TXN_02431,CUST_474,2025-02-22,Watch,Accessories,3,2853.22,8559.66,In-store,STORE_9,85
TXN_02432,CUST_480,2025-01-30,Sunglasses,Accessories,3,6089.33,18267.99,In-store,STORE_6,182
TXN_02433,CUST_078,2025-04-12,Watch,Accessories,3,3838.49,11515.47,In-store,STORE_8,115
TXN_02434,CUST_417,2025-02-11,Top,Apparel,1,5250.56,5250.56,Online,STORE_7,52
TXN_02435,CUST_378,2025-01-15,Handbag,Accessories,1,1753.55,1753.55,Online,STORE_4,17
TXN_02436,CUST_171,2025-03-14,Coat,Apparel,3,1707.1,5121.3,In-store,STORE_9,51
TXN_02437,CUST_175,2025-03-06,Shoes,Footwear,3,1501.77,4505.31,Online,STORE_4,45
TXN_02438,CUST_421,2025-04-07,Trousers,Apparel,2,2296.61,4593.22,Online,STORE_9,45
TXN_02439,CUST_185,2025-05-05,Dress,Apparel,2,5881.01,11762.02,In-store,STORE_6,117
TXN_02440,CUST_451,2025-02-07,Trousers,Apparel,1,1331.52,1331.52,Online,STORE_9,13
TXN_02441,CUST_139,2025-03-04,Dress,Apparel,2,3155.81,6311.62,In-store,STORE_8,63
TXN_02442,CUST_089,2025-01-19,Shoes,Footwear,1,6274.82,6274.82,Online,STORE_9,62
TXN_02443,CUST_099,2025-01-05,Coat,Apparel,2,4042.58,8085.16,Online,STORE_3,80
TXN_02444,CUST_117,2025-01-29,Handbag,Accessories,3,2228.9,6686.7,In-store,STORE_6,66
TXN_02445,CUST_227,2025-04-17,Jewellery,Accessories,2,2077.41,4154.82,In-store,STORE_1,41
TXN_02446,CUST_171,2025-03-21,Coat,Apparel,1,1816.26,1816.26,In-store,STORE_6,18
TXN_02447,CUST_094,2025-02-14,Watch,Accessories,1,6858.05,6858.05,Online,STORE_5,68
TXN_02448,CUST_278,2025-01-06,Trousers,Apparel,2,4583.87,9167.74,In-store,STORE_3,91
TXN_02449,CUST_439,2025-01-23,Dress,Apparel,3,6630.43,19891.29,Online,STORE_5,198
TXN_02450,CUST_445,2025-03-07,Shoes,Footwear,3,6058.06,18174.18,Online,STORE_10,181
TXN_02451,CUST_159,2025-01-02,Perfume,Beauty,1,6677.31,6677.31,In-store,STORE_6,66
TXN_02452,CUST_425,2025-04-12,Watch,Accessories,3,9206.56,27619.68,In-store,STORE_3,276
TXN_02453,CUST_494,2025-01-16,Watch,Accessories,1,3680.5,3680.5,Online,STORE_10,36
TXN_02454,CUST_235,2025-04-26,Watch,Accessories,2,1849.14,3698.28,In-store,STORE_1,36
TXN_02455,CUST_366,2025-04-12,Handbag,Accessories,2,17812.8,35625.6,In-store,STORE_2,356
TXN_02456,CUST_320,2025-04-11,Watch,Accessories,1,1616.03,1616.03,Online,STORE_5,16
TXN_02457,CUST_331,2025-04-12,Perfume,Beauty,2,1959.9,3919.8,Online,STORE_4,39
TXN_02458,CUST_086,2025-01-19,Jewellery,Accessories,1,8878.52,8878.52,In-store,STORE_2,88
TXN_02459,CUST_339,2025-05-09,Shoes,Footwear,3,12577.99,37733.97,Online,STORE_6,377
TXN_02460,CUST_471,2025-02-28,Dress,Apparel,1,19004.99,19004.99,Online,STORE_5,190
TXN_02461,CUST_422,2025-02-14,Watch,Accessories,3,2096.26,6288.78,Online,STORE_2,62
TXN_02462,CUST_223,2025-02-15,Shoes,Footwear,1,1432.37,1432.37,In-store,STORE_5,14
TXN_02463,CUST_378,2025-01-11,Dress,Apparel,3,2570.15,7710.45,In-store,STORE_3,77
TXN_02464,CUST_184,2025-01-19,Jewellery,Accessories,1,6259.81,6259.81,In-store,STORE_7,62
TXN_02465,CUST_017,2025-01-26,Watch,Accessories,3,1828.27,5484.81,Online,STORE_6,54
TXN_02466,CUST_243,2025-02-04,Shoes,Footwear,1,6446.67,6446.67,Online,STORE_1,64
TXN_02467,CUST_210,2025-01-16,Handbag,Accessories,1,8395.34,8395.34,Online,STORE_4,83
TXN_02468,CUST_061,2025-04-01,Top,Apparel,1,22786.99,22786.99,In-store,STORE_8,227
TXN_02469,CUST_075,2025-01-18,Jewellery,Accessories,1,7954.51,7954.51,In-store,STORE_8,79
TXN_02470,CUST_357,2025-01-09,Coat,Apparel,2,10490.46,20980.92,In-store,STORE_9,209
TXN_02471,CUST_122,2025-04-08,Top,Apparel,2,5608.97,11217.94,In-store,STORE_3,112
TXN_02472,CUST_165,2025-03-21,Watch,Accessories,1,17435.2,17435.2,In-store,STORE_5,174
TXN_02473,CUST_461,2025-03-20,Coat,Apparel,2,1632.12,3264.24,Online,STORE_3,32
TXN_02474,CUST_144,2025-04-29,Coat,Apparel,2,14532.38,29064.76,In-store,STORE_6,290
TXN_02475,CUST_451,2025-02-15,Watch,Accessories,3,2025.25,6075.75,In-store,STORE_8,60
TXN_02476,CUST_228,2025-03-07,Trousers,Apparel,1,2140.67,2140.67,In-store,STORE_8,21
TXN_02477,CUST_471,2025-01-14,Dress,Apparel,2,15945.32,31890.64,In-store,STORE_4,318
TXN_02478,CUST_388,2025-02-09,Top,Apparel,1,1802.4,1802.4,In-store,STORE_7,18
TXN_02479,CUST_214,2025-01-09,Perfume,Beauty,1,7865.07,7865.07,In-store,STORE_6,78
TXN_02480,CUST_080,2025-02-05,Trousers,Apparel,1,4597.08,4597.08,Online,STORE_6,45
TXN_02481,CUST_199,2025-04-16,Handbag,Accessories,2,6660.65,13321.3,Online,STORE_6,133
TXN_02482,CUST_214,2025-01-06,Top,Apparel,2,5622.11,11244.22,In-store,STORE_6,112
TXN_02483,CUST_032,2025-03-11,Jewellery,Accessories,1,2128.68,2128.68,In-store,STORE_3,21
TXN_02484,CUST_191,2025-01-01,Jewellery,Accessories,3,2406.52,7219.56,Online,STORE_10,72
TXN_02485,CUST_160,2025-03-04,Trousers,Apparel,3,1308.6,3925.8,In-store,STORE_3,39
TXN_02486,CUST_465,2025-01-26,Trousers,Apparel,1,1599.25,1599.25,Online,STORE_7,15
TXN_02487,CUST_068,2025-01-07,Dress,Apparel,2,2501.01,5002.02,Online,STORE_2,50
TXN_02488,CUST_451,2025-02-20,Watch,Accessories,3,3327.08,9981.24,Online,STORE_1,99
TXN_02489,CUST_276,2025-03-25,Watch,Accessories,2,17281.42,34562.84,In-store,STORE_8,345
TXN_02490,CUST_226,2025-03-12,Watch,Accessories,3,2861.04,8583.12,In-store,STORE_4,85
TXN_02491,CUST_454,2025-02-13,Coat,Apparel,2,2047.46,4094.92,Online,STORE_4,40
TXN_02492,CUST_454,2025-05-06,Shoes,Footwear,3,1785.92,5357.76,In-store,STORE_10,53
TXN_02493,CUST_081,2025-04-10,Top,Apparel,1,3613.49,3613.49,In-store,STORE_3,36
TXN_02494,CUST_137,2025-02-27,Dress,Apparel,3,3209.02,9627.06,In-store,STORE_2,96
TXN_02495,CUST_355,2025-01-06,Sunglasses,Accessories,2,2956.57,5913.14,In-store,STORE_1,59
TXN_02496,CUST_064,2025-05-06,Perfume,Beauty,2,14598.11,29196.22,In-store,STORE_5,291
TXN_02497,CUST_267,2025-04-18,Coat,Apparel,3,9514.12,28542.36,Online,STORE_4,285
TXN_02498,CUST_152,2025-04-08,Top,Apparel,3,15099.73,45299.19,Online,STORE_4,452
TXN_02499,CUST_471,2025-05-03,Handbag,Accessories,2,15469.35,30938.7,Online,STORE_7,309
TXN_02500,CUST_144,2025-04-12,Coat,Apparel,3,12105.96,36317.88,In-store,STORE_8,363
TXN_02501,CUST_437,2025-02-26,Shoes,Footwear,3,3498.46,10495.38,In-store,STORE_2,104
TXN_02502,CUST_487,2025-03-09,Handbag,Accessories,2,2387.88,4775.76,Online,STORE_9,47
TXN_02503,CUST_294,2025-05-06,Watch,Accessories,1,13355.25,13355.25,Online,STORE_9,133
TXN_02504,CUST_179,2025-02-25,Top,Apparel,3,8768.41,26305.23,In-store,STORE_6,263
TXN_02505,CUST_170,2025-01-19,Shoes,Footwear,1,8346.94,8346.94,In-store,STORE_1,83
TXN_02506,CUST_025,2025-03-14,Trousers,Apparel,3,2701.52,8104.56,Online,STORE_7,81
TXN_02507,CUST_408,2025-01-05,Shoes,Footwear,3,7506.92,22520.76,Online,STORE_2,225
TXN_02508,CUST_479,2025-03-07,Dress,Apparel,1,5062.84,5062.84,Online,STORE_4,50
TXN_02509,CUST_077,2025-01-28,Watch,Accessories,3,1321.66,3964.98,Online,STORE_4,39
TXN_02510,CUST_293,2025-03-10,Top,Apparel,3,2376.55,7129.65,In-store,STORE_7,71
TXN_02511,CUST_044,2025-02-10,Shoes,Footwear,2,3656.46,7312.92,Online,STORE_6,73
TXN_02512,CUST_271,2025-05-04,Sunglasses,Accessories,2,10562.05,21124.1,In-store,STORE_1,211
TXN_02513,CUST_383,2025-02-12,Watch,Accessories,1,6087.3,6087.3,In-store,STORE_3,60
TXN_02514,CUST_182,2025-01-22,Jewellery,Accessories,2,5795.69,11591.38,In-store,STORE_9,115
TXN_02515,CUST_251,2025-03-13,Watch,Accessories,1,15055.65,15055.65,Online,STORE_1,150
TXN_02516,CUST_086,2025-04-20,Dress,Apparel,3,9729.32,29187.96,In-store,STORE_1,291
TXN_02517,CUST_097,2025-03-07,Shoes,Footwear,3,7109.55,21328.65,Online,STORE_8,213
TXN_02518,CUST_046,2025-03-23,Trousers,Apparel,2,1510.03,3020.06,Online,STORE_4,30
TXN_02519,CUST_101,2025-01-02,Perfume,Beauty,1,14521.01,14521.01,Online,STORE_3,145
TXN_02520,CUST_368,2025-04-29,Shoes,Footwear,1,3311.46,3311.46,Online,STORE_1,33
TXN_02521,CUST_394,2025-02-28,Watch,Accessories,3,3887.74,11663.22,In-store,STORE_7,116
TXN_02522,CUST_448,2025-02-13,Shoes,Footwear,2,2929.09,5858.18,In-store,STORE_10,58
TXN_02523,CUST_291,2025-01-07,Handbag,Accessories,1,7185.32,7185.32,Online,STORE_4,71
TXN_02524,CUST_212,2025-05-08,Jewellery,Accessories,1,8876.56,8876.56,Online,STORE_10,88
TXN_02525,CUST_340,2025-04-21,Watch,Accessories,3,12818.5,38455.5,In-store,STORE_5,384
TXN_02526,CUST_478,2025-03-06,Shoes,Footwear,2,10774.54,21549.08,In-store,STORE_2,215
TXN_02527,CUST_324,2025-01-25,Shoes,Footwear,3,10027.46,30082.38,Online,STORE_9,300
TXN_02528,CUST_276,2025-02-11,Shoes,Footwear,2,18045.39,36090.78,In-store,STORE_1,360
TXN_02529,CUST_334,2025-03-09,Dress,Apparel,1,8368.26,8368.26,In-store,STORE_2,83
TXN_02530,CUST_076,2025-01-27,Shoes,Footwear,3,4432.48,13297.44,In-store,STORE_7,132
TXN_02531,CUST_126,2025-02-28,Trousers,Apparel,1,1962.01,1962.01,In-store,STORE_2,19
TXN_02532,CUST_316,2025-02-10,Trousers,Apparel,1,7036.78,7036.78,In-store,STORE_10,70
TXN_02533,CUST_433,2025-05-04,Dress,Apparel,1,7484.73,7484.73,In-store,STORE_2,74
TXN_02534,CUST_193,2025-04-18,Dress,Apparel,3,3678.77,11036.31,In-store,STORE_10,110
TXN_02535,CUST_435,2025-04-13,Sunglasses,Accessories,2,5319.95,10639.9,Online,STORE_6,106
TXN_02536,CUST_402,2025-04-18,Trousers,Apparel,2,4403.05,8806.1,Online,STORE_9,88
TXN_02537,CUST_052,2025-01-20,Shoes,Footwear,3,16831.39,50494.17,In-store,STORE_7,504
TXN_02538,CUST_200,2025-01-06,Handbag,Accessories,1,4107.74,4107.74,In-store,STORE_6,41
TXN_02539,CUST_187,2025-01-16,Sunglasses,Accessories,3,5364.44,16093.32,Online,STORE_7,160
TXN_02540,CUST_459,2025-01-07,Handbag,Accessories,1,3124.83,3124.83,In-store,STORE_6,31
TXN_02541,CUST_465,2025-01-20,Shoes,Footwear,1,1789.59,1789.59,In-store,STORE_2,17
TXN_02542,CUST_409,2025-04-29,Watch,Accessories,1,2755.44,2755.44,Online,STORE_1,27
TXN_02543,CUST_255,2025-02-15,Dress,Apparel,3,9163.44,27490.32,In-store,STORE_8,274
TXN_02544,CUST_210,2025-04-06,Jewellery,Accessories,1,9477.5,9477.5,Online,STORE_5,94
TXN_02545,CUST_413,2025-02-07,Sunglasses,Accessories,3,1543.5,4630.5,Online,STORE_1,46
TXN_02546,CUST_090,2025-02-27,Watch,Accessories,3,1768.07,5304.21,In-store,STORE_4,53
TXN_02547,CUST_148,2025-02-01,Top,Apparel,2,3183.51,6367.02,In-store,STORE_6,63
TXN_02548,CUST_056,2025-03-23,Trousers,Apparel,2,4387.51,8775.02,Online,STORE_6,87
TXN_02549,CUST_309,2025-02-21,Watch,Accessories,2,2632.15,5264.3,In-store,STORE_3,52
TXN_02550,CUST_409,2025-01-09,Trousers,Apparel,3,2816.01,8448.03,Online,STORE_1,84
TXN_02551,CUST_229,2025-04-08,Top,Apparel,1,6985.23,6985.23,In-store,STORE_1,69
TXN_02552,CUST_405,2025-03-31,Shoes,Footwear,3,18342.61,55027.83,In-store,STORE_1,550
TXN_02553,CUST_242,2025-03-10,Top,Apparel,1,2059.02,2059.02,Online,STORE_10,20
TXN_02554,CUST_268,2025-04-15,Shoes,Footwear,2,4730.1,9460.2,Online,STORE_9,94
TXN_02555,CUST_488,2025-04-18,Trousers,Apparel,3,1953.06,5859.18,Online,STORE_10,58
TXN_02556,CUST_315,2025-03-08,Top,Apparel,2,8879.22,17758.44,In-store,STORE_1,177
TXN_02557,CUST_305,2025-01-17,Sunglasses,Accessories,1,10332.27,10332.27,Online,STORE_9,103
TXN_02558,CUST_057,2025-03-20,Trousers,Apparel,1,1714.09,1714.09,Online,STORE_6,17
TXN_02559,CUST_295,2025-03-31,Shoes,Footwear,3,17232.34,51697.02,Online,STORE_4,516
TXN_02560,CUST_204,2025-02-15,Dress,Apparel,2,6668.2,13336.4,Online,STORE_1,133
TXN_02561,CUST_297,2025-02-03,Watch,Accessories,2,9765.65,19531.3,Online,STORE_5,195
TXN_02562,CUST_117,2025-03-17,Handbag,Accessories,2,2113.21,4226.42,In-store,STORE_10,42
TXN_02563,CUST_405,2025-01-07,Shoes,Footwear,2,13576.91,27153.82,Online,STORE_7,271
TXN_02564,CUST_497,2025-03-25,Jewellery,Accessories,3,4774.34,14323.02,Online,STORE_7,143
TXN_02565,CUST_069,2025-04-29,Coat,Apparel,3,9091.34,27274.02,In-store,STORE_9,272
TXN_02566,CUST_144,2025-02-14,Shoes,Footwear,2,17090.25,34180.5,Online,STORE_8,341
TXN_02567,CUST_377,2025-01-01,Sunglasses,Accessories,3,3945.34,11836.02,In-store,STORE_8,118
TXN_02568,CUST_156,2025-02-21,Sunglasses,Accessories,1,3668.21,3668.21,In-store,STORE_6,36
TXN_02569,CUST_047,2025-03-12,Shoes,Footwear,1,1994.89,1994.89,In-store,STORE_2,19
TXN_02570,CUST_192,2025-01-24,Dress,Apparel,3,5500.72,16502.16,Online,STORE_9,165
TXN_02571,CUST_092,2025-02-14,Shoes,Footwear,1,9889.08,9889.08,In-store,STORE_10,98
TXN_02572,CUST_339,2025-02-21,Watch,Accessories,2,14986.66,29973.32,Online,STORE_1,299
TXN_02573,CUST_034,2025-04-25,Trousers,Apparel,1,15632.27,15632.27,In-store,STORE_7,156
TXN_02574,CUST_500,2025-03-31,Watch,Accessories,2,4302.03,8604.06,In-store,STORE_4,86
TXN_02575,CUST_371,2025-03-16,Sunglasses,Accessories,2,3991.32,7982.64,Online,STORE_6,79
TXN_02576,CUST_097,2025-01-01,Watch,Accessories,3,7123.71,21371.13,In-store,STORE_7,213
TXN_02577,CUST_441,2025-01-29,Handbag,Accessories,3,2108.05,6324.15,In-store,STORE_4,63
TXN_02578,CUST_073,2025-04-09,Jewellery,Accessories,1,9242.83,9242.83,In-store,STORE_6,92
TXN_02579,CUST_390,2025-01-21,Top,Apparel,2,4527.49,9054.98,In-store,STORE_9,90
TXN_02580,CUST_024,2025-04-10,Watch,Accessories,3,4639.28,13917.84,Online,STORE_2,139
TXN_02581,CUST_121,2025-04-01,Watch,Accessories,1,20624.83,20624.83,Online,STORE_1,206
TXN_02582,CUST_342,2025-01-24,Trousers,Apparel,3,1689.0,5067.0,In-store,STORE_4,50
TXN_02583,CUST_230,2025-01-04,Top,Apparel,3,2433.7,7301.1,In-store,STORE_9,73
TXN_02584,CUST_054,2025-01-25,Watch,Accessories,2,8836.0,17672.0,In-store,STORE_3,176
TXN_02585,CUST_310,2025-01-29,Shoes,Footwear,3,2428.25,7284.75,Online,STORE_3,72
TXN_02586,CUST_066,2025-01-24,Sunglasses,Accessories,1,4099.8,4099.8,Online,STORE_2,40
TXN_02587,CUST_353,2025-01-19,Dress,Apparel,2,8790.8,17581.6,Online,STORE_7,175
TXN_02588,CUST_487,2025-01-17,Dress,Apparel,1,2105.88,2105.88,In-store,STORE_9,21
TXN_02589,CUST_144,2025-05-05,Trousers,Apparel,2,12709.94,25419.88,In-store,STORE_3,254
TXN_02590,CUST_152,2025-05-03,Top,Apparel,2,10655.81,21311.62,Online,STORE_3,213
TXN_02591,CUST_032,2025-01-21,Handbag,Accessories,2,2535.88,5071.76,In-store,STORE_5,50
TXN_02592,CUST_123,2025-05-09,Watch,Accessories,2,1560.08,3120.16,In-store,STORE_4,31
TXN_02593,CUST_267,2025-01-09,Sunglasses,Accessories,3,8953.39,26860.17,Online,STORE_10,268
TXN_02594,CUST_249,2025-05-08,Dress,Apparel,3,3853.68,11561.04,In-store,STORE_10,115
TXN_02595,CUST_308,2025-01-16,Trousers,Apparel,1,2171.11,2171.11,In-store,STORE_8,21
TXN_02596,CUST_462,2025-04-27,Dress,Apparel,3,14364.32,43092.96,In-store,STORE_3,430
TXN_02597,CUST_408,2025-03-23,Coat,Apparel,3,6390.53,19171.59,Online,STORE_10,191
TXN_02598,CUST_261,2025-01-09,Dress,Apparel,1,10910.28,10910.28,In-store,STORE_3,109
TXN_02599,CUST_318,2025-03-05,Handbag,Accessories,3,2776.06,8328.18,In-store,STORE_6,83
TXN_02600,CUST_288,2025-03-13,Handbag,Accessories,2,2458.33,4916.66,In-store,STORE_1,49
TXN_02601,CUST_210,2025-04-05,Jewellery,Accessories,1,11350.12,11350.12,Online,STORE_6,113
TXN_02602,CUST_470,2025-04-21,Sunglasses,Accessories,1,1906.43,1906.43,Online,STORE_4,19
TXN_02603,CUST_450,2025-01-24,Watch,Accessories,1,3072.6,3072.6,Online,STORE_6,30
TXN_02604,CUST_213,2025-04-04,Handbag,Accessories,3,2096.04,6288.12,Online,STORE_6,62
TXN_02605,CUST_239,2025-05-05,Jewellery,Accessories,1,3302.84,3302.84,In-store,STORE_2,33
TXN_02606,CUST_476,2025-01-06,Watch,Accessories,2,2108.32,4216.64,Online,STORE_2,42
TXN_02607,CUST_308,2025-04-05,Watch,Accessories,2,1929.78,3859.56,In-store,STORE_10,38
TXN_02608,CUST_258,2025-01-21,Shoes,Footwear,1,1704.46,1704.46,In-store,STORE_9,17
TXN_02609,CUST_318,2025-01-19,Dress,Apparel,1,5074.02,5074.02,Online,STORE_7,50
TXN_02610,CUST_324,2025-02-27,Watch,Accessories,2,8258.64,16517.28,In-store,STORE_6,165
TXN_02611,CUST_494,2025-02-12,Watch,Accessories,3,4308.47,12925.41,In-store,STORE_8,129
TXN_02612,CUST_413,2025-04-16,Trousers,Apparel,2,1737.38,3474.76,In-store,STORE_10,34
TXN_02613,CUST_433,2025-01-27,Top,Apparel,3,6948.65,20845.95,Online,STORE_1,208
TXN_02614,CUST_227,2025-02-12,Jewellery,Accessories,3,2757.03,8271.09,In-store,STORE_1,82
TXN_02615,CUST_051,2025-01-02,Dress,Apparel,1,7188.28,7188.28,In-store,STORE_3,71
TXN_02616,CUST_155,2025-02-20,Dress,Apparel,1,1751.59,1751.59,Online,STORE_6,17
TXN_02617,CUST_356,2025-03-10,Dress,Apparel,2,17413.58,34827.16,Online,STORE_5,348
TXN_02618,CUST_436,2025-02-10,Watch,Accessories,2,4799.56,9599.12,In-store,STORE_7,95
TXN_02619,CUST_248,2025-02-10,Handbag,Accessories,3,4723.46,14170.38,Online,STORE_5,141
TXN_02620,CUST_216,2025-03-24,Jewellery,Accessories,1,4958.1,4958.1,Online,STORE_5,49
TXN_02621,CUST_479,2025-03-21,Jewellery,Accessories,3,3866.6,11599.8,Online,STORE_2,115
TXN_02622,CUST_135,2025-02-01,Jewellery,Accessories,1,8528.91,8528.91,In-store,STORE_8,85
TXN_02623,CUST_029,2025-01-11,Sunglasses,Accessories,1,4394.75,4394.75,Online,STORE_5,43
TXN_02624,CUST_217,2025-05-07,Watch,Accessories,1,4345.23,4345.23,Online,STORE_2,43
TXN_02625,CUST_346,2025-04-07,Handbag,Accessories,1,9373.34,9373.34,Online,STORE_5,93
TXN_02626,CUST_063,2025-03-19,Perfume,Beauty,3,6459.38,19378.14,In-store,STORE_5,193
TXN_02627,CUST_431,2025-02-15,Dress,Apparel,1,2413.97,2413.97,Online,STORE_8,24
TXN_02628,CUST_153,2025-01-13,Jewellery,Accessories,1,4062.84,4062.84,In-store,STORE_6,40
TXN_02629,CUST_485,2025-03-13,Dress,Apparel,1,8615.46,8615.46,Online,STORE_5,86
TXN_02630,CUST_287,2025-01-30,Dress,Apparel,2,4877.92,9755.84,In-store,STORE_5,97
TXN_02631,CUST_004,2025-02-07,Dress,Apparel,3,9627.15,28881.45,In-store,STORE_7,288
TXN_02632,CUST_257,2025-02-23,Jewellery,Accessories,1,1951.13,1951.13,Online,STORE_3,19
TXN_02633,CUST_186,2025-01-12,Handbag,Accessories,1,10740.09,10740.09,Online,STORE_9,107
TXN_02634,CUST_057,2025-02-13,Sunglasses,Accessories,1,1538.59,1538.59,Online,STORE_1,15
TXN_02635,CUST_310,2025-03-26,Watch,Accessories,1,2096.44,2096.44,Online,STORE_10,20
TXN_02636,CUST_490,2025-02-19,Dress,Apparel,1,4722.8,4722.8,In-store,STORE_6,47
TXN_02637,CUST_446,2025-02-13,Dress,Apparel,2,1929.68,3859.36,In-store,STORE_10,38
TXN_02638,CUST_434,2025-01-31,Shoes,Footwear,3,11915.68,35747.04,Online,STORE_7,357
TXN_02639,CUST_077,2025-03-18,Shoes,Footwear,2,2065.1,4130.2,In-store,STORE_2,41
TXN_02640,CUST_350,2025-04-22,Top,Apparel,2,7253.05,14506.1,Online,STORE_8,145
TXN_02641,CUST_319,2025-04-14,Dress,Apparel,1,2083.64,2083.64,Online,STORE_9,20
TXN_02642,CUST_064,2025-02-03,Perfume,Beauty,2,13305.59,26611.18,In-store,STORE_7,266
TXN_02643,CUST_500,2025-03-22,Watch,Accessories,1,3512.78,3512.78,Online,STORE_6,35
TXN_02644,CUST_482,2025-03-01,Watch,Accessories,3,2818.35,8455.05,In-store,STORE_3,84
TXN_02645,CUST_079,2025-04-13,Dress,Apparel,1,2162.24,2162.24,Online,STORE_2,21
TXN_02646,CUST_300,2025-02-28,Shoes,Footwear,3,2328.03,6984.09,Online,STORE_9,69
TXN_02647,CUST_152,2025-01-12,Dress,Apparel,3,15850.47,47551.41,In-store,STORE_7,475
TXN_02648,CUST_356,2025-04-19,Handbag,Accessories,1,16637.96,16637.96,In-store,STORE_9,166
TXN_02649,CUST_381,2025-04-10,Shoes,Footwear,1,2545.74,2545.74,In-store,STORE_6,25
TXN_02650,CUST_009,2025-05-01,Perfume,Beauty,3,4922.31,14766.93,In-store,STORE_1,147
TXN_02651,CUST_292,2025-02-21,Handbag,Accessories,1,8079.54,8079.54,In-store,STORE_1,80
TXN_02652,CUST_036,2025-02-25,Jewellery,Accessories,1,3099.06,3099.06,Online,STORE_3,30
TXN_02653,CUST_252,2025-05-05,Top,Apparel,1,3792.84,3792.84,In-store,STORE_7,37
TXN_02654,CUST_480,2025-02-09,Shoes,Footwear,2,5797.43,11594.86,In-store,STORE_5,115
TXN_02655,CUST_256,2025-02-02,Dress,Apparel,3,3123.34,9370.02,Online,STORE_6,93
TXN_02656,CUST_056,2025-04-23,Coat,Apparel,2,5034.64,10069.28,Online,STORE_7,100
TXN_02657,CUST_443,2025-04-12,Jewellery,Accessories,3,6342.75,19028.25,Online,STORE_9,190
TXN_02658,CUST_279,2025-04-16,Dress,Apparel,1,3191.44,3191.44,In-store,STORE_10,31
TXN_02659,CUST_220,2025-03-06,Dress,Apparel,3,3735.29,11205.87,In-store,STORE_3,112
TXN_02660,CUST_298,2025-04-06,Top,Apparel,3,9573.84,28721.52,Online,STORE_4,287
TXN_02661,CUST_433,2025-04-30,Dress,Apparel,2,9263.03,18526.06,In-store,STORE_9,185
TXN_02662,CUST_146,2025-01-11,Top,Apparel,1,11473.65,11473.65,In-store,STORE_8,114
TXN_02663,CUST_237,2025-01-25,Coat,Apparel,3,13889.62,41668.86,In-store,STORE_6,416
TXN_02664,CUST_178,2025-02-25,Dress,Apparel,2,3541.43,7082.86,Online,STORE_2,70
TXN_02665,CUST_233,2025-03-27,Coat,Apparel,1,4118.73,4118.73,In-store,STORE_6,41
TXN_02666,CUST_388,2025-04-01,Top,Apparel,2,2707.19,5414.38,Online,STORE_6,54
TXN_02667,CUST_243,2025-02-02,Watch,Accessories,3,9566.63,28699.89,Online,STORE_6,286
TXN_02668,CUST_394,2025-03-23,Shoes,Footwear,2,3602.79,7205.58,In-store,STORE_1,72
TXN_02669,CUST_196,2025-03-06,Shoes,Footwear,3,2689.65,8068.95,Online,STORE_6,80
TXN_02670,CUST_179,2025-04-15,Jewellery,Accessories,3,7326.02,21978.06,In-store,STORE_6,219
TXN_02671,CUST_312,2025-02-01,Top,Apparel,3,8879.47,26638.41,Online,STORE_8,266
TXN_02672,CUST_387,2025-04-15,Handbag,Accessories,3,3312.26,9936.78,In-store,STORE_8,99
TXN_02673,CUST_290,2025-02-19,Watch,Accessories,1,11790.17,11790.17,Online,STORE_9,117
TXN_02674,CUST_055,2025-05-05,Perfume,Beauty,1,4160.71,4160.71,Online,STORE_9,41
TXN_02675,CUST_321,2025-02-01,Shoes,Footwear,2,9363.72,18727.44,In-store,STORE_4,187
TXN_02676,CUST_311,2025-01-13,Watch,Accessories,2,6658.1,13316.2,In-store,STORE_9,133
TXN_02677,CUST_343,2025-03-11,Handbag,Accessories,1,2519.28,2519.28,In-store,STORE_6,25
TXN_02678,CUST_207,2025-01-20,Watch,Accessories,1,10801.39,10801.39,Online,STORE_2,108
TXN_02679,CUST_415,2025-03-30,Top,Apparel,1,3390.41,3390.41,In-store,STORE_2,33
TXN_02680,CUST_446,2025-04-10,Top,Apparel,2,2099.93,4199.86,In-store,STORE_5,41
TXN_02681,CUST_344,2025-04-21,Shoes,Footwear,1,4096.68,4096.68,Online,STORE_9,40
TXN_02682,CUST_172,2025-04-24,Top,Apparel,2,6175.58,12351.16,Online,STORE_5,123
TXN_02683,CUST_297,2025-04-28,Shoes,Footwear,2,8148.18,16296.36,Online,STORE_3,162
TXN_02684,CUST_383,2025-03-11,Coat,Apparel,1,4394.09,4394.09,In-store,STORE_3,43
TXN_02685,CUST_444,2025-01-21,Watch,Accessories,3,3433.01,10299.03,In-store,STORE_9,102
TXN_02686,CUST_321,2025-04-16,Coat,Apparel,2,10195.8,20391.6,Online,STORE_9,203
TXN_02687,CUST_286,2025-03-22,Jewellery,Accessories,2,16926.91,33853.82,In-store,STORE_10,338
TXN_02688,CUST_024,2025-05-01,Coat,Apparel,3,3944.65,11833.95,In-store,STORE_7,118
TXN_02689,CUST_422,2025-04-24,Trousers,Apparel,2,1536.27,3072.54,In-store,STORE_6,30
TXN_02690,CUST_261,2025-02-22,Dress,Apparel,2,8081.69,16163.38,Online,STORE_7,161
TXN_02691,CUST_376,2025-04-26,Shoes,Footwear,3,11871.33,35613.99,Online,STORE_4,356
TXN_02692,CUST_235,2025-02-16,Watch,Accessories,3,2172.57,6517.71,In-store,STORE_2,65
TXN_02693,CUST_261,2025-03-19,Jewellery,Accessories,3,9258.05,27774.15,In-store,STORE_8,277
TXN_02694,CUST_129,2025-01-15,Trousers,Apparel,1,1803.69,1803.69,In-store,STORE_2,18
TXN_02695,CUST_488,2025-04-17,Trousers,Apparel,2,2237.9,4475.8,Online,STORE_9,44
TXN_02696,CUST_062,2025-04-11,Dress,Apparel,1,16939.57,16939.57,In-store,STORE_6,169
TXN_02697,CUST_385,2025-04-27,Jewellery,Accessories,3,5555.94,16667.82,In-store,STORE_7,166
TXN_02698,CUST_485,2025-01-10,Dress,Apparel,1,8030.07,8030.07,Online,STORE_2,80
TXN_02699,CUST_212,2025-02-21,Dress,Apparel,2,9208.94,18417.88,In-store,STORE_4,184
TXN_02700,CUST_085,2025-02-02,Jewellery,Accessories,2,1555.26,3110.52,In-store,STORE_10,31
TXN_02701,CUST_310,2025-01-06,Trousers,Apparel,2,1533.95,3067.9,In-store,STORE_1,30
TXN_02702,CUST_374,2025-04-03,Watch,Accessories,3,2281.09,6843.27,In-store,STORE_3,68
TXN_02703,CUST_470,2025-03-05,Shoes,Footwear,1,1701.17,1701.17,Online,STORE_7,17
TXN_02704,CUST_229,2025-05-02,Dress,Apparel,3,7310.8,21932.4,In-store,STORE_5,219
TXN_02705,CUST_058,2025-02-25,Top,Apparel,1,4268.67,4268.67,In-store,STORE_2,42
TXN_02706,CUST_110,2025-02-25,Jewellery,Accessories,1,14870.01,14870.01,Online,STORE_10,148
TXN_02707,CUST_063,2025-02-28,Jewellery,Accessories,2,6802.87,13605.74,In-store,STORE_4,136
TXN_02708,CUST_371,2025-03-08,Shoes,Footwear,3,3884.88,11654.64,Online,STORE_10,116
TXN_02709,CUST_045,2025-04-29,Watch,Accessories,3,1771.72,5315.16,In-store,STORE_4,53
TXN_02710,CUST_210,2025-03-23,Dress,Apparel,2,11958.1,23916.2,Online,STORE_3,239
TXN_02711,CUST_312,2025-01-29,Top,Apparel,2,6194.92,12389.84,In-store,STORE_5,123
TXN_02712,CUST_221,2025-03-05,Jewellery,Accessories,1,8199.93,8199.93,Online,STORE_6,81
TXN_02713,CUST_124,2025-01-19,Perfume,Beauty,2,2025.28,4050.56,Online,STORE_10,40
TXN_02714,CUST_080,2025-01-16,Shoes,Footwear,3,4548.95,13646.85,Online,STORE_7,136
TXN_02715,CUST_228,2025-01-14,Sunglasses,Accessories,3,2567.13,7701.39,In-store,STORE_5,77
TXN_02716,CUST_308,2025-03-24,Trousers,Apparel,1,2433.55,2433.55,Online,STORE_2,24
TXN_02717,CUST_182,2025-02-03,Dress,Apparel,3,9859.33,29577.99,Online,STORE_9,295
TXN_02718,CUST_202,2025-02-18,Shoes,Footwear,2,4422.1,8844.2,In-store,STORE_7,88
TXN_02719,CUST_263,2025-04-29,Dress,Apparel,1,1380.1,1380.1,Online,STORE_3,13
TXN_02720,CUST_384,2025-01-30,Handbag,Accessories,1,2217.56,2217.56,Online,STORE_1,22
TXN_02721,CUST_259,2025-01-15,Shoes,Footwear,2,3625.69,7251.38,Online,STORE_4,72
TXN_02722,CUST_046,2025-03-30,Watch,Accessories,3,2393.82,7181.46,In-store,STORE_5,71
TXN_02723,CUST_102,2025-04-04,Shoes,Footwear,3,2350.89,7052.67,Online,STORE_8,70
TXN_02724,CUST_334,2025-04-14,Perfume,Beauty,2,5350.51,10701.02,In-store,STORE_5,107
TXN_02725,CUST_120,2025-01-09,Dress,Apparel,1,8883.71,8883.71,Online,STORE_10,88
TXN_02726,CUST_062,2025-05-01,Top,Apparel,3,15237.28,45711.84,Online,STORE_3,457
TXN_02727,CUST_046,2025-01-18,Coat,Apparel,3,1757.06,5271.18,In-store,STORE_7,52
TXN_02728,CUST_348,2025-02-04,Trousers,Apparel,2,4199.15,8398.3,In-store,STORE_8,83
TXN_02729,CUST_290,2025-01-19,Watch,Accessories,3,15367.14,46101.42,In-store,STORE_5,461
TXN_02730,CUST_363,2025-04-21,Jewellery,Accessories,3,8142.68,24428.04,Online,STORE_10,244
TXN_02731,CUST_116,2025-05-04,Shoes,Footwear,3,4877.19,14631.57,Online,STORE_4,146
TXN_02732,CUST_323,2025-01-01,Watch,Accessories,1,10191.97,10191.97,Online,STORE_6,101
TXN_02733,CUST_468,2025-02-28,Top,Apparel,1,19093.6,19093.6,Online,STORE_2,190
TXN_02734,CUST_470,2025-02-03,Shoes,Footwear,2,1810.76,3621.52,Online,STORE_1,36
TXN_02735,CUST_369,2025-01-12,Jewellery,Accessories,2,2500.02,5000.04,Online,STORE_4,50
TXN_02736,CUST_164,2025-05-05,Watch,Accessories,2,3984.45,7968.9,In-store,STORE_1,79
TXN_02737,CUST_428,2025-04-20,Coat,Apparel,1,9144.99,9144.99,In-store,STORE_9,91
TXN_02738,CUST_009,2025-04-21,Perfume,Beauty,2,5503.7,11007.4,In-store,STORE_10,110
TXN_02739,CUST_050,2025-04-24,Shoes,Footwear,1,7847.58,7847.58,Online,STORE_10,78
TXN_02740,CUST_150,2025-02-13,Trousers,Apparel,1,2202.21,2202.21,Online,STORE_6,22
TXN_02741,CUST_188,2025-01-22,Dress,Apparel,2,2570.03,5140.06,Online,STORE_1,51
TXN_02742,CUST_483,2025-04-28,Top,Apparel,3,18610.54,55831.62,In-store,STORE_1,558
TXN_02743,CUST_162,2025-04-06,Handbag,Accessories,3,1790.03,5370.09,In-store,STORE_6,53
TXN_02744,CUST_463,2025-02-16,Trousers,Apparel,1,7325.15,7325.15,Online,STORE_7,73
TXN_02745,CUST_231,2025-01-09,Coat,Apparel,2,4269.43,8538.86,Online,STORE_3,85
TXN_02746,CUST_374,2025-01-31,Watch,Accessories,1,1532.67,1532.67,Online,STORE_8,15
TXN_02747,CUST_468,2025-03-27,Handbag,Accessories,3,19388.01,58164.03,Online,STORE_10,581
TXN_02748,CUST_016,2025-04-11,Handbag,Accessories,3,5325.65,15976.95,Online,STORE_2,159
TXN_02749,CUST_004,2025-01-12,Dress,Apparel,2,7890.38,15780.76,In-store,STORE_5,157
TXN_02750,CUST_493,2025-01-19,Handbag,Accessories,3,1835.31,5505.93,In-store,STORE_8,55
TXN_02751,CUST_073,2025-03-04,Top,Apparel,2,7963.66,15927.32,Online,STORE_4,159
TXN_02752,CUST_190,2025-04-22,Trousers,Apparel,3,1825.11,5475.33,Online,STORE_1,54
TXN_02753,CUST_430,2025-03-01,Trousers,Apparel,2,2190.14,4380.28,Online,STORE_8,43
TXN_02754,CUST_072,2025-01-05,Sunglasses,Accessories,1,17277.98,17277.98,Online,STORE_4,172
TXN_02755,CUST_078,2025-01-27,Shoes,Footwear,3,4155.91,12467.73,Online,STORE_7,124
TXN_02756,CUST_005,2025-05-07,Jewellery,Accessories,2,17360.89,34721.78,In-store,STORE_2,347
TXN_02757,CUST_255,2025-02-01,Handbag,Accessories,3,8206.99,24620.97,In-store,STORE_6,246
TXN_02758,CUST_230,2025-03-27,Dress,Apparel,2,3514.26,7028.52,Online,STORE_3,70
TXN_02759,CUST_357,2025-03-17,Shoes,Footwear,1,9167.01,9167.01,Online,STORE_6,91
TXN_02760,CUST_186,2025-05-06,Perfume,Beauty,1,6595.27,6595.27,In-store,STORE_3,65
TXN_02761,CUST_261,2025-04-10,Jewellery,Accessories,1,6250.48,6250.48,Online,STORE_1,62
TXN_02762,CUST_145,2025-02-10,Trousers,Apparel,1,8673.58,8673.58,Online,STORE_8,86
TXN_02763,CUST_283,2025-04-07,Watch,Accessories,3,18737.49,56212.47,In-store,STORE_1,562
TXN_02764,CUST_329,2025-01-24,Coat,Apparel,2,6820.06,13640.12,Online,STORE_3,136
TXN_02765,CUST_498,2025-01-29,Trousers,Apparel,1,4117.66,4117.66,In-store,STORE_2,41
TXN_02766,CUST_298,2025-02-05,Top,Apparel,2,10385.73,20771.46,In-store,STORE_2,207
TXN_02767,CUST_441,2025-01-28,Dress,Apparel,2,2066.21,4132.42,Online,STORE_6,41
TXN_02768,CUST_039,2025-02-10,Jewellery,Accessories,1,3562.79,3562.79,Online,STORE_2,35
TXN_02769,CUST_357,2025-01-10,Watch,Accessories,3,7374.94,22124.82,Online,STORE_2,221
TXN_02770,CUST_278,2025-04-25,Shoes,Footwear,3,4290.52,12871.56,Online,STORE_2,128
TXN_02771,CUST_345,2025-02-10,Dress,Apparel,3,1641.83,4925.49,In-store,STORE_5,49
TXN_02772,CUST_182,2025-02-03,Top,Apparel,3,7796.44,23389.32,Online,STORE_9,233
TXN_02773,CUST_459,2025-03-16,Dress,Apparel,3,3895.95,11687.85,In-store,STORE_2,116
TXN_02774,CUST_376,2025-03-09,Shoes,Footwear,1,16726.49,16726.49,Online,STORE_10,167
TXN_02775,CUST_291,2025-01-25,Top,Apparel,1,8854.77,8854.77,In-store,STORE_5,88
TXN_02776,CUST_231,2025-02-17,Watch,Accessories,3,3770.49,11311.47,In-store,STORE_1,113
TXN_02777,CUST_049,2025-03-26,Shoes,Footwear,3,2203.31,6609.93,Online,STORE_4,66
TXN_02778,CUST_424,2025-04-18,Handbag,Accessories,3,2394.56,7183.68,Online,STORE_3,71
TXN_02779,CUST_019,2025-02-05,Coat,Apparel,3,11259.16,33777.48,In-store,STORE_9,337
TXN_02780,CUST_022,2025-04-09,Dress,Apparel,1,4120.45,4120.45,In-store,STORE_3,41
TXN_02781,CUST_242,2025-03-12,Handbag,Accessories,2,1737.6,3475.2,Online,STORE_2,34
TXN_02782,CUST_330,2025-01-16,Trousers,Apparel,2,6982.32,13964.64,In-store,STORE_4,139
TXN_02783,CUST_027,2025-03-07,Trousers,Apparel,3,3790.76,11372.28,In-store,STORE_5,113
TXN_02784,CUST_265,2025-02-21,Top,Apparel,2,1870.17,3740.34,In-store,STORE_1,37
TXN_02785,CUST_198,2025-01-28,Shoes,Footwear,1,4307.13,4307.13,In-store,STORE_10,43
TXN_02786,CUST_433,2025-03-12,Perfume,Beauty,1,4805.24,4805.24,Online,STORE_7,48
TXN_02787,CUST_086,2025-03-17,Top,Apparel,1,7758.87,7758.87,Online,STORE_9,77
TXN_02788,CUST_152,2025-01-30,Top,Apparel,1,11747.32,11747.32,Online,STORE_8,117
TXN_02789,CUST_114,2025-02-27,Coat,Apparel,2,1822.39,3644.78,Online,STORE_9,36
TXN_02790,CUST_053,2025-04-11,Perfume,Beauty,3,5647.53,16942.59,Online,STORE_5,169
TXN_02791,CUST_275,2025-01-17,Perfume,Beauty,1,2434.58,2434.58,In-store,STORE_7,24
TXN_02792,CUST_029,2025-04-22,Sunglasses,Accessories,1,3794.24,3794.24,Online,STORE_9,37
TXN_02793,CUST_419,2025-03-18,Coat,Apparel,2,4231.63,8463.26,Online,STORE_6,84
TXN_02794,CUST_308,2025-01-25,Shoes,Footwear,3,2546.93,7640.79,In-store,STORE_5,76
TXN_02795,CUST_075,2025-03-18,Jewellery,Accessories,2,5854.43,11708.86,In-store,STORE_1,117
TXN_02796,CUST_103,2025-05-02,Trousers,Apparel,2,1518.89,3037.78,Online,STORE_10,30
TXN_02797,CUST_370,2025-03-02,Dress,Apparel,3,15229.38,45688.14,In-store,STORE_8,456
TXN_02798,CUST_021,2025-03-17,Shoes,Footwear,3,3898.38,11695.14,In-store,STORE_9,116
TXN_02799,CUST_007,2025-02-13,Dress,Apparel,1,1803.57,1803.57,In-store,STORE_3,18
TXN_02800,CUST_329,2025-02-28,Coat,Apparel,3,9086.78,27260.34,In-store,STORE_7,272
TXN_02801,CUST_036,2025-03-03,Handbag,Accessories,2,2715.18,5430.36,In-store,STORE_8,54
TXN_02802,CUST_337,2025-01-29,Jewellery,Accessories,1,2592.61,2592.61,Online,STORE_5,25
TXN_02803,CUST_248,2025-04-27,Jewellery,Accessories,1,2973.15,2973.15,Online,STORE_4,29
TXN_02804,CUST_325,2025-03-19,Trousers,Apparel,1,8764.72,8764.72,Online,STORE_4,87
TXN_02805,CUST_294,2025-04-01,Trousers,Apparel,3,14922.44,44767.32,In-store,STORE_4,447
TXN_02806,CUST_413,2025-03-16,Sunglasses,Accessories,2,1884.24,3768.48,Online,STORE_1,37
TXN_02807,CUST_053,2025-02-10,Jewellery,Accessories,1,3131.84,3131.84,Online,STORE_6,31
TXN_02808,CUST_470,2025-04-20,Watch,Accessories,2,2065.28,4130.56,Online,STORE_5,41
TXN_02809,CUST_281,2025-04-04,Sunglasses,Accessories,3,2233.19,6699.57,Online,STORE_2,66
TXN_02810,CUST_069,2025-02-25,Shoes,Footwear,1,8933.26,8933.26,Online,STORE_5,89
TXN_02811,CUST_351,2025-01-12,Shoes,Footwear,2,7123.29,14246.58,In-store,STORE_8,142
TXN_02812,CUST_393,2025-02-16,Watch,Accessories,1,15077.16,15077.16,In-store,STORE_8,150
TXN_02813,CUST_301,2025-03-02,Jewellery,Accessories,3,2147.09,6441.27,Online,STORE_8,64
TXN_02814,CUST_497,2025-04-30,Dress,Apparel,1,3472.81,3472.81,Online,STORE_3,34
TXN_02815,CUST_034,2025-05-07,Trousers,Apparel,2,15270.08,30540.16,In-store,STORE_9,305
TXN_02816,CUST_212,2025-04-29,Top,Apparel,3,9621.61,28864.83,In-store,STORE_6,288
TXN_02817,CUST_252,2025-04-19,Handbag,Accessories,1,3096.62,3096.62,In-store,STORE_10,30
TXN_02818,CUST_369,2025-03-09,Perfume,Beauty,2,2069.35,4138.7,Online,STORE_4,41
TXN_02819,CUST_213,2025-01-02,Perfume,Beauty,1,2100.81,2100.81,Online,STORE_2,21
TXN_02820,CUST_200,2025-01-09,Dress,Apparel,2,3719.74,7439.48,In-store,STORE_5,74
TXN_02821,CUST_335,2025-02-20,Trousers,Apparel,2,17435.76,34871.52,In-store,STORE_4,348
TXN_02822,CUST_034,2025-05-06,Shoes,Footwear,2,15620.19,31240.38,Online,STORE_8,312
TXN_02823,CUST_034,2025-02-10,Trousers,Apparel,3,13179.14,39537.42,Online,STORE_4,395
TXN_02824,CUST_160,2025-01-16,Shoes,Footwear,1,2275.14,2275.14,In-store,STORE_8,22
TXN_02825,CUST_129,2025-03-20,Coat,Apparel,3,1422.87,4268.61,Online,STORE_10,42
TXN_02826,CUST_027,2025-04-12,Sunglasses,Accessories,2,4439.66,8879.32,In-store,STORE_2,88
TXN_02827,CUST_072,2025-03-01,Trousers,Apparel,3,18330.98,54992.94,Online,STORE_8,549
TXN_02828,CUST_397,2025-04-10,Trousers,Apparel,1,7706.24,7706.24,Online,STORE_5,77
TXN_02829,CUST_068,2025-04-08,Handbag,Accessories,1,2571.08,2571.08,Online,STORE_5,25
TXN_02830,CUST_367,2025-03-24,Shoes,Footwear,3,7875.08,23625.24,In-store,STORE_7,236
TXN_02831,CUST_459,2025-04-06,Dress,Apparel,1,5425.32,5425.32,Online,STORE_8,54
TXN_02832,CUST_331,2025-03-05,Top,Apparel,2,1699.6,3399.2,Online,STORE_8,33
TXN_02833,CUST_151,2025-02-20,Dress,Apparel,3,1783.69,5351.07,Online,STORE_8,53
TXN_02834,CUST_205,2025-05-03,Sunglasses,Accessories,3,4231.94,12695.82,Online,STORE_8,126
TXN_02835,CUST_188,2025-03-16,Dress,Apparel,3,1901.72,5705.16,In-store,STORE_3,57
TXN_02836,CUST_460,2025-01-14,Dress,Apparel,3,1666.65,4999.95,Online,STORE_1,49
TXN_02837,CUST_136,2025-04-13,Dress,Apparel,1,16205.33,16205.33,In-store,STORE_6,162
TXN_02838,CUST_351,2025-03-20,Shoes,Footwear,2,8002.6,16005.2,Online,STORE_2,160
TXN_02839,CUST_356,2025-03-30,Perfume,Beauty,1,16811.95,16811.95,Online,STORE_8,168
TXN_02840,CUST_177,2025-02-18,Dress,Apparel,3,9230.17,27690.51,In-store,STORE_3,276
TXN_02841,CUST_186,2025-02-11,Handbag,Accessories,1,9269.77,9269.77,Online,STORE_1,92
TXN_02842,CUST_410,2025-03-15,Sunglasses,Accessories,3,3757.55,11272.65,Online,STORE_5,112
TXN_02843,CUST_211,2025-02-24,Dress,Apparel,1,2170.15,2170.15,Online,STORE_1,21
TXN_02844,CUST_147,2025-01-29,Jewellery,Accessories,1,7963.54,7963.54,Online,STORE_4,79
TXN_02845,CUST_323,2025-03-29,Coat,Apparel,1,9128.25,9128.25,In-store,STORE_5,91
TXN_02846,CUST_378,2025-05-06,Perfume,Beauty,2,2382.02,4764.04,In-store,STORE_10,47
TXN_02847,CUST_462,2025-04-19,Handbag,Accessories,2,21814.47,43628.94,Online,STORE_7,436
TXN_02848,CUST_257,2025-03-04,Top,Apparel,2,2381.24,4762.48,In-store,STORE_7,47
TXN_02849,CUST_461,2025-02-17,Coat,Apparel,1,1529.83,1529.83,In-store,STORE_1,15
TXN_02850,CUST_280,2025-04-19,Watch,Accessories,1,3160.49,3160.49,Online,STORE_5,31
TXN_02851,CUST_216,2025-01-23,Handbag,Accessories,3,3819.48,11458.44,Online,STORE_10,114
TXN_02852,CUST_191,2025-02-07,Dress,Apparel,3,2249.83,6749.49,In-store,STORE_6,67
TXN_02853,CUST_276,2025-05-04,Watch,Accessories,3,16798.34,50395.02,In-store,STORE_7,503
TXN_02854,CUST_245,2025-01-23,Handbag,Accessories,1,11145.57,11145.57,Online,STORE_5,111
TXN_02855,CUST_328,2025-04-06,Dress,Apparel,1,3897.4,3897.4,Online,STORE_1,38
TXN_02856,CUST_403,2025-05-08,Dress,Apparel,2,4181.09,8362.18,In-store,STORE_5,83
TXN_02857,CUST_322,2025-04-08,Perfume,Beauty,3,6678.63,20035.89,Online,STORE_3,200
TXN_02858,CUST_328,2025-03-13,Jewellery,Accessories,3,5176.16,15528.48,In-store,STORE_1,155
TXN_02859,CUST_109,2025-03-07,Shoes,Footwear,1,3622.58,3622.58,In-store,STORE_6,36
TXN_02860,CUST_316,2025-03-09,Trousers,Apparel,2,6722.83,13445.66,In-store,STORE_10,134
TXN_02861,CUST_116,2025-05-10,Watch,Accessories,2,3654.24,7308.48,Online,STORE_9,73
TXN_02862,CUST_336,2025-03-31,Watch,Accessories,3,7372.66,22117.98,Online,STORE_1,221
TXN_02863,CUST_261,2025-02-03,Dress,Apparel,3,4511.9,13535.7,Online,STORE_10,135
TXN_02864,CUST_384,2025-03-02,Dress,Apparel,1,2451.73,2451.73,In-store,STORE_10,24
TXN_02865,CUST_199,2025-02-22,Dress,Apparel,3,8303.14,24909.42,Online,STORE_1,249
TXN_02866,CUST_268,2025-02-18,Watch,Accessories,2,5376.78,10753.56,Online,STORE_6,107
TXN_02867,CUST_312,2025-01-08,Top,Apparel,2,7966.68,15933.36,Online,STORE_8,159
TXN_02868,CUST_021,2025-04-12,Watch,Accessories,2,4401.12,8802.24,Online,STORE_8,88
TXN_02869,CUST_314,2025-04-02,Top,Apparel,2,3813.04,7626.08,Online,STORE_8,76
TXN_02870,CUST_417,2025-01-02,Perfume,Beauty,1,2886.97,2886.97,In-store,STORE_10,28
TXN_02871,CUST_171,2025-02-19,Watch,Accessories,1,1672.86,1672.86,In-store,STORE_10,16
TXN_02872,CUST_442,2025-02-17,Sunglasses,Accessories,3,9160.03,27480.09,In-store,STORE_1,274
TXN_02873,CUST_450,2025-04-06,Shoes,Footwear,1,3174.29,3174.29,In-store,STORE_2,31
TXN_02874,CUST_498,2025-01-23,Shoes,Footwear,2,9672.54,19345.08,Online,STORE_8,193
TXN_02875,CUST_100,2025-05-04,Dress,Apparel,3,3503.27,10509.81,Online,STORE_4,105
TXN_02876,CUST_458,2025-02-10,Shoes,Footwear,1,2739.74,2739.74,In-store,STORE_2,27
TXN_02877,CUST_115,2025-02-06,Top,Apparel,3,1880.27,5640.81,In-store,STORE_8,56
TXN_02878,CUST_452,2025-01-16,Trousers,Apparel,1,10031.75,10031.75,Online,STORE_1,100
TXN_02879,CUST_023,2025-03-12,Shoes,Footwear,3,4382.02,13146.06,Online,STORE_5,131
TXN_02880,CUST_377,2025-02-25,Coat,Apparel,1,3567.65,3567.65,Online,STORE_10,35
TXN_02881,CUST_327,2025-04-24,Jewellery,Accessories,1,6048.21,6048.21,Online,STORE_2,60
TXN_02882,CUST_106,2025-03-09,Watch,Accessories,1,18123.49,18123.49,Online,STORE_10,181
TXN_02883,CUST_028,2025-04-13,Shoes,Footwear,1,10457.04,10457.04,In-store,STORE_6,104
TXN_02884,CUST_144,2025-01-20,Watch,Accessories,1,14399.49,14399.49,In-store,STORE_1,143
TXN_02885,CUST_492,2025-01-27,Handbag,Accessories,2,2389.79,4779.58,In-store,STORE_8,47
TXN_02886,CUST_399,2025-03-19,Watch,Accessories,2,8945.15,17890.3,Online,STORE_8,178
TXN_02887,CUST_404,2025-02-28,Top,Apparel,3,5216.44,15649.32,In-store,STORE_9,156
TXN_02888,CUST_108,2025-03-30,Sunglasses,Accessories,3,3712.09,11136.27,In-store,STORE_10,111
TXN_02889,CUST_281,2025-01-24,Shoes,Footwear,3,1027.51,3082.53,Online,STORE_5,30
TXN_02890,CUST_130,2025-04-02,Watch,Accessories,1,16329.3,16329.3,In-store,STORE_2,163
TXN_02891,CUST_406,2025-01-04,Shoes,Footwear,2,3712.55,7425.1,In-store,STORE_5,74
TXN_02892,CUST_035,2025-02-19,Sunglasses,Accessories,3,4393.89,13181.67,In-store,STORE_3,131
TXN_02893,CUST_099,2025-02-11,Trousers,Apparel,2,2930.5,5861.0,Online,STORE_9,58
TXN_02894,CUST_269,2025-05-10,Handbag,Accessories,2,3796.41,7592.82,In-store,STORE_4,75
TXN_02895,CUST_083,2025-03-16,Top,Apparel,3,1840.42,5521.26,In-store,STORE_8,55
TXN_02896,CUST_342,2025-03-13,Shoes,Footwear,2,1968.96,3937.92,In-store,STORE_6,39
TXN_02897,CUST_150,2025-01-24,Watch,Accessories,2,1525.68,3051.36,Online,STORE_5,30
TXN_02898,CUST_470,2025-01-05,Trousers,Apparel,3,1578.21,4734.63,Online,STORE_3,47
TXN_02899,CUST_108,2025-05-08,Trousers,Apparel,3,3041.4,9124.2,In-store,STORE_4,91
TXN_02900,CUST_186,2025-04-01,Handbag,Accessories,1,9220.85,9220.85,Online,STORE_4,92
TXN_02901,CUST_289,2025-01-17,Dress,Apparel,3,1742.19,5226.57,In-store,STORE_2,52
TXN_02902,CUST_138,2025-03-06,Dress,Apparel,3,7125.71,21377.13,Online,STORE_10,213
TXN_02903,CUST_334,2025-01-06,Jewellery,Accessories,3,7429.1,22287.3,In-store,STORE_2,222
TXN_02904,CUST_274,2025-03-15,Sunglasses,Accessories,2,3765.09,7530.18,Online,STORE_3,75
TXN_02905,CUST_451,2025-03-01,Watch,Accessories,1,1363.88,1363.88,In-store,STORE_5,13
TXN_02906,CUST_065,2025-04-12,Handbag,Accessories,2,8148.07,16296.14,Online,STORE_1,162
TXN_02907,CUST_223,2025-01-24,Sunglasses,Accessories,3,1725.92,5177.76,In-store,STORE_6,51
TXN_02908,CUST_239,2025-05-06,Dress,Apparel,3,5184.79,15554.37,Online,STORE_4,155
TXN_02909,CUST_011,2025-04-19,Top,Apparel,2,2418.35,4836.7,Online,STORE_5,48
TXN_02910,CUST_360,2025-04-13,Perfume,Beauty,2,3659.91,7319.82,Online,STORE_6,73
TXN_02911,CUST_497,2025-04-10,Dress,Apparel,1,3477.18,3477.18,Online,STORE_2,34
TXN_02912,CUST_334,2025-01-02,Dress,Apparel,2,5779.41,11558.82,In-store,STORE_3,115
TXN_02913,CUST_434,2025-05-10,Sunglasses,Accessories,2,15662.49,31324.98,In-store,STORE_10,313
TXN_02914,CUST_383,2025-03-30,Shoes,Footwear,2,3840.35,7680.7,Online,STORE_2,76
TXN_02915,CUST_315,2025-04-10,Handbag,Accessories,1,3780.98,3780.98,In-store,STORE_6,37
TXN_02916,CUST_453,2025-02-13,Watch,Accessories,3,2205.58,6616.74,Online,STORE_6,66
TXN_02917,CUST_396,2025-01-03,Shoes,Footwear,3,3845.27,11535.81,In-store,STORE_4,115
TXN_02918,CUST_117,2025-04-22,Dress,Apparel,1,2140.1,2140.1,In-store,STORE_1,21
TXN_02919,CUST_102,2025-05-01,Watch,Accessories,3,1733.08,5199.24,Online,STORE_3,51
TXN_02920,CUST_420,2025-03-04,Trousers,Apparel,3,5722.75,17168.25,Online,STORE_3,171
TXN_02921,CUST_412,2025-03-22,Shoes,Footwear,1,2367.49,2367.49,In-store,STORE_4,23
TXN_02922,CUST_011,2025-01-31,Jewellery,Accessories,3,2119.81,6359.43,Online,STORE_4,63
TXN_02923,CUST_470,2025-01-04,Watch,Accessories,2,2112.17,4224.34,Online,STORE_1,42
TXN_02924,CUST_387,2025-03-03,Dress,Apparel,2,2332.28,4664.56,In-store,STORE_9,46
TXN_02925,CUST_356,2025-02-04,Perfume,Beauty,1,13831.37,13831.37,In-store,STORE_8,138
TXN_02926,CUST_109,2025-01-13,Trousers,Apparel,2,4789.99,9579.98,In-store,STORE_10,95
TXN_02927,CUST_344,2025-03-09,Coat,Apparel,3,4013.3,12039.9,In-store,STORE_10,120
TXN_02928,CUST_278,2025-04-21,Watch,Accessories,2,4801.0,9602.0,Online,STORE_10,96
TXN_02929,CUST_160,2025-03-19,Sunglasses,Accessories,3,2479.82,7439.46,Online,STORE_1,74
TXN_02930,CUST_300,2025-01-12,Shoes,Footwear,3,3154.57,9463.71,In-store,STORE_8,94
TXN_02931,CUST_014,2025-02-11,Perfume,Beauty,2,9323.72,18647.44,In-store,STORE_9,186
TXN_02932,CUST_148,2025-01-11,Perfume,Beauty,3,4578.24,13734.72,Online,STORE_2,137
TXN_02933,CUST_343,2025-03-24,Top,Apparel,1,2486.72,2486.72,In-store,STORE_9,24
TXN_02934,CUST_161,2025-03-23,Handbag,Accessories,3,4074.03,12222.09,Online,STORE_4,122
TXN_02935,CUST_025,2025-03-25,Shoes,Footwear,1,3769.38,3769.38,In-store,STORE_4,37
TXN_02936,CUST_159,2025-04-29,Dress,Apparel,2,7807.11,15614.22,Online,STORE_10,156
TXN_02937,CUST_449,2025-02-16,Handbag,Accessories,1,4132.65,4132.65,In-store,STORE_6,41
TXN_02938,CUST_351,2025-03-05,Shoes,Footwear,2,7850.69,15701.38,In-store,STORE_9,157
TXN_02939,CUST_154,2025-03-11,Dress,Apparel,2,2530.46,5060.92,In-store,STORE_5,50
TXN_02940,CUST_266,2025-03-11,Shoes,Footwear,2,4511.86,9023.72,In-store,STORE_7,90
TXN_02941,CUST_088,2025-01-04,Perfume,Beauty,3,1771.88,5315.64,Online,STORE_6,53
TXN_02942,CUST_306,2025-04-03,Perfume,Beauty,3,14950.39,44851.17,In-store,STORE_7,448
TXN_02943,CUST_043,2025-05-05,Shoes,Footwear,1,4962.86,4962.86,Online,STORE_3,49
TXN_02944,CUST_423,2025-03-26,Shoes,Footwear,1,4638.31,4638.31,In-store,STORE_4,46
TXN_02945,CUST_189,2025-05-09,Dress,Apparel,1,9128.0,9128.0,In-store,STORE_1,91
TXN_02946,CUST_284,2025-05-09,Dress,Apparel,2,1792.85,3585.7,Online,STORE_2,35
TXN_02947,CUST_139,2025-01-21,Jewellery,Accessories,2,4546.14,9092.28,In-store,STORE_2,90
TXN_02948,CUST_226,2025-03-31,Shoes,Footwear,2,2351.15,4702.3,In-store,STORE_4,47
TXN_02949,CUST_317,2025-04-26,Jewellery,Accessories,1,4920.91,4920.91,In-store,STORE_5,49
TXN_02950,CUST_068,2025-05-03,Dress,Apparel,3,2520.54,7561.62,In-store,STORE_3,75
TXN_02951,CUST_437,2025-01-24,Trousers,Apparel,2,5091.49,10182.98,Online,STORE_9,101
TXN_02952,CUST_342,2025-05-01,Trousers,Apparel,1,2238.52,2238.52,Online,STORE_10,22
TXN_02953,CUST_499,2025-02-02,Dress,Apparel,3,13195.82,39587.46,Online,STORE_6,395
TXN_02954,CUST_194,2025-01-26,Perfume,Beauty,3,3403.93,10211.79,Online,STORE_2,102
TXN_02955,CUST_216,2025-04-03,Top,Apparel,3,4965.18,14895.54,In-store,STORE_10,148
TXN_02956,CUST_435,2025-04-07,Shoes,Footwear,2,3178.1,6356.2,Online,STORE_3,63
TXN_02957,CUST_133,2025-04-30,Jewellery,Accessories,1,14972.89,14972.89,Online,STORE_2,149
TXN_02958,CUST_330,2025-02-26,Shoes,Footwear,2,7883.57,15767.14,In-store,STORE_10,157
TXN_02959,CUST_305,2025-03-20,Shoes,Footwear,3,9272.49,27817.47,In-store,STORE_4,278
TXN_02960,CUST_258,2025-05-03,Sunglasses,Accessories,3,1281.82,3845.46,Online,STORE_1,38
TXN_02961,CUST_066,2025-01-22,Trousers,Apparel,3,2788.05,8364.15,In-store,STORE_1,83
TXN_02962,CUST_340,2025-04-21,Trousers,Apparel,3,20199.76,60599.28,In-store,STORE_2,605
TXN_02963,CUST_459,2025-02-25,Jewellery,Accessories,1,4437.25,4437.25,In-store,STORE_7,44
TXN_02964,CUST_498,2025-05-01,Shoes,Footwear,3,8818.5,26455.5,In-store,STORE_2,264
TXN_02965,CUST_029,2025-03-21,Shoes,Footwear,3,5204.9,15614.7,Online,STORE_2,156
TXN_02966,CUST_439,2025-01-09,Perfume,Beauty,2,6541.15,13082.3,Online,STORE_2,130
TXN_02967,CUST_325,2025-03-25,Shoes,Footwear,1,10700.77,10700.77,Online,STORE_2,107
TXN_02968,CUST_407,2025-02-12,Shoes,Footwear,1,5973.92,5973.92,Online,STORE_2,59
TXN_02969,CUST_419,2025-03-13,Shoes,Footwear,2,3748.43,7496.86,In-store,STORE_6,74
TXN_02970,CUST_100,2025-01-04,Handbag,Accessories,2,4231.71,8463.42,Online,STORE_7,84
TXN_02971,CUST_067,2025-05-03,Trousers,Apparel,3,1854.96,5564.88,Online,STORE_8,55
TXN_02972,CUST_464,2025-03-11,Dress,Apparel,2,3818.96,7637.92,In-store,STORE_2,76
TXN_02973,CUST_224,2025-05-07,Watch,Accessories,1,7602.25,7602.25,Online,STORE_5,76
TXN_02974,CUST_199,2025-01-25,Top,Apparel,2,5945.25,11890.5,Online,STORE_5,118
TXN_02975,CUST_366,2025-01-29,Dress,Apparel,3,16946.27,50838.81,In-store,STORE_5,508
TXN_02976,CUST_047,2025-05-09,Trousers,Apparel,3,1655.22,4965.66,Online,STORE_7,49
TXN_02977,CUST_027,2025-02-24,Watch,Accessories,2,5331.57,10663.14,Online,STORE_8,106
TXN_02978,CUST_018,2025-05-08,Watch,Accessories,1,8722.58,8722.58,In-store,STORE_10,87
TXN_02979,CUST_379,2025-04-17,Watch,Accessories,3,3120.28,9360.84,In-store,STORE_4,93
TXN_02980,CUST_075,2025-03-20,Dress,Apparel,2,9573.36,19146.72,In-store,STORE_2,191
TXN_02981,CUST_377,2025-04-17,Shoes,Footwear,1,4740.0,4740.0,In-store,STORE_8,47
TXN_02982,CUST_143,2025-02-28,Shoes,Footwear,1,6404.43,6404.43,In-store,STORE_6,64
TXN_02983,CUST_169,2025-02-19,Jewellery,Accessories,2,2162.33,4324.66,In-store,STORE_6,43
TXN_02984,CUST_301,2025-02-26,Dress,Apparel,1,1738.2,1738.2,In-store,STORE_5,17
TXN_02985,CUST_180,2025-03-11,Jewellery,Accessories,1,2690.45,2690.45,In-store,STORE_7,26
TXN_02986,CUST_440,2025-04-25,Handbag,Accessories,3,1594.91,4784.73,Online,STORE_6,47
TXN_02987,CUST_345,2025-03-19,Perfume,Beauty,3,1700.31,5100.93,Online,STORE_3,51
TXN_02988,CUST_431,2025-05-01,Handbag,Accessories,1,3922.24,3922.24,Online,STORE_4,39
TXN_02989,CUST_250,2025-01-16,Jewellery,Accessories,1,1090.95,1090.95,Online,STORE_2,10
TXN_02990,CUST_237,2025-02-05,Watch,Accessories,1,18579.76,18579.76,Online,STORE_8,185
TXN_02991,CUST_178,2025-02-18,Dress,Apparel,2,4005.27,8010.54,Online,STORE_2,80
TXN_02992,CUST_012,2025-01-29,Jewellery,Accessories,3,4023.97,12071.91,Online,STORE_6,120
TXN_02993,CUST_301,2025-04-06,Dress,Apparel,3,2731.07,8193.21,In-store,STORE_6,81
TXN_02994,CUST_177,2025-03-11,Dress,Apparel,1,6734.97,6734.97,In-store,STORE_9,67
TXN_02995,CUST_174,2025-04-27,Trousers,Apparel,3,2322.1,6966.3,Online,STORE_8,69
TXN_02996,CUST_348,2025-02-21,Watch,Accessories,1,4165.11,4165.11,In-store,STORE_5,41
TXN_02997,CUST_368,2025-01-28,Watch,Accessories,1,4606.89,4606.89,Online,STORE_7,46
TXN_02998,CUST_424,2025-02-11,Dress,Apparel,2,2055.83,4111.66,Online,STORE_10,41
TXN_02999,CUST_203,2025-05-02,Perfume,Beauty,1,1466.46,1466.46,In-store,STORE_9,14
TXN_03000,CUST_174,2025-03-28,Shoes,Footwear,3,1589.45,4768.35,Online,STORE_10,47
TXN_03001,CUST_323,2025-01-11,Trousers,Apparel,2,6691.18,13382.36,In-store,STORE_9,133
TXN_03002,CUST_025,2025-05-10,Trousers,Apparel,1,3421.29,3421.29,In-store,STORE_3,34
TXN_03003,CUST_271,2025-03-18,Shoes,Footwear,2,9651.51,19303.02,In-store,STORE_3,193
TXN_03004,CUST_273,2025-01-21,Shoes,Footwear,1,4253.3,4253.3,Online,STORE_6,42
TXN_03005,CUST_284,2025-03-23,Handbag,Accessories,3,2103.63,6310.89,Online,STORE_8,63
TXN_03006,CUST_142,2025-01-15,Top,Apparel,1,3586.89,3586.89,Online,STORE_2,35
TXN_03007,CUST_126,2025-04-10,Trousers,Apparel,1,2281.47,2281.47,Online,STORE_9,22
TXN_03008,CUST_495,2025-02-21,Dress,Apparel,2,6958.44,13916.88,Online,STORE_1,139
TXN_03009,CUST_214,2025-03-29,Top,Apparel,1,6904.46,6904.46,Online,STORE_5,69
TXN_03010,CUST_301,2025-01-18,Handbag,Accessories,2,2284.14,4568.28,In-store,STORE_2,45
TXN_03011,CUST_228,2025-04-03,Watch,Accessories,2,1421.58,2843.16,Online,STORE_8,28
TXN_03012,CUST_054,2025-03-16,Sunglasses,Accessories,3,9537.13,28611.39,Online,STORE_9,286
TXN_03013,CUST_392,2025-03-12,Jewellery,Accessories,1,9374.24,9374.24,In-store,STORE_6,93
TXN_03014,CUST_439,2025-01-02,Handbag,Accessories,1,8109.86,8109.86,Online,STORE_10,81
TXN_03015,CUST_420,2025-03-13,Shoes,Footwear,1,7844.45,7844.45,In-store,STORE_6,78
TXN_03016,CUST_493,2025-01-06,Dress,Apparel,2,1804.85,3609.7,In-store,STORE_7,36
TXN_03017,CUST_392,2025-04-21,Jewellery,Accessories,2,7770.55,15541.1,Online,STORE_4,155
TXN_03018,CUST_331,2025-02-11,Jewellery,Accessories,2,2569.4,5138.8,Online,STORE_10,51
TXN_03019,CUST_161,2025-01-10,Perfume,Beauty,3,2792.6,8377.8,In-store,STORE_9,83
TXN_03020,CUST_339,2025-03-13,Watch,Accessories,3,9916.24,29748.72,Online,STORE_3,297
TXN_03021,CUST_103,2025-01-09,Trousers,Apparel,2,1823.87,3647.74,In-store,STORE_3,36
TXN_03022,CUST_398,2025-03-10,Watch,Accessories,1,7292.9,7292.9,Online,STORE_8,72
TXN_03023,CUST_198,2025-03-23,Shoes,Footwear,2,4026.33,8052.66,Online,STORE_9,80
TXN_03024,CUST_235,2025-02-06,Shoes,Footwear,1,1737.74,1737.74,Online,STORE_10,17
TXN_03025,CUST_366,2025-04-28,Perfume,Beauty,3,15967.45,47902.35,Online,STORE_3,479
TXN_03026,CUST_291,2025-01-10,Handbag,Accessories,3,9282.45,27847.35,In-store,STORE_4,278
TXN_03027,CUST_020,2025-04-06,Top,Apparel,3,2392.18,7176.54,In-store,STORE_2,71
TXN_03028,CUST_288,2025-02-04,Jewellery,Accessories,3,1911.2,5733.6,Online,STORE_2,57
TXN_03029,CUST_113,2025-04-19,Trousers,Apparel,1,17523.92,17523.92,In-store,STORE_5,175
TXN_03030,CUST_326,2025-03-02,Coat,Apparel,3,7096.04,21288.12,In-store,STORE_1,212
TXN_03031,CUST_208,2025-05-04,Coat,Apparel,3,9321.79,27965.37,Online,STORE_1,279
TXN_03032,CUST_403,2025-01-07,Handbag,Accessories,2,4902.1,9804.2,In-store,STORE_4,98
TXN_03033,CUST_242,2025-02-08,Perfume,Beauty,1,2072.82,2072.82,Online,STORE_9,20
TXN_03034,CUST_034,2025-05-10,Shoes,Footwear,2,15304.54,30609.08,Online,STORE_5,306
TXN_03035,CUST_140,2025-01-06,Jewellery,Accessories,1,6625.43,6625.43,In-store,STORE_8,66
TXN_03036,CUST_352,2025-04-04,Dress,Apparel,1,6588.25,6588.25,Online,STORE_7,65
TXN_03037,CUST_413,2025-02-19,Shoes,Footwear,2,2072.47,4144.94,Online,STORE_1,41
TXN_03038,CUST_379,2025-04-28,Coat,Apparel,3,4711.32,14133.96,Online,STORE_6,141
TXN_03039,CUST_424,2025-04-07,Jewellery,Accessories,3,1907.98,5723.94,In-store,STORE_7,57
TXN_03040,CUST_060,2025-01-04,Perfume,Beauty,1,1933.84,1933.84,In-store,STORE_4,19
TXN_03041,CUST_231,2025-04-22,Sunglasses,Accessories,2,3321.24,6642.48,Online,STORE_10,66
TXN_03042,CUST_082,2025-01-24,Trousers,Apparel,3,3579.59,10738.77,In-store,STORE_5,107
TXN_03043,CUST_425,2025-02-27,Sunglasses,Accessories,2,8795.51,17591.02,Online,STORE_3,175
TXN_03044,CUST_304,2025-01-05,Shoes,Footwear,3,7307.8,21923.4,In-store,STORE_6,219
TXN_03045,CUST_312,2025-01-26,Top,Apparel,1,7128.83,7128.83,In-store,STORE_1,71
TXN_03046,CUST_311,2025-02-18,Shoes,Footwear,3,6756.59,20269.77,In-store,STORE_1,202
TXN_03047,CUST_415,2025-05-10,Dress,Apparel,2,3145.76,6291.52,Online,STORE_3,62
TXN_03048,CUST_422,2025-05-02,Watch,Accessories,3,1469.2,4407.6,Online,STORE_4,44
TXN_03049,CUST_136,2025-03-08,Jewellery,Accessories,3,14896.1,44688.3,In-store,STORE_9,446
TXN_03050,CUST_097,2025-04-20,Shoes,Footwear,3,9280.13,27840.39,Online,STORE_8,278
TXN_03051,CUST_214,2025-04-05,Perfume,Beauty,3,7261.38,21784.14,Online,STORE_7,217
TXN_03052,CUST_017,2025-05-01,Shoes,Footwear,1,960.27,960.27,In-store,STORE_1,9
TXN_03053,CUST_410,2025-01-31,Watch,Accessories,2,3766.53,7533.06,Online,STORE_4,75
TXN_03054,CUST_079,2025-04-28,Dress,Apparel,1,1751.33,1751.33,In-store,STORE_3,17
TXN_03055,CUST_193,2025-01-25,Top,Apparel,1,3732.65,3732.65,In-store,STORE_3,37
TXN_03056,CUST_347,2025-04-28,Top,Apparel,3,2286.78,6860.34,Online,STORE_10,68
TXN_03057,CUST_429,2025-02-01,Top,Apparel,3,2361.56,7084.68,Online,STORE_2,70
TXN_03058,CUST_339,2025-04-13,Sunglasses,Accessories,2,19261.94,38523.88,In-store,STORE_9,385
TXN_03059,CUST_429,2025-02-07,Handbag,Accessories,3,1658.71,4976.13,Online,STORE_3,49
TXN_03060,CUST_498,2025-01-21,Trousers,Apparel,1,3520.44,3520.44,Online,STORE_8,35
TXN_03061,CUST_265,2025-03-16,Top,Apparel,3,2090.97,6272.91,In-store,STORE_6,62
TXN_03062,CUST_070,2025-04-28,Shoes,Footwear,1,16919.77,16919.77,In-store,STORE_6,169
TXN_03063,CUST_095,2025-04-15,Shoes,Footwear,3,4549.2,13647.6,Online,STORE_2,136
TXN_03064,CUST_182,2025-03-15,Perfume,Beauty,1,7404.51,7404.51,In-store,STORE_5,74
TXN_03065,CUST_140,2025-02-27,Jewellery,Accessories,2,9365.4,18730.8,Online,STORE_6,187
TXN_03066,CUST_394,2025-02-20,Watch,Accessories,2,4371.64,8743.28,Online,STORE_7,87
TXN_03067,CUST_321,2025-03-31,Sunglasses,Accessories,1,7947.33,7947.33,In-store,STORE_9,79
TXN_03068,CUST_259,2025-01-06,Shoes,Footwear,1,3199.16,3199.16,Online,STORE_3,31
TXN_03069,CUST_217,2025-02-04,Shoes,Footwear,2,8762.58,17525.16,Online,STORE_4,175
TXN_03070,CUST_007,2025-05-08,Handbag,Accessories,1,2757.62,2757.62,Online,STORE_3,27
TXN_03071,CUST_382,2025-04-02,Shoes,Footwear,3,16551.24,49653.72,In-store,STORE_5,496
TXN_03072,CUST_399,2025-04-05,Watch,Accessories,2,7558.76,15117.52,In-store,STORE_7,151
TXN_03073,CUST_120,2025-03-16,Handbag,Accessories,2,9357.66,18715.32,Online,STORE_1,187
TXN_03074,CUST_449,2025-02-01,Perfume,Beauty,1,2871.28,2871.28,Online,STORE_7,28
TXN_03075,CUST_042,2025-02-26,Dress,Apparel,2,3995.81,7991.62,Online,STORE_1,79
TXN_03076,CUST_027,2025-04-23,Shoes,Footwear,1,3215.64,3215.64,Online,STORE_9,32
TXN_03077,CUST_051,2025-04-01,Dress,Apparel,2,9045.89,18091.78,In-store,STORE_3,180
TXN_03078,CUST_286,2025-04-14,Dress,Apparel,3,15051.99,45155.97,In-store,STORE_4,451
TXN_03079,CUST_489,2025-01-31,Top,Apparel,1,3037.1,3037.1,In-store,STORE_5,30
TXN_03080,CUST_192,2025-02-22,Top,Apparel,1,6051.33,6051.33,Online,STORE_2,60
TXN_03081,CUST_279,2025-03-14,Dress,Apparel,1,3719.95,3719.95,Online,STORE_4,37
TXN_03082,CUST_321,2025-01-22,Coat,Apparel,3,7135.28,21405.84,In-store,STORE_3,214
TXN_03083,CUST_073,2025-02-05,Jewellery,Accessories,2,6337.04,12674.08,In-store,STORE_3,126
TXN_03084,CUST_245,2025-02-07,Jewellery,Accessories,3,10380.56,31141.68,In-store,STORE_1,311
TXN_03085,CUST_130,2025-04-20,Watch,Accessories,3,17456.43,52369.29,In-store,STORE_1,523
TXN_03086,CUST_473,2025-04-12,Jewellery,Accessories,2,7863.68,15727.36,In-store,STORE_1,157
TXN_03087,CUST_399,2025-04-17,Watch,Accessories,3,8999.16,26997.48,In-store,STORE_9,269
TXN_03088,CUST_072,2025-02-15,Shoes,Footwear,2,16705.29,33410.58,In-store,STORE_10,334
TXN_03089,CUST_140,2025-04-22,Handbag,Accessories,3,6235.77,18707.31,In-store,STORE_1,187
TXN_03090,CUST_151,2025-01-02,Jewellery,Accessories,3,2058.3,6174.9,In-store,STORE_2,61
TXN_03091,CUST_100,2025-01-02,Perfume,Beauty,1,3577.28,3577.28,In-store,STORE_7,35
TXN_03092,CUST_390,2025-02-15,Top,Apparel,2,4385.29,8770.58,Online,STORE_7,87
TXN_03093,CUST_379,2025-02-12,Watch,Accessories,1,5218.63,5218.63,In-store,STORE_2,52
TXN_03094,CUST_269,2025-05-09,Handbag,Accessories,3,4109.05,12327.15,In-store,STORE_9,123
TXN_03095,CUST_441,2025-01-23,Dress,Apparel,1,2236.26,2236.26,Online,STORE_5,22
TXN_03096,CUST_440,2025-03-17,Top,Apparel,3,2641.66,7924.98,Online,STORE_8,79
TXN_03097,CUST_421,2025-02-27,Watch,Accessories,3,1521.77,4565.31,Online,STORE_8,45
TXN_03098,CUST_459,2025-02-19,Perfume,Beauty,3,4301.74,12905.22,Online,STORE_3,129
TXN_03099,CUST_407,2025-02-20,Watch,Accessories,1,3011.92,3011.92,Online,STORE_8,30
TXN_03100,CUST_355,2025-02-15,Shoes,Footwear,1,2330.08,2330.08,Online,STORE_5,23
TXN_03101,CUST_326,2025-05-07,Shoes,Footwear,1,7179.22,7179.22,In-store,STORE_9,71
TXN_03102,CUST_001,2025-05-05,Handbag,Accessories,3,3498.96,10496.88,Online,STORE_7,104
TXN_03103,CUST_075,2025-03-09,Dress,Apparel,3,7929.4,23788.2,Online,STORE_3,237
TXN_03104,CUST_410,2025-05-02,Coat,Apparel,1,3917.61,3917.61,Online,STORE_8,39
TXN_03105,CUST_002,2025-02-06,Coat,Apparel,1,8904.63,8904.63,Online,STORE_5,89
TXN_03106,CUST_055,2025-01-05,Dress,Apparel,1,4535.43,4535.43,Online,STORE_5,45
TXN_03107,CUST_036,2025-02-01,Top,Apparel,2,3962.3,7924.6,In-store,STORE_6,79
TXN_03108,CUST_044,2025-02-12,Shoes,Footwear,3,3183.02,9549.06,In-store,STORE_10,95
TXN_03109,CUST_188,2025-01-11,Dress,Apparel,3,2233.62,6700.86,Online,STORE_5,67
TXN_03110,CUST_292,2025-03-27,Handbag,Accessories,1,10503.32,10503.32,In-store,STORE_8,105
TXN_03111,CUST_246,2025-03-06,Watch,Accessories,1,5726.29,5726.29,Online,STORE_1,57
TXN_03112,CUST_036,2025-03-20,Jewellery,Accessories,1,4670.72,4670.72,Online,STORE_2,46
TXN_03113,CUST_247,2025-02-09,Dress,Apparel,2,16719.33,33438.66,In-store,STORE_9,334
TXN_03114,CUST_249,2025-02-13,Dress,Apparel,1,3073.9,3073.9,Online,STORE_7,30
TXN_03115,CUST_477,2025-05-10,Top,Apparel,3,4021.32,12063.96,In-store,STORE_5,120
TXN_03116,CUST_114,2025-05-03,Coat,Apparel,1,2222.78,2222.78,Online,STORE_3,22
TXN_03117,CUST_085,2025-04-13,Dress,Apparel,2,2301.43,4602.86,Online,STORE_1,46
TXN_03118,CUST_090,2025-03-18,Watch,Accessories,1,1203.9,1203.9,Online,STORE_6,12
TXN_03119,CUST_285,2025-01-20,Shoes,Footwear,3,4757.02,14271.06,In-store,STORE_3,142
TXN_03120,CUST_483,2025-02-14,Handbag,Accessories,2,11213.53,22427.06,In-store,STORE_1,224
TXN_03121,CUST_059,2025-03-23,Jewellery,Accessories,3,11497.54,34492.62,In-store,STORE_10,344
TXN_03122,CUST_035,2025-03-11,Trousers,Apparel,1,3357.72,3357.72,In-store,STORE_6,33
TXN_03123,CUST_249,2025-01-22,Perfume,Beauty,3,3578.87,10736.61,Online,STORE_4,107
TXN_03124,CUST_276,2025-02-23,Sunglasses,Accessories,2,15244.72,30489.44,Online,STORE_3,304
TXN_03125,CUST_432,2025-01-01,Shoes,Footwear,3,8174.2,24522.6,Online,STORE_10,245
TXN_03126,CUST_183,2025-02-09,Shoes,Footwear,2,10819.32,21638.64,In-store,STORE_9,216
TXN_03127,CUST_160,2025-03-05,Watch,Accessories,3,1770.18,5310.54,Online,STORE_3,53
TXN_03128,CUST_393,2025-03-08,Trousers,Apparel,2,14846.82,29693.64,Online,STORE_9,296
TXN_03129,CUST_116,2025-04-26,Watch,Accessories,1,4575.5,4575.5,Online,STORE_2,45
TXN_03130,CUST_087,2025-05-02,Shoes,Footwear,2,17325.15,34650.3,In-store,STORE_8,346
TXN_03131,CUST_176,2025-02-24,Shoes,Footwear,1,4145.99,4145.99,Online,STORE_6,41
TXN_03132,CUST_104,2025-01-29,Watch,Accessories,3,7604.2,22812.6,In-store,STORE_2,228
TXN_03133,CUST_054,2025-02-10,Watch,Accessories,2,9093.62,18187.24,Online,STORE_8,181
TXN_03134,CUST_014,2025-03-10,Top,Apparel,3,15544.41,46633.23,In-store,STORE_4,466
TXN_03135,CUST_350,2025-04-20,Top,Apparel,3,8322.32,24966.96,Online,STORE_3,249
TXN_03136,CUST_334,2025-05-07,Jewellery,Accessories,1,10767.04,10767.04,In-store,STORE_5,107
TXN_03137,CUST_210,2025-02-21,Jewellery,Accessories,2,9627.39,19254.78,In-store,STORE_7,192
TXN_03138,CUST_083,2025-03-20,Jewellery,Accessories,2,2152.56,4305.12,Online,STORE_4,43
TXN_03139,CUST_022,2025-05-05,Top,Apparel,3,3772.9,11318.7,In-store,STORE_3,113
TXN_03140,CUST_163,2025-03-09,Shoes,Footwear,3,5283.27,15849.81,Online,STORE_2,158
TXN_03141,CUST_104,2025-04-26,Watch,Accessories,2,11273.07,22546.14,In-store,STORE_9,225
TXN_03142,CUST_459,2025-02-05,Top,Apparel,2,5322.84,10645.68,Online,STORE_1,106
TXN_03143,CUST_305,2025-04-23,Watch,Accessories,3,7533.5,22600.5,Online,STORE_1,226
TXN_03144,CUST_142,2025-03-24,Top,Apparel,1,3424.77,3424.77,Online,STORE_4,34
TXN_03145,CUST_197,2025-04-03,Coat,Apparel,1,14682.27,14682.27,Online,STORE_4,146
TXN_03146,CUST_109,2025-01-05,Shoes,Footwear,2,4155.62,8311.24,In-store,STORE_7,83
TXN_03147,CUST_225,2025-04-04,Watch,Accessories,1,7984.13,7984.13,In-store,STORE_10,79
TXN_03148,CUST_409,2025-01-25,Watch,Accessories,2,1731.04,3462.08,In-store,STORE_2,34
TXN_03149,CUST_389,2025-04-16,Jewellery,Accessories,2,2260.5,4521.0,Online,STORE_8,45
TXN_03150,CUST_476,2025-03-19,Shoes,Footwear,3,2624.67,7874.01,In-store,STORE_2,78
TXN_03151,CUST_404,2025-02-12,Top,Apparel,1,6737.56,6737.56,Online,STORE_9,67
TXN_03152,CUST_453,2025-01-05,Sunglasses,Accessories,3,2441.0,7323.0,Online,STORE_10,73
TXN_03153,CUST_468,2025-05-01,Dress,Apparel,3,10514.61,31543.83,Online,STORE_10,315
TXN_03154,CUST_370,2025-04-01,Perfume,Beauty,2,21321.4,42642.8,Online,STORE_6,426
TXN_03155,CUST_294,2025-05-02,Watch,Accessories,1,18672.02,18672.02,In-store,STORE_1,186
TXN_03156,CUST_414,2025-01-19,Top,Apparel,3,1976.49,5929.47,Online,STORE_7,59
TXN_03157,CUST_415,2025-02-22,Handbag,Accessories,1,3287.26,3287.26,Online,STORE_10,32
TXN_03158,CUST_149,2025-04-04,Dress,Apparel,3,2823.24,8469.72,Online,STORE_4,84
TXN_03159,CUST_392,2025-05-08,Handbag,Accessories,3,8294.23,24882.69,Online,STORE_6,248
TXN_03160,CUST_127,2025-03-28,Watch,Accessories,1,7395.96,7395.96,In-store,STORE_4,73
TXN_03161,CUST_169,2025-04-01,Top,Apparel,1,2553.56,2553.56,Online,STORE_6,25
TXN_03162,CUST_287,2025-03-28,Handbag,Accessories,1,3555.6,3555.6,In-store,STORE_2,35
TXN_03163,CUST_393,2025-01-05,Watch,Accessories,2,13377.84,26755.68,In-store,STORE_2,267
TXN_03164,CUST_362,2025-03-20,Perfume,Beauty,1,4411.41,4411.41,Online,STORE_3,44
TXN_03165,CUST_314,2025-03-04,Top,Apparel,1,4422.6,4422.6,In-store,STORE_3,44
TXN_03166,CUST_156,2025-04-08,Shoes,Footwear,1,2926.83,2926.83,Online,STORE_10,29
TXN_03167,CUST_330,2025-03-25,Watch,Accessories,3,7811.35,23434.05,Online,STORE_8,234
TXN_03168,CUST_179,2025-05-04,Handbag,Accessories,1,9695.7,9695.7,Online,STORE_6,96
TXN_03169,CUST_351,2025-02-20,Trousers,Apparel,1,6778.18,6778.18,In-store,STORE_4,67
TXN_03170,CUST_276,2025-01-20,Watch,Accessories,3,11270.57,33811.71,Online,STORE_10,338
TXN_03171,CUST_156,2025-04-24,Watch,Accessories,3,3644.54,10933.62,In-store,STORE_2,109
TXN_03172,CUST_122,2025-03-07,Dress,Apparel,2,9054.16,18108.32,In-store,STORE_6,181
TXN_03173,CUST_350,2025-03-08,Dress,Apparel,1,9037.75,9037.75,Online,STORE_1,90
TXN_03174,CUST_407,2025-04-10,Trousers,Apparel,3,3513.14,10539.42,In-store,STORE_10,105
TXN_03175,CUST_257,2025-02-20,Jewellery,Accessories,2,1942.88,3885.76,Online,STORE_9,38
TXN_03176,CUST_390,2025-01-07,Dress,Apparel,1,3694.15,3694.15,In-store,STORE_4,36
TXN_03177,CUST_393,2025-04-21,Shoes,Footwear,1,18782.26,18782.26,Online,STORE_6,187
TXN_03178,CUST_475,2025-04-07,Dress,Apparel,3,15802.88,47408.64,Online,STORE_5,474
TXN_03179,CUST_150,2025-02-23,Watch,Accessories,1,2194.38,2194.38,Online,STORE_1,21
TXN_03180,CUST_481,2025-04-22,Shoes,Footwear,3,1871.57,5614.71,Online,STORE_4,56
TXN_03181,CUST_165,2025-01-03,Watch,Accessories,2,15208.21,30416.42,In-store,STORE_3,304
TXN_03182,CUST_276,2025-03-02,Watch,Accessories,1,11301.73,11301.73,In-store,STORE_9,113
TXN_03183,CUST_187,2025-04-24,Watch,Accessories,2,3913.16,7826.32,Online,STORE_1,78
TXN_03184,CUST_155,2025-01-31,Handbag,Accessories,2,1969.43,3938.86,In-store,STORE_5,39
TXN_03185,CUST_452,2025-01-02,Shoes,Footwear,3,5785.26,17355.78,Online,STORE_7,173
TXN_03186,CUST_169,2025-02-05,Handbag,Accessories,2,2137.77,4275.54,Online,STORE_1,42
TXN_03187,CUST_193,2025-01-08,Jewellery,Accessories,1,5587.45,5587.45,Online,STORE_3,55
TXN_03188,CUST_285,2025-03-19,Coat,Apparel,3,3967.84,11903.52,In-store,STORE_3,119
TXN_03189,CUST_496,2025-02-15,Dress,Apparel,2,7850.54,15701.08,In-store,STORE_1,157
TXN_03190,CUST_317,2025-03-05,Dress,Apparel,1,4679.11,4679.11,In-store,STORE_5,46
TXN_03191,CUST_101,2025-04-09,Dress,Apparel,2,10674.57,21349.14,Online,STORE_7,213
TXN_03192,CUST_189,2025-02-02,Dress,Apparel,3,9030.4,27091.2,In-store,STORE_5,270
TXN_03193,CUST_314,2025-01-31,Jewellery,Accessories,3,3576.29,10728.87,Online,STORE_2,107
TXN_03194,CUST_032,2025-01-23,Dress,Apparel,3,2720.83,8162.49,Online,STORE_3,81
TXN_03195,CUST_349,2025-04-17,Watch,Accessories,1,9755.46,9755.46,In-store,STORE_9,97
TXN_03196,CUST_420,2025-02-07,Trousers,Apparel,1,6657.87,6657.87,In-store,STORE_7,66
TXN_03197,CUST_007,2025-03-06,Handbag,Accessories,1,1411.99,1411.99,Online,STORE_3,14
TXN_03198,CUST_159,2025-05-01,Dress,Apparel,3,8441.03,25323.09,Online,STORE_2,253
TXN_03199,CUST_062,2025-03-04,Jewellery,Accessories,2,13129.5,26259.0,In-store,STORE_7,262
TXN_03200,CUST_486,2025-03-14,Trousers,Apparel,2,7277.91,14555.82,In-store,STORE_7,145
TXN_03201,CUST_358,2025-04-04,Trousers,Apparel,1,10174.74,10174.74,Online,STORE_3,101
TXN_03202,CUST_325,2025-02-04,Trousers,Apparel,3,8859.17,26577.51,Online,STORE_4,265
TXN_03203,CUST_215,2025-02-18,Handbag,Accessories,3,1802.06,5406.18,Online,STORE_7,54
TXN_03204,CUST_275,2025-01-05,Dress,Apparel,2,2278.22,4556.44,In-store,STORE_5,45
TXN_03205,CUST_168,2025-01-22,Jewellery,Accessories,1,1408.53,1408.53,Online,STORE_3,14
TXN_03206,CUST_308,2025-01-23,Sunglasses,Accessories,2,2447.8,4895.6,Online,STORE_7,48
TXN_03207,CUST_234,2025-04-16,Coat,Apparel,3,5628.96,16886.88,Online,STORE_9,168
TXN_03208,CUST_216,2025-04-28,Top,Apparel,2,3587.46,7174.92,In-store,STORE_10,71
TXN_03209,CUST_234,2025-03-17,Shoes,Footwear,2,3271.22,6542.44,In-store,STORE_5,65
TXN_03210,CUST_368,2025-04-14,Shoes,Footwear,3,3810.79,11432.37,In-store,STORE_9,114
TXN_03211,CUST_049,2025-03-27,Trousers,Apparel,1,2134.97,2134.97,Online,STORE_6,21
TXN_03212,CUST_134,2025-04-07,Top,Apparel,2,2236.17,4472.34,In-store,STORE_6,44
TXN_03213,CUST_063,2025-01-29,Dress,Apparel,3,7590.56,22771.68,In-store,STORE_5,227
TXN_03214,CUST_259,2025-04-30,Coat,Apparel,2,4734.86,9469.72,In-store,STORE_9,94
TXN_03215,CUST_402,2025-03-14,Watch,Accessories,2,4129.76,8259.52,Online,STORE_10,82
TXN_03216,CUST_070,2025-05-09,Watch,Accessories,3,14896.07,44688.21,Online,STORE_9,446
TXN_03217,CUST_045,2025-01-25,Shoes,Footwear,3,2240.13,6720.39,In-store,STORE_2,67
TXN_03218,CUST_182,2025-03-07,Perfume,Beauty,3,7358.59,22075.77,Online,STORE_6,220
TXN_03219,CUST_114,2025-04-09,Watch,Accessories,1,1537.02,1537.02,In-store,STORE_8,15
TXN_03220,CUST_201,2025-01-22,Jewellery,Accessories,3,9119.68,27359.04,Online,STORE_4,273
TXN_03221,CUST_154,2025-04-12,Perfume,Beauty,3,2202.86,6608.58,In-store,STORE_4,66
TXN_03222,CUST_090,2025-03-24,Shoes,Footwear,2,1554.94,3109.88,Online,STORE_3,31
TXN_03223,CUST_336,2025-01-12,Watch,Accessories,2,8817.88,17635.76,Online,STORE_1,176
TXN_03224,CUST_219,2025-01-19,Trousers,Apparel,1,8230.33,8230.33,In-store,STORE_7,82
TXN_03225,CUST_369,2025-02-12,Perfume,Beauty,2,1309.1,2618.2,Online,STORE_9,26
TXN_03226,CUST_258,2025-02-01,Trousers,Apparel,1,2173.95,2173.95,In-store,STORE_1,21
TXN_03227,CUST_227,2025-01-05,Dress,Apparel,2,2485.12,4970.24,Online,STORE_8,49
TXN_03228,CUST_241,2025-04-13,Shoes,Footwear,3,8014.46,24043.38,Online,STORE_8,240
TXN_03229,CUST_191,2025-04-19,Dress,Apparel,3,1809.41,5428.23,In-store,STORE_5,54
TXN_03230,CUST_254,2025-01-16,Jewellery,Accessories,1,2269.51,2269.51,In-store,STORE_8,22
TXN_03231,CUST_142,2025-04-13,Jewellery,Accessories,1,4764.79,4764.79,In-store,STORE_3,47
TXN_03232,CUST_361,2025-03-25,Shoes,Footwear,1,1767.8,1767.8,In-store,STORE_1,17
TXN_03233,CUST_346,2025-04-25,Dress,Apparel,1,6882.86,6882.86,In-store,STORE_6,68
TXN_03234,CUST_231,2025-02-27,Watch,Accessories,2,3574.38,7148.76,In-store,STORE_1,71
TXN_03235,CUST_020,2025-03-31,Jewellery,Accessories,1,1769.32,1769.32,In-store,STORE_5,17
TXN_03236,CUST_395,2025-03-10,Dress,Apparel,2,4306.63,8613.26,In-store,STORE_7,86
TXN_03237,CUST_085,2025-04-13,Perfume,Beauty,1,2120.68,2120.68,In-store,STORE_5,21
TXN_03238,CUST_078,2025-03-02,Shoes,Footwear,1,3837.4,3837.4,In-store,STORE_9,38
TXN_03239,CUST_379,2025-02-27,Trousers,Apparel,3,3452.22,10356.66,In-store,STORE_2,103
TXN_03240,CUST_266,2025-04-27,Watch,Accessories,1,3841.81,3841.81,Online,STORE_6,38
TXN_03241,CUST_325,2025-04-02,Shoes,Footwear,2,7465.44,14930.88,Online,STORE_7,149
TXN_03242,CUST_101,2025-04-26,Dress,Apparel,1,14528.57,14528.57,In-store,STORE_2,145
TXN_03243,CUST_004,2025-01-12,Top,Apparel,1,7224.9,7224.9,In-store,STORE_10,72
TXN_03244,CUST_068,2025-01-14,Jewellery,Accessories,1,1638.95,1638.95,Online,STORE_5,16
TXN_03245,CUST_091,2025-01-02,Shoes,Footwear,2,4257.45,8514.9,In-store,STORE_5,85
TXN_03246,CUST_037,2025-03-05,Watch,Accessories,3,3954.64,11863.92,Online,STORE_5,118
TXN_03247,CUST_155,2025-02-24,Dress,Apparel,2,1787.78,3575.56,Online,STORE_5,35
TXN_03248,CUST_169,2025-04-11,Dress,Apparel,2,2769.52,5539.04,In-store,STORE_6,55
TXN_03249,CUST_244,2025-02-02,Dress,Apparel,3,15924.99,47774.97,Online,STORE_9,477
TXN_03250,CUST_243,2025-02-22,Watch,Accessories,1,6598.12,6598.12,Online,STORE_2,65
TXN_03251,CUST_234,2025-01-07,Watch,Accessories,1,3608.02,3608.02,Online,STORE_4,36
TXN_03252,CUST_230,2025-04-17,Dress,Apparel,2,3344.24,6688.48,Online,STORE_3,66
TXN_03253,CUST_100,2025-01-25,Dress,Apparel,1,3455.19,3455.19,In-store,STORE_1,34
TXN_03254,CUST_303,2025-03-12,Handbag,Accessories,1,12122.94,12122.94,Online,STORE_10,121
TXN_03255,CUST_422,2025-03-07,Coat,Apparel,2,1800.94,3601.88,Online,STORE_2,36
TXN_03256,CUST_162,2025-01-10,Top,Apparel,3,1518.71,4556.13,In-store,STORE_6,45
TXN_03257,CUST_376,2025-02-13,Shoes,Footwear,3,14954.71,44864.13,In-store,STORE_4,448
TXN_03258,CUST_498,2025-02-01,Watch,Accessories,1,3480.38,3480.38,In-store,STORE_2,34
TXN_03259,CUST_322,2025-04-17,Jewellery,Accessories,2,7702.7,15405.4,In-store,STORE_1,154
TXN_03260,CUST_426,2025-01-01,Handbag,Accessories,2,8783.21,17566.42,Online,STORE_8,175
TXN_03261,CUST_317,2025-01-14,Dress,Apparel,3,5110.93,15332.79,Online,STORE_6,153
TXN_03262,CUST_140,2025-02-03,Perfume,Beauty,1,7880.9,7880.9,Online,STORE_2,78
TXN_03263,CUST_174,2025-01-24,Shoes,Footwear,1,1160.63,1160.63,Online,STORE_1,11
TXN_03264,CUST_182,2025-03-12,Dress,Apparel,1,7396.83,7396.83,Online,STORE_8,73
TXN_03265,CUST_139,2025-04-07,Top,Apparel,1,2856.62,2856.62,Online,STORE_3,28
TXN_03266,CUST_298,2025-02-08,Dress,Apparel,3,5706.43,17119.29,In-store,STORE_10,171
TXN_03267,CUST_446,2025-04-20,Handbag,Accessories,1,2038.35,2038.35,In-store,STORE_6,20
TXN_03268,CUST_454,2025-05-01,Watch,Accessories,2,2687.71,5375.42,Online,STORE_4,53
TXN_03269,CUST_052,2025-02-02,Trousers,Apparel,3,18858.76,56576.28,Online,STORE_6,565
TXN_03270,CUST_248,2025-02-10,Dress,Apparel,2,4159.95,8319.9,Online,STORE_2,83
TXN_03271,CUST_246,2025-01-22,Watch,Accessories,1,5297.33,5297.33,In-store,STORE_2,52
TXN_03272,CUST_256,2025-01-16,Dress,Apparel,1,2693.58,2693.58,In-store,STORE_10,26
TXN_03273,CUST_308,2025-02-21,Sunglasses,Accessories,3,2190.51,6571.53,In-store,STORE_3,65
TXN_03274,CUST_454,2025-03-06,Watch,Accessories,3,1922.91,5768.73,In-store,STORE_7,57
TXN_03275,CUST_366,2025-03-20,Top,Apparel,3,16181.46,48544.38,Online,STORE_4,485
TXN_03276,CUST_052,2025-02-16,Watch,Accessories,2,20418.38,40836.76,Online,STORE_9,408
TXN_03277,CUST_405,2025-01-05,Coat,Apparel,2,15117.38,30234.76,In-store,STORE_2,302
TXN_03278,CUST_179,2025-03-06,Dress,Apparel,3,6562.56,19687.68,Online,STORE_4,196
TXN_03279,CUST_397,2025-03-13,Sunglasses,Accessories,1,9434.22,9434.22,In-store,STORE_9,94
TXN_03280,CUST_363,2025-04-01,Dress,Apparel,3,4181.16,12543.48,In-store,STORE_6,125
TXN_03281,CUST_475,2025-04-22,Dress,Apparel,1,13280.54,13280.54,Online,STORE_9,132
TXN_03282,CUST_370,2025-04-05,Dress,Apparel,3,21663.19,64989.57,In-store,STORE_9,649
TXN_03283,CUST_285,2025-01-26,Shoes,Footwear,2,3286.23,6572.46,In-store,STORE_2,65
TXN_03284,CUST_292,2025-01-07,Jewellery,Accessories,2,8372.08,16744.16,Online,STORE_8,167
TXN_03285,CUST_486,2025-03-17,Shoes,Footwear,2,8773.79,17547.58,Online,STORE_6,175
TXN_03286,CUST_447,2025-01-03,Dress,Apparel,3,11828.07,35484.21,In-store,STORE_9,354
TXN_03287,CUST_197,2025-02-04,Coat,Apparel,1,18807.06,18807.06,In-store,STORE_2,188
TXN_03288,CUST_228,2025-03-23,Watch,Accessories,1,1765.6,1765.6,Online,STORE_1,17
TXN_03289,CUST_427,2025-02-13,Jewellery,Accessories,3,5719.69,17159.07,Online,STORE_1,171
TXN_03290,CUST_235,2025-02-19,Coat,Apparel,3,2187.36,6562.08,In-store,STORE_8,65
TXN_03291,CUST_224,2025-01-27,Watch,Accessories,1,8649.36,8649.36,Online,STORE_7,86
TXN_03292,CUST_031,2025-04-23,Top,Apparel,3,2223.82,6671.46,Online,STORE_9,66
TXN_03293,CUST_457,2025-01-01,Sunglasses,Accessories,2,15057.79,30115.58,Online,STORE_5,301
TXN_03294,CUST_173,2025-01-15,Top,Apparel,3,8870.06,26610.18,In-store,STORE_6,266
TXN_03295,CUST_132,2025-04-08,Dress,Apparel,1,9610.4,9610.4,Online,STORE_5,96
TXN_03296,CUST_413,2025-02-27,Trousers,Apparel,2,2223.85,4447.7,Online,STORE_5,44
TXN_03297,CUST_053,2025-02-21,Top,Apparel,3,2577.48,7732.44,In-store,STORE_3,77
TXN_03298,CUST_127,2025-01-22,Watch,Accessories,2,8764.68,17529.36,Online,STORE_3,175
TXN_03299,CUST_179,2025-05-10,Dress,Apparel,1,8852.09,8852.09,In-store,STORE_5,88
TXN_03300,CUST_026,2025-02-28,Watch,Accessories,1,13614.76,13614.76,Online,STORE_3,136
TXN_03301,CUST_469,2025-03-24,Dress,Apparel,1,2359.84,2359.84,In-store,STORE_5,23
TXN_03302,CUST_044,2025-01-30,Trousers,Apparel,3,3957.06,11871.18,Online,STORE_5,118
TXN_03303,CUST_218,2025-01-07,Handbag,Accessories,2,1099.65,2199.3,In-store,STORE_2,21
TXN_03304,CUST_426,2025-03-06,Jewellery,Accessories,1,5216.89,5216.89,Online,STORE_3,52
TXN_03305,CUST_493,2025-04-23,Jewellery,Accessories,3,1413.65,4240.95,Online,STORE_8,42
TXN_03306,CUST_319,2025-03-07,Dress,Apparel,3,2091.51,6274.53,Online,STORE_5,62
TXN_03307,CUST_171,2025-01-26,Watch,Accessories,2,2183.31,4366.62,Online,STORE_9,43
TXN_03308,CUST_015,2025-01-10,Shoes,Footwear,1,1891.0,1891.0,Online,STORE_8,18
TXN_03309,CUST_057,2025-01-10,Watch,Accessories,2,1072.03,2144.06,Online,STORE_5,21
TXN_03310,CUST_084,2025-01-13,Watch,Accessories,2,15590.21,31180.42,In-store,STORE_6,311
TXN_03311,CUST_185,2025-01-20,Jewellery,Accessories,3,9542.6,28627.8,In-store,STORE_4,286
TXN_03312,CUST_316,2025-05-02,Trousers,Apparel,2,7574.39,15148.78,In-store,STORE_6,151
TXN_03313,CUST_140,2025-04-02,Jewellery,Accessories,3,7579.71,22739.13,Online,STORE_2,227
TXN_03314,CUST_467,2025-01-19,Watch,Accessories,3,9176.15,27528.45,Online,STORE_10,275
TXN_03315,CUST_368,2025-04-10,Shoes,Footwear,1,4758.5,4758.5,Online,STORE_6,47
TXN_03316,CUST_186,2025-03-04,Dress,Apparel,3,8897.11,26691.33,Online,STORE_4,266
TXN_03317,CUST_157,2025-01-25,Dress,Apparel,3,16769.67,50309.01,Online,STORE_4,503
TXN_03318,CUST_154,2025-05-09,Jewellery,Accessories,2,2035.37,4070.74,Online,STORE_3,40
TXN_03319,CUST_262,2025-03-23,Watch,Accessories,3,2336.05,7008.15,Online,STORE_5,70
TXN_03320,CUST_260,2025-01-08,Dress,Apparel,3,2709.62,8128.86,In-store,STORE_10,81
TXN_03321,CUST_484,2025-04-22,Shoes,Footwear,1,12920.27,12920.27,In-store,STORE_9,129
TXN_03322,CUST_012,2025-04-16,Jewellery,Accessories,3,2718.65,8155.95,In-store,STORE_5,81
TXN_03323,CUST_074,2025-01-06,Watch,Accessories,1,4181.14,4181.14,In-store,STORE_7,41
TXN_03324,CUST_266,2025-05-04,Shoes,Footwear,3,4753.3,14259.9,In-store,STORE_3,142
TXN_03325,CUST_025,2025-01-03,Shoes,Footwear,2,2812.85,5625.7,Online,STORE_7,56
TXN_03326,CUST_139,2025-01-17,Handbag,Accessories,2,3858.94,7717.88,In-store,STORE_4,77
TXN_03327,CUST_142,2025-02-13,Jewellery,Accessories,1,4531.88,4531.88,Online,STORE_1,45
TXN_03328,CUST_049,2025-01-25,Sunglasses,Accessories,2,2579.64,5159.28,In-store,STORE_6,51
TXN_03329,CUST_276,2025-01-22,Watch,Accessories,2,15176.15,30352.3,Online,STORE_5,303
TXN_03330,CUST_053,2025-02-07,Dress,Apparel,3,4904.8,14714.4,In-store,STORE_8,147
TXN_03331,CUST_064,2025-02-17,Dress,Apparel,2,10065.46,20130.92,Online,STORE_9,201
TXN_03332,CUST_477,2025-03-08,Dress,Apparel,2,3936.1,7872.2,Online,STORE_8,78
TXN_03333,CUST_338,2025-04-19,Handbag,Accessories,3,12870.33,38610.99,In-store,STORE_9,386
TXN_03334,CUST_462,2025-02-28,Handbag,Accessories,2,10784.76,21569.52,Online,STORE_4,215
TXN_03335,CUST_207,2025-03-12,Shoes,Footwear,1,9029.84,9029.84,Online,STORE_3,90
TXN_03336,CUST_495,2025-05-09,Top,Apparel,1,9060.54,9060.54,In-store,STORE_5,90
TXN_03337,CUST_349,2025-01-10,Watch,Accessories,1,9731.58,9731.58,In-store,STORE_6,97
TXN_03338,CUST_455,2025-03-07,Handbag,Accessories,2,9241.99,18483.98,In-store,STORE_9,184
TXN_03339,CUST_011,2025-02-20,Dress,Apparel,1,1696.08,1696.08,In-store,STORE_5,16
TXN_03340,CUST_277,2025-04-30,Top,Apparel,1,20458.77,20458.77,In-store,STORE_5,204
TXN_03341,CUST_252,2025-03-22,Dress,Apparel,3,3782.42,11347.26,Online,STORE_1,113
TXN_03342,CUST_399,2025-02-25,Coat,Apparel,1,6543.62,6543.62,Online,STORE_8,65
TXN_03343,CUST_426,2025-01-27,Perfume,Beauty,3,10924.98,32774.94,In-store,STORE_2,327
TXN_03344,CUST_239,2025-04-04,Dress,Apparel,3,3995.92,11987.76,Online,STORE_9,119
TXN_03345,CUST_183,2025-03-09,Shoes,Footwear,3,11524.02,34572.06,Online,STORE_1,345
TXN_03346,CUST_354,2025-04-12,Sunglasses,Accessories,1,4872.08,4872.08,Online,STORE_10,48
TXN_03347,CUST_129,2025-02-16,Watch,Accessories,3,2254.63,6763.89,In-store,STORE_4,67
TXN_03348,CUST_409,2025-01-02,Coat,Apparel,1,2334.59,2334.59,In-store,STORE_2,23
TXN_03349,CUST_314,2025-01-07,Perfume,Beauty,2,5005.79,10011.58,In-store,STORE_7,100
TXN_03350,CUST_421,2025-04-19,Trousers,Apparel,2,1502.23,3004.46,Online,STORE_10,30
TXN_03351,CUST_047,2025-02-04,Watch,Accessories,1,1332.58,1332.58,In-store,STORE_1,13
TXN_03352,CUST_149,2025-01-04,Dress,Apparel,3,4225.08,12675.24,In-store,STORE_3,126
TXN_03353,CUST_430,2025-03-11,Coat,Apparel,3,2215.95,6647.85,In-store,STORE_9,66
TXN_03354,CUST_409,2025-03-21,Shoes,Footwear,2,1823.23,3646.46,In-store,STORE_8,36
TXN_03355,CUST_400,2025-05-03,Jewellery,Accessories,1,3344.46,3344.46,In-store,STORE_7,33
TXN_03356,CUST_234,2025-04-18,Trousers,Apparel,3,3194.26,9582.78,In-store,STORE_6,95
TXN_03357,CUST_230,2025-02-18,Dress,Apparel,2,2892.41,5784.82,Online,STORE_4,57
TXN_03358,CUST_307,2025-04-30,Trousers,Apparel,1,3695.52,3695.52,In-store,STORE_8,36
TXN_03359,CUST_390,2025-04-30,Dress,Apparel,3,3706.45,11119.35,Online,STORE_1,111
TXN_03360,CUST_114,2025-04-06,Watch,Accessories,3,1754.4,5263.2,In-store,STORE_9,52
TXN_03361,CUST_496,2025-01-06,Jewellery,Accessories,2,8397.0,16794.0,Online,STORE_2,167
TXN_03362,CUST_116,2025-03-31,Coat,Apparel,1,3970.19,3970.19,Online,STORE_4,39
TXN_03363,CUST_027,2025-01-09,Watch,Accessories,2,4170.26,8340.52,Online,STORE_7,83
TXN_03364,CUST_240,2025-02-25,Trousers,Apparel,3,2102.73,6308.19,In-store,STORE_8,63
TXN_03365,CUST_079,2025-01-22,Perfume,Beauty,3,2405.28,7215.84,Online,STORE_9,72
TXN_03366,CUST_355,2025-02-23,Trousers,Apparel,1,2380.68,2380.68,Online,STORE_2,23
TXN_03367,CUST_311,2025-03-11,Trousers,Apparel,3,7492.13,22476.39,In-store,STORE_8,224
TXN_03368,CUST_465,2025-05-07,Coat,Apparel,2,1486.3,2972.6,In-store,STORE_8,29
TXN_03369,CUST_265,2025-02-23,Jewellery,Accessories,1,1853.64,1853.64,In-store,STORE_2,18
TXN_03370,CUST_114,2025-02-22,Shoes,Footwear,1,2087.35,2087.35,In-store,STORE_6,20
TXN_03371,CUST_033,2025-03-22,Watch,Accessories,3,14495.49,43486.47,In-store,STORE_4,434
TXN_03372,CUST_489,2025-03-07,Dress,Apparel,3,4417.02,13251.06,In-store,STORE_4,132
TXN_03373,CUST_251,2025-01-20,Watch,Accessories,2,9192.11,18384.22,In-store,STORE_5,183
TXN_03374,CUST_313,2025-05-07,Trousers,Apparel,3,14677.7,44033.1,Online,STORE_6,440
TXN_03375,CUST_297,2025-01-29,Sunglasses,Accessories,1,6245.6,6245.6,In-store,STORE_6,62
TXN_03376,CUST_314,2025-01-12,Handbag,Accessories,3,3976.6,11929.8,In-store,STORE_4,119
TXN_03377,CUST_078,2025-02-02,Shoes,Footwear,1,2511.49,2511.49,In-store,STORE_2,25
TXN_03378,CUST_187,2025-03-01,Shoes,Footwear,1,3943.26,3943.26,Online,STORE_10,39
TXN_03379,CUST_440,2025-02-21,Handbag,Accessories,3,2171.39,6514.17,Online,STORE_1,65
TXN_03380,CUST_302,2025-03-08,Handbag,Accessories,1,2402.55,2402.55,Online,STORE_1,24
TXN_03381,CUST_198,2025-03-18,Trousers,Apparel,2,3501.23,7002.46,Online,STORE_2,70
TXN_03382,CUST_029,2025-02-12,Shoes,Footwear,2,3813.22,7626.44,In-store,STORE_9,76
TXN_03383,CUST_379,2025-02-11,Shoes,Footwear,3,4462.1,13386.3,In-store,STORE_3,133
TXN_03384,CUST_497,2025-01-16,Top,Apparel,1,3075.96,3075.96,In-store,STORE_8,30
TXN_03385,CUST_292,2025-03-04,Top,Apparel,2,8051.25,16102.5,In-store,STORE_2,161
TXN_03386,CUST_112,2025-04-08,Jewellery,Accessories,2,3229.66,6459.32,Online,STORE_8,64
TXN_03387,CUST_419,2025-01-28,Watch,Accessories,1,4180.15,4180.15,In-store,STORE_2,41
TXN_03388,CUST_094,2025-03-13,Shoes,Footwear,1,10893.89,10893.89,Online,STORE_3,108
TXN_03389,CUST_266,2025-01-26,Trousers,Apparel,1,4834.71,4834.71,In-store,STORE_8,48
TXN_03390,CUST_431,2025-04-14,Top,Apparel,1,3808.97,3808.97,In-store,STORE_4,38
TXN_03391,CUST_181,2025-01-05,Top,Apparel,1,7854.06,7854.06,Online,STORE_8,78
TXN_03392,CUST_119,2025-01-10,Sunglasses,Accessories,3,3476.74,10430.22,Online,STORE_8,104
TXN_03393,CUST_169,2025-02-12,Jewellery,Accessories,3,1794.16,5382.48,In-store,STORE_7,53
TXN_03394,CUST_396,2025-04-05,Shoes,Footwear,2,3704.03,7408.06,In-store,STORE_3,74
TXN_03395,CUST_495,2025-03-07,Top,Apparel,1,8489.99,8489.99,Online,STORE_1,84
TXN_03396,CUST_431,2025-05-03,Handbag,Accessories,2,5053.54,10107.08,In-store,STORE_9,101
TXN_03397,CUST_118,2025-04-29,Shoes,Footwear,3,9910.69,29732.07,In-store,STORE_1,297
TXN_03398,CUST_319,2025-04-08,Jewellery,Accessories,3,1933.02,5799.06,Online,STORE_8,57
TXN_03399,CUST_112,2025-04-16,Dress,Apparel,3,3923.24,11769.72,Online,STORE_7,117
TXN_03400,CUST_019,2025-03-11,Watch,Accessories,2,13791.09,27582.18,Online,STORE_10,275
TXN_03401,CUST_264,2025-01-26,Handbag,Accessories,3,4173.64,12520.92,Online,STORE_9,125
TXN_03402,CUST_054,2025-02-06,Watch,Accessories,3,9380.76,28142.28,Online,STORE_3,281
TXN_03403,CUST_424,2025-03-19,Dress,Apparel,1,2681.27,2681.27,Online,STORE_7,26
TXN_03404,CUST_274,2025-01-15,Coat,Apparel,1,3578.57,3578.57,In-store,STORE_9,35
TXN_03405,CUST_158,2025-03-31,Sunglasses,Accessories,3,9130.18,27390.54,Online,STORE_6,273
TXN_03406,CUST_286,2025-03-21,Dress,Apparel,3,15337.3,46011.9,Online,STORE_2,460
TXN_03407,CUST_298,2025-03-29,Dress,Apparel,2,8555.18,17110.36,Online,STORE_3,171
TXN_03408,CUST_037,2025-03-23,Sunglasses,Accessories,3,3653.34,10960.02,Online,STORE_7,109
TXN_03409,CUST_208,2025-01-24,Watch,Accessories,1,9527.79,9527.79,In-store,STORE_8,95
TXN_03410,CUST_068,2025-01-01,Dress,Apparel,2,2225.72,4451.44,Online,STORE_4,44
TXN_03411,CUST_478,2025-03-15,Sunglasses,Accessories,3,6499.77,19499.31,In-store,STORE_8,194
TXN_03412,CUST_067,2025-02-05,Shoes,Footwear,1,1929.31,1929.31,Online,STORE_3,19
TXN_03413,CUST_189,2025-03-25,Dress,Apparel,1,9309.43,9309.43,Online,STORE_7,93
TXN_03414,CUST_277,2025-04-29,Dress,Apparel,1,17088.52,17088.52,Online,STORE_5,170
TXN_03415,CUST_098,2025-01-10,Trousers,Apparel,2,6728.03,13456.06,Online,STORE_9,134
TXN_03416,CUST_162,2025-01-15,Top,Apparel,1,1881.25,1881.25,Online,STORE_2,18
TXN_03417,CUST_060,2025-03-28,Jewellery,Accessories,1,1929.33,1929.33,In-store,STORE_10,19
TXN_03418,CUST_405,2025-03-03,Shoes,Footwear,1,14155.51,14155.51,Online,STORE_4,141
TXN_03419,CUST_221,2025-04-02,Dress,Apparel,3,9267.57,27802.71,Online,STORE_7,278
TXN_03420,CUST_336,2025-01-30,Watch,Accessories,3,7668.29,23004.87,Online,STORE_9,230
TXN_03421,CUST_332,2025-05-02,Dress,Apparel,1,4287.21,4287.21,In-store,STORE_7,42
TXN_03422,CUST_029,2025-03-14,Shoes,Footwear,1,3553.38,3553.38,Online,STORE_7,35
TXN_03423,CUST_332,2025-03-02,Jewellery,Accessories,1,4112.33,4112.33,Online,STORE_1,41
TXN_03424,CUST_494,2025-04-20,Watch,Accessories,3,5121.19,15363.57,Online,STORE_8,153
TXN_03425,CUST_291,2025-01-13,Handbag,Accessories,3,8701.57,26104.71,Online,STORE_5,261
TXN_03426,CUST_083,2025-04-03,Handbag,Accessories,2,2881.63,5763.26,In-store,STORE_6,57
TXN_03427,CUST_025,2025-04-01,Trousers,Apparel,2,4393.44,8786.88,In-store,STORE_1,87
TXN_03428,CUST_478,2025-03-17,Watch,Accessories,1,9007.95,9007.95,Online,STORE_4,90
TXN_03429,CUST_185,2025-04-24,Top,Apparel,3,10436.94,31310.82,Online,STORE_2,313
TXN_03430,CUST_279,2025-03-17,Dress,Apparel,3,4236.83,12710.49,Online,STORE_5,127
TXN_03431,CUST_049,2025-04-02,Shoes,Footwear,1,2277.12,2277.12,In-store,STORE_3,22
TXN_03432,CUST_332,2025-01-04,Handbag,Accessories,3,5402.37,16207.11,In-store,STORE_9,162
TXN_03433,CUST_048,2025-01-10,Dress,Apparel,3,7103.7,21311.1,In-store,STORE_3,213
TXN_03434,CUST_159,2025-04-14,Jewellery,Accessories,1,7868.46,7868.46,In-store,STORE_7,78
TXN_03435,CUST_011,2025-04-08,Dress,Apparel,2,2476.95,4953.9,In-store,STORE_10,49
TXN_03436,CUST_226,2025-02-18,Watch,Accessories,3,2445.63,7336.89,In-store,STORE_6,73
TXN_03437,CUST_069,2025-04-23,Watch,Accessories,1,8710.32,8710.32,In-store,STORE_4,87
TXN_03438,CUST_431,2025-01-27,Dress,Apparel,1,3070.03,3070.03,In-store,STORE_7,30
TXN_03439,CUST_170,2025-02-03,Shoes,Footwear,1,10525.4,10525.4,Online,STORE_6,105
TXN_03440,CUST_308,2025-01-22,Shoes,Footwear,2,1864.0,3728.0,Online,STORE_10,37
TXN_03441,CUST_148,2025-05-02,Top,Apparel,3,5048.15,15144.45,Online,STORE_5,151
TXN_03442,CUST_150,2025-01-13,Watch,Accessories,3,1952.97,5858.91,In-store,STORE_8,58
TXN_03443,CUST_102,2025-03-25,Shoes,Footwear,3,1721.05,5163.15,In-store,STORE_1,51
TXN_03444,CUST_480,2025-02-01,Shoes,Footwear,2,8156.9,16313.8,Online,STORE_1,163
TXN_03445,CUST_149,2025-02-06,Top,Apparel,1,6314.65,6314.65,In-store,STORE_10,63
TXN_03446,CUST_380,2025-01-14,Handbag,Accessories,2,4606.0,9212.0,Online,STORE_2,92
TXN_03447,CUST_111,2025-03-21,Trousers,Apparel,2,13001.96,26003.92,Online,STORE_3,260
TXN_03448,CUST_201,2025-03-16,Handbag,Accessories,2,7898.5,15797.0,In-store,STORE_5,157
TXN_03449,CUST_498,2025-02-17,Shoes,Footwear,3,9828.76,29486.28,In-store,STORE_10,294
TXN_03450,CUST_150,2025-01-05,Watch,Accessories,1,2011.53,2011.53,In-store,STORE_9,20
TXN_03451,CUST_176,2025-03-16,Trousers,Apparel,1,5189.53,5189.53,In-store,STORE_5,51
TXN_03452,CUST_381,2025-02-14,Shoes,Footwear,2,1797.67,3595.34,In-store,STORE_3,35
TXN_03453,CUST_261,2025-03-01,Dress,Apparel,2,10174.13,20348.26,Online,STORE_1,203
TXN_03454,CUST_169,2025-02-06,Handbag,Accessories,2,2078.47,4156.94,In-store,STORE_2,41
TXN_03455,CUST_051,2025-02-24,Dress,Apparel,2,8924.91,17849.82,In-store,STORE_7,178
TXN_03456,CUST_389,2025-02-07,Top,Apparel,3,1751.05,5253.15,Online,STORE_9,52
TXN_03457,CUST_233,2025-03-23,Sunglasses,Accessories,1,4049.1,4049.1,In-store,STORE_4,40
TXN_03458,CUST_372,2025-01-16,Trousers,Apparel,1,14472.88,14472.88,Online,STORE_7,144
TXN_03459,CUST_013,2025-01-14,Dress,Apparel,3,2452.64,7357.92,In-store,STORE_10,73
TXN_03460,CUST_099,2025-02-06,Watch,Accessories,1,3291.39,3291.39,In-store,STORE_5,32
TXN_03461,CUST_051,2025-01-24,Dress,Apparel,1,5954.48,5954.48,In-store,STORE_1,59
TXN_03462,CUST_082,2025-01-17,Shoes,Footwear,3,3569.39,10708.17,In-store,STORE_8,107
TXN_03463,CUST_372,2025-02-06,Shoes,Footwear,1,25507.55,25507.55,In-store,STORE_3,255
TXN_03464,CUST_457,2025-04-28,Shoes,Footwear,3,16059.01,48177.03,Online,STORE_8,481
TXN_03465,CUST_095,2025-02-13,Shoes,Footwear,3,3597.8,10793.4,In-store,STORE_7,107
TXN_03466,CUST_066,2025-02-21,Shoes,Footwear,2,4064.09,8128.18,In-store,STORE_5,81
TXN_03467,CUST_275,2025-01-21,Dress,Apparel,1,1852.9,1852.9,Online,STORE_8,18
TXN_03468,CUST_136,2025-04-28,Perfume,Beauty,1,17567.17,17567.17,Online,STORE_10,175
TXN_03469,CUST_125,2025-05-06,Handbag,Accessories,2,4273.1,8546.2,Online,STORE_6,85
TXN_03470,CUST_173,2025-01-02,Top,Apparel,1,6974.23,6974.23,Online,STORE_3,69
TXN_03471,CUST_074,2025-02-28,Sunglasses,Accessories,3,4283.42,12850.26,Online,STORE_3,128
TXN_03472,CUST_128,2025-01-24,Jewellery,Accessories,3,2468.95,7406.85,Online,STORE_10,74
TXN_03473,CUST_451,2025-02-19,Shoes,Footwear,3,2230.44,6691.32,In-store,STORE_8,66
TXN_03474,CUST_027,2025-05-05,Watch,Accessories,3,2975.18,8925.54,Online,STORE_2,89
TXN_03475,CUST_228,2025-02-27,Trousers,Apparel,2,2630.32,5260.64,Online,STORE_7,52
TXN_03476,CUST_064,2025-01-17,Top,Apparel,2,13636.5,27273.0,In-store,STORE_7,272
TXN_03477,CUST_302,2025-02-22,Dress,Apparel,3,1599.81,4799.43,In-store,STORE_1,47
TXN_03478,CUST_428,2025-02-16,Sunglasses,Accessories,1,6738.95,6738.95,In-store,STORE_4,67
TXN_03479,CUST_393,2025-04-18,Coat,Apparel,3,13128.17,39384.51,In-store,STORE_6,393
TXN_03480,CUST_415,2025-03-12,Dress,Apparel,2,4620.81,9241.62,Online,STORE_3,92
TXN_03481,CUST_408,2025-02-26,Sunglasses,Accessories,3,7934.61,23803.83,In-store,STORE_10,238
TXN_03482,CUST_130,2025-05-06,Watch,Accessories,1,11168.02,11168.02,In-store,STORE_10,111
TXN_03483,CUST_387,2025-03-25,Perfume,Beauty,1,3350.47,3350.47,Online,STORE_9,33
TXN_03484,CUST_380,2025-02-13,Jewellery,Accessories,3,3273.08,9819.24,Online,STORE_1,98
TXN_03485,CUST_154,2025-02-07,Dress,Apparel,3,2472.3,7416.9,In-store,STORE_5,74
TXN_03486,CUST_393,2025-03-02,Watch,Accessories,3,17814.73,53444.19,Online,STORE_2,534
TXN_03487,CUST_062,2025-02-10,Handbag,Accessories,1,14953.12,14953.12,In-store,STORE_4,149
TXN_03488,CUST_304,2025-04-15,Watch,Accessories,1,6597.56,6597.56,In-store,STORE_8,65
TXN_03489,CUST_374,2025-01-23,Watch,Accessories,2,1949.75,3899.5,Online,STORE_6,38
TXN_03490,CUST_344,2025-02-08,Shoes,Footwear,3,3664.59,10993.77,In-store,STORE_3,109
TXN_03491,CUST_018,2025-03-20,Shoes,Footwear,1,7158.16,7158.16,Online,STORE_8,71
TXN_03492,CUST_103,2025-01-17,Shoes,Footwear,3,1526.19,4578.57,In-store,STORE_2,45
TXN_03493,CUST_374,2025-03-17,Watch,Accessories,3,1721.62,5164.86,Online,STORE_6,51
TXN_03494,CUST_151,2025-01-30,Handbag,Accessories,2,1813.01,3626.02,In-store,STORE_2,36
TXN_03495,CUST_206,2025-03-23,Jewellery,Accessories,3,9107.91,27323.73,Online,STORE_2,273
TXN_03496,CUST_015,2025-03-29,Watch,Accessories,3,1490.75,4472.25,Online,STORE_4,44
TXN_03497,CUST_202,2025-03-14,Trousers,Apparel,1,3840.25,3840.25,Online,STORE_5,38
TXN_03498,CUST_386,2025-01-29,Coat,Apparel,1,1952.43,1952.43,In-store,STORE_9,19
TXN_03499,CUST_016,2025-02-12,Dress,Apparel,3,5665.92,16997.76,In-store,STORE_7,169
TXN_03500,CUST_013,2025-02-13,Dress,Apparel,1,2002.45,2002.45,Online,STORE_9,20
TXN_03501,CUST_141,2025-01-14,Watch,Accessories,3,7239.77,21719.31,Online,STORE_9,217
TXN_03502,CUST_297,2025-01-22,Shoes,Footwear,1,8543.1,8543.1,In-store,STORE_2,85
TXN_03503,CUST_198,2025-02-21,Trousers,Apparel,1,2961.0,2961.0,Online,STORE_10,29
TXN_03504,CUST_189,2025-02-05,Perfume,Beauty,3,7427.59,22282.77,In-store,STORE_6,222
TXN_03505,CUST_202,2025-02-28,Shoes,Footwear,3,3933.56,11800.68,Online,STORE_2,118
TXN_03506,CUST_451,2025-01-21,Watch,Accessories,3,2133.0,6399.0,Online,STORE_5,63
TXN_03507,CUST_142,2025-04-04,Perfume,Beauty,1,3086.38,3086.38,Online,STORE_4,30
TXN_03508,CUST_199,2025-04-25,Dress,Apparel,3,9671.6,29014.8,In-store,STORE_4,290
TXN_03509,CUST_180,2025-03-08,Dress,Apparel,2,1310.4,2620.8,In-store,STORE_9,26
TXN_03510,CUST_239,2025-03-28,Handbag,Accessories,3,3601.16,10803.48,In-store,STORE_10,108
TXN_03511,CUST_279,2025-02-05,Handbag,Accessories,1,3887.83,3887.83,In-store,STORE_9,38
TXN_03512,CUST_182,2025-05-09,Handbag,Accessories,2,10256.22,20512.44,Online,STORE_9,205
TXN_03513,CUST_339,2025-04-03,Trousers,Apparel,2,15375.55,30751.1,Online,STORE_4,307
TXN_03514,CUST_242,2025-01-15,Top,Apparel,3,1856.86,5570.58,Online,STORE_3,55
TXN_03515,CUST_348,2025-02-11,Shoes,Footwear,2,3372.6,6745.2,In-store,STORE_3,67
TXN_03516,CUST_138,2025-04-21,Top,Apparel,2,7945.59,15891.18,Online,STORE_3,158
TXN_03517,CUST_258,2025-01-19,Shoes,Footwear,3,2349.75,7049.25,In-store,STORE_6,70
TXN_03518,CUST_500,2025-01-07,Shoes,Footwear,3,4288.25,12864.75,In-store,STORE_4,128
TXN_03519,CUST_326,2025-04-17,Shoes,Footwear,3,7784.57,23353.71,In-store,STORE_4,233
TXN_03520,CUST_131,2025-01-20,Sunglasses,Accessories,3,1585.73,4757.19,In-store,STORE_10,47
TXN_03521,CUST_289,2025-03-08,Jewellery,Accessories,2,1519.0,3038.0,Online,STORE_10,30
TXN_03522,CUST_230,2025-04-04,Perfume,Beauty,2,4264.56,8529.12,In-store,STORE_4,85
TXN_03523,CUST_263,2025-05-09,Dress,Apparel,3,2694.33,8082.99,In-store,STORE_4,80
TXN_03524,CUST_314,2025-02-19,Dress,Apparel,2,3749.03,7498.06,Online,STORE_10,74
TXN_03525,CUST_089,2025-02-26,Coat,Apparel,3,9860.82,29582.46,Online,STORE_10,295
TXN_03526,CUST_158,2025-03-18,Shoes,Footwear,1,7863.54,7863.54,In-store,STORE_6,78
TXN_03527,CUST_140,2025-02-27,Dress,Apparel,2,7443.99,14887.98,In-store,STORE_4,148
TXN_03528,CUST_419,2025-04-03,Coat,Apparel,2,3611.21,7222.42,Online,STORE_6,72
TXN_03529,CUST_257,2025-04-02,Dress,Apparel,1,1521.59,1521.59,Online,STORE_4,15
TXN_03530,CUST_047,2025-01-16,Shoes,Footwear,2,2005.15,4010.3,In-store,STORE_6,40
TXN_03531,CUST_248,2025-03-01,Handbag,Accessories,1,3784.97,3784.97,Online,STORE_4,37
TXN_03532,CUST_253,2025-02-08,Shoes,Footwear,1,3824.69,3824.69,In-store,STORE_5,38
TXN_03533,CUST_269,2025-03-05,Dress,Apparel,1,3906.97,3906.97,In-store,STORE_5,39
TXN_03534,CUST_244,2025-03-20,Dress,Apparel,2,13722.12,27444.24,Online,STORE_2,274
TXN_03535,CUST_374,2025-01-25,Watch,Accessories,3,2061.64,6184.92,In-store,STORE_7,61
TXN_03536,CUST_311,2025-01-26,Shoes,Footwear,1,7544.93,7544.93,Online,STORE_7,75
TXN_03537,CUST_438,2025-01-05,Watch,Accessories,2,7074.44,14148.88,Online,STORE_10,141
TXN_03538,CUST_288,2025-01-02,Top,Apparel,3,2039.0,6117.0,In-store,STORE_3,61
TXN_03539,CUST_069,2025-03-05,Shoes,Footwear,1,8453.7,8453.7,In-store,STORE_7,84
TXN_03540,CUST_495,2025-03-18,Perfume,Beauty,1,11322.72,11322.72,In-store,STORE_3,113
TXN_03541,CUST_044,2025-02-16,Shoes,Footwear,2,3966.12,7932.24,In-store,STORE_4,79
TXN_03542,CUST_385,2025-03-01,Handbag,Accessories,2,9081.69,18163.38,In-store,STORE_4,181
TXN_03543,CUST_033,2025-04-15,Sunglasses,Accessories,1,17343.63,17343.63,Online,STORE_5,173
TXN_03544,CUST_261,2025-04-17,Dress,Apparel,3,8353.26,25059.78,In-store,STORE_7,250
TXN_03545,CUST_048,2025-05-10,Dress,Apparel,1,7723.51,7723.51,Online,STORE_3,77
TXN_03546,CUST_255,2025-05-03,Top,Apparel,3,7852.24,23556.72,Online,STORE_5,235
TXN_03547,CUST_164,2025-03-05,Watch,Accessories,1,4539.09,4539.09,In-store,STORE_9,45
TXN_03548,CUST_031,2025-02-28,Perfume,Beauty,3,2272.53,6817.59,In-store,STORE_5,68
TXN_03549,CUST_488,2025-02-06,Sunglasses,Accessories,1,2013.06,2013.06,In-store,STORE_10,20
TXN_03550,CUST_375,2025-04-02,Jewellery,Accessories,1,2121.99,2121.99,In-store,STORE_9,21
TXN_03551,CUST_287,2025-01-30,Dress,Apparel,2,4397.05,8794.1,In-store,STORE_2,87
TXN_03552,CUST_217,2025-03-02,Watch,Accessories,2,8569.22,17138.44,In-store,STORE_10,171
TXN_03553,CUST_268,2025-02-11,Watch,Accessories,3,2785.7,8357.1,Online,STORE_3,83
TXN_03554,CUST_232,2025-03-30,Trousers,Apparel,3,7172.93,21518.79,Online,STORE_8,215
TXN_03555,CUST_082,2025-04-12,Sunglasses,Accessories,1,4362.84,4362.84,In-store,STORE_10,43
TXN_03556,CUST_476,2025-02-18,Shoes,Footwear,3,1965.19,5895.57,In-store,STORE_2,58
TXN_03557,CUST_151,2025-04-24,Top,Apparel,3,1669.0,5007.0,In-store,STORE_9,50
TXN_03558,CUST_158,2025-03-20,Watch,Accessories,2,9730.78,19461.56,In-store,STORE_3,194
TXN_03559,CUST_241,2025-05-03,Watch,Accessories,2,8454.45,16908.9,In-store,STORE_8,169
TXN_03560,CUST_410,2025-02-01,Watch,Accessories,1,3558.9,3558.9,Online,STORE_6,35
TXN_03561,CUST_412,2025-02-06,Watch,Accessories,2,1846.8,3693.6,Online,STORE_4,36
TXN_03562,CUST_367,2025-01-15,Shoes,Footwear,1,8803.22,8803.22,Online,STORE_3,88
TXN_03563,CUST_008,2025-02-16,Top,Apparel,1,1929.15,1929.15,In-store,STORE_9,19
TXN_03564,CUST_083,2025-01-08,Top,Apparel,2,1743.77,3487.54,In-store,STORE_9,34
TXN_03565,CUST_094,2025-01-11,Trousers,Apparel,3,8251.65,24754.95,In-store,STORE_1,247
TXN_03566,CUST_336,2025-04-21,Watch,Accessories,2,9720.79,19441.58,Online,STORE_2,194
TXN_03567,CUST_056,2025-01-26,Trousers,Apparel,1,4524.86,4524.86,Online,STORE_1,45
TXN_03568,CUST_201,2025-04-07,Dress,Apparel,1,10076.34,10076.34,Online,STORE_8,100
TXN_03569,CUST_225,2025-02-18,Shoes,Footwear,1,10782.07,10782.07,In-store,STORE_8,107
TXN_03570,CUST_203,2025-03-21,Jewellery,Accessories,2,2845.79,5691.58,Online,STORE_1,56
TXN_03571,CUST_457,2025-03-10,Watch,Accessories,3,10291.04,30873.12,Online,STORE_4,308
TXN_03572,CUST_496,2025-02-20,Perfume,Beauty,3,6201.21,18603.63,Online,STORE_6,186
TXN_03573,CUST_201,2025-04-29,Top,Apparel,2,8295.78,16591.56,In-store,STORE_3,165
TXN_03574,CUST_489,2025-03-23,Perfume,Beauty,2,4853.66,9707.32,In-store,STORE_9,97
TXN_03575,CUST_382,2025-01-24,Shoes,Footwear,3,13133.34,39400.02,In-store,STORE_7,394
TXN_03576,CUST_402,2025-04-28,Coat,Apparel,3,4587.76,13763.28,In-store,STORE_2,137
TXN_03577,CUST_215,2025-04-13,Handbag,Accessories,2,1970.15,3940.3,Online,STORE_1,39
TXN_03578,CUST_148,2025-01-31,Perfume,Beauty,1,4659.92,4659.92,In-store,STORE_8,46
TXN_03579,CUST_329,2025-04-25,Trousers,Apparel,2,6674.8,13349.6,In-store,STORE_4,133
TXN_03580,CUST_372,2025-01-05,Coat,Apparel,2,12913.73,25827.46,Online,STORE_1,258
TXN_03581,CUST_140,2025-01-15,Jewellery,Accessories,3,8582.32,25746.96,Online,STORE_6,257
TXN_03582,CUST_394,2025-02-07,Watch,Accessories,2,3621.69,7243.38,In-store,STORE_4,72
TXN_03583,CUST_252,2025-02-07,Top,Apparel,2,4294.66,8589.32,Online,STORE_6,85
TXN_03584,CUST_207,2025-04-09,Watch,Accessories,2,11595.09,23190.18,Online,STORE_1,231
TXN_03585,CUST_445,2025-01-30,Shoes,Footwear,2,7542.28,15084.56,Online,STORE_2,150
TXN_03586,CUST_413,2025-02-25,Trousers,Apparel,1,1126.96,1126.96,In-store,STORE_9,11
TXN_03587,CUST_446,2025-04-16,Handbag,Accessories,1,1941.43,1941.43,Online,STORE_5,19
TXN_03588,CUST_211,2025-02-21,Handbag,Accessories,3,2242.18,6726.54,Online,STORE_1,67
TXN_03589,CUST_129,2025-03-05,Sunglasses,Accessories,2,1833.94,3667.88,Online,STORE_3,36
TXN_03590,CUST_436,2025-05-01,Coat,Apparel,1,5828.55,5828.55,In-store,STORE_5,58
TXN_03591,CUST_352,2025-01-06,Dress,Apparel,1,6593.3,6593.3,Online,STORE_9,65
TXN_03592,CUST_040,2025-04-13,Perfume,Beauty,3,2305.52,6916.56,In-store,STORE_10,69
TXN_03593,CUST_228,2025-02-24,Trousers,Apparel,2,2221.72,4443.44,In-store,STORE_6,44
TXN_03594,CUST_223,2025-01-07,Watch,Accessories,3,2232.72,6698.16,Online,STORE_9,66
TXN_03595,CUST_174,2025-05-05,Sunglasses,Accessories,1,2200.74,2200.74,Online,STORE_7,22
TXN_03596,CUST_259,2025-04-20,Watch,Accessories,1,5847.57,5847.57,In-store,STORE_2,58
TXN_03597,CUST_004,2025-02-17,Jewellery,Accessories,2,8326.74,16653.48,Online,STORE_4,166
TXN_03598,CUST_060,2025-01-15,Top,Apparel,1,2318.75,2318.75,Online,STORE_2,23
TXN_03599,CUST_089,2025-04-22,Watch,Accessories,1,10050.75,10050.75,Online,STORE_3,100
TXN_03600,CUST_406,2025-03-31,Shoes,Footwear,3,4779.63,14338.89,In-store,STORE_7,143
TXN_03601,CUST_126,2025-01-03,Shoes,Footwear,3,2108.85,6326.55,Online,STORE_10,63
TXN_03602,CUST_296,2025-03-03,Trousers,Apparel,1,3541.59,3541.59,Online,STORE_5,35
TXN_03603,CUST_340,2025-03-15,Shoes,Footwear,3,13075.6,39226.8,In-store,STORE_8,392
TXN_03604,CUST_056,2025-02-13,Shoes,Footwear,2,2997.98,5995.96,In-store,STORE_6,59
TXN_03605,CUST_084,2025-04-30,Watch,Accessories,2,16028.86,32057.72,Online,STORE_8,320
TXN_03606,CUST_056,2025-03-05,Watch,Accessories,2,2986.03,5972.06,In-store,STORE_7,59
TXN_03607,CUST_498,2025-04-30,Shoes,Footwear,3,6603.21,19809.63,Online,STORE_3,198
TXN_03608,CUST_068,2025-04-05,Perfume,Beauty,1,1609.22,1609.22,In-store,STORE_1,16
TXN_03609,CUST_257,2025-01-23,Dress,Apparel,2,2338.91,4677.82,In-store,STORE_3,46
TXN_03610,CUST_254,2025-03-30,Dress,Apparel,1,1591.52,1591.52,Online,STORE_7,15
TXN_03611,CUST_230,2025-04-20,Dress,Apparel,3,3456.05,10368.15,Online,STORE_4,103
TXN_03612,CUST_436,2025-04-10,Sunglasses,Accessories,3,2601.79,7805.37,In-store,STORE_6,78
TXN_03613,CUST_477,2025-03-28,Top,Apparel,1,4017.13,4017.13,Online,STORE_5,40
TXN_03614,CUST_078,2025-04-30,Watch,Accessories,1,4210.04,4210.04,In-store,STORE_3,42
TXN_03615,CUST_140,2025-02-23,Handbag,Accessories,3,10984.2,32952.6,In-store,STORE_9,329
TXN_03616,CUST_286,2025-01-31,Jewellery,Accessories,1,22623.72,22623.72,Online,STORE_4,226
TXN_03617,CUST_422,2025-04-13,Watch,Accessories,3,2312.42,6937.26,Online,STORE_4,69
TXN_03618,CUST_257,2025-03-15,Dress,Apparel,3,1888.22,5664.66,Online,STORE_9,56
TXN_03619,CUST_460,2025-01-15,Jewellery,Accessories,2,1505.83,3011.66,Online,STORE_7,30
TXN_03620,CUST_466,2025-03-24,Dress,Apparel,2,3014.72,6029.44,Online,STORE_4,60
TXN_03621,CUST_327,2025-02-28,Jewellery,Accessories,3,8612.19,25836.57,Online,STORE_9,258
TXN_03622,CUST_125,2025-04-30,Jewellery,Accessories,3,3128.35,9385.05,Online,STORE_8,93
TXN_03623,CUST_036,2025-01-10,Jewellery,Accessories,2,2827.43,5654.86,Online,STORE_6,56
TXN_03624,CUST_285,2025-03-05,Watch,Accessories,2,4350.07,8700.14,In-store,STORE_7,87
TXN_03625,CUST_492,2025-01-23,Top,Apparel,1,1854.64,1854.64,In-store,STORE_10,18
TXN_03626,CUST_494,2025-01-31,Trousers,Apparel,3,6368.01,19104.03,In-store,STORE_9,191
TXN_03627,CUST_122,2025-03-08,Handbag,Accessories,2,8298.55,16597.1,In-store,STORE_8,165
TXN_03628,CUST_038,2025-02-14,Top,Apparel,1,7845.84,7845.84,In-store,STORE_10,78
TXN_03629,CUST_462,2025-01-21,Perfume,Beauty,1,11514.42,11514.42,Online,STORE_10,115
TXN_03630,CUST_110,2025-01-11,Perfume,Beauty,1,18034.3,18034.3,Online,STORE_9,180
TXN_03631,CUST_070,2025-04-17,Trousers,Apparel,2,9599.45,19198.9,In-store,STORE_10,191
TXN_03632,CUST_406,2025-03-01,Shoes,Footwear,2,4062.51,8125.02,In-store,STORE_1,81
TXN_03633,CUST_210,2025-01-22,Handbag,Accessories,2,9603.46,19206.92,Online,STORE_1,192
TXN_03634,CUST_122,2025-01-28,Dress,Apparel,2,5885.83,11771.66,Online,STORE_7,117
TXN_03635,CUST_243,2025-05-02,Trousers,Apparel,1,8434.44,8434.44,Online,STORE_5,84
TXN_03636,CUST_230,2025-03-12,Top,Apparel,1,3536.36,3536.36,Online,STORE_10,35
TXN_03637,CUST_176,2025-01-10,Shoes,Footwear,1,3529.73,3529.73,In-store,STORE_1,35
TXN_03638,CUST_461,2025-05-07,Watch,Accessories,1,2165.14,2165.14,In-store,STORE_2,21
TXN_03639,CUST_155,2025-04-06,Jewellery,Accessories,1,2149.09,2149.09,In-store,STORE_4,21
TXN_03640,CUST_418,2025-03-03,Watch,Accessories,3,9223.39,27670.17,In-store,STORE_3,276
TXN_03641,CUST_345,2025-03-18,Dress,Apparel,2,1755.42,3510.84,Online,STORE_8,35
TXN_03642,CUST_345,2025-01-18,Dress,Apparel,3,2517.58,7552.74,Online,STORE_2,75
TXN_03643,CUST_475,2025-02-24,Top,Apparel,1,16994.46,16994.46,In-store,STORE_6,169
TXN_03644,CUST_407,2025-02-02,Shoes,Footwear,3,5105.36,15316.08,In-store,STORE_2,153
TXN_03645,CUST_486,2025-05-05,Trousers,Apparel,1,9392.05,9392.05,Online,STORE_5,93
TXN_03646,CUST_152,2025-01-30,Dress,Apparel,2,19088.14,38176.28,Online,STORE_9,381
TXN_03647,CUST_101,2025-02-07,Jewellery,Accessories,2,10881.29,21762.58,In-store,STORE_7,217
TXN_03648,CUST_259,2025-04-15,Trousers,Apparel,2,4980.56,9961.12,Online,STORE_3,99
TXN_03649,CUST_065,2025-03-14,Dress,Apparel,3,7139.31,21417.93,In-store,STORE_4,214
TXN_03650,CUST_192,2025-01-06,Perfume,Beauty,3,6888.13,20664.39,Online,STORE_5,206
TXN_03651,CUST_056,2025-02-05,Shoes,Footwear,2,4317.89,8635.78,Online,STORE_10,86
TXN_03652,CUST_074,2025-01-16,Trousers,Apparel,2,3543.96,7087.92,Online,STORE_4,70
TXN_03653,CUST_331,2025-04-18,Handbag,Accessories,1,1838.06,1838.06,In-store,STORE_6,18
TXN_03654,CUST_378,2025-05-01,Dress,Apparel,1,2128.46,2128.46,Online,STORE_9,21
TXN_03655,CUST_193,2025-04-13,Dress,Apparel,2,5567.0,11134.0,Online,STORE_1,111
TXN_03656,CUST_042,2025-04-09,Jewellery,Accessories,2,3478.1,6956.2,Online,STORE_4,69
TXN_03657,CUST_078,2025-04-21,Coat,Apparel,3,4393.1,13179.3,In-store,STORE_3,131
TXN_03658,CUST_293,2025-05-08,Jewellery,Accessories,1,2230.59,2230.59,In-store,STORE_8,22
TXN_03659,CUST_438,2025-01-26,Trousers,Apparel,1,9389.6,9389.6,In-store,STORE_5,93
TXN_03660,CUST_120,2025-02-08,Handbag,Accessories,3,9782.32,29346.96,In-store,STORE_7,293
TXN_03661,CUST_442,2025-01-17,Shoes,Footwear,2,9840.27,19680.54,In-store,STORE_5,196
TXN_03662,CUST_049,2025-03-07,Sunglasses,Accessories,3,2664.46,7993.38,Online,STORE_1,79
TXN_03663,CUST_390,2025-02-28,Jewellery,Accessories,2,5891.43,11782.86,In-store,STORE_4,117
TXN_03664,CUST_329,2025-03-13,Trousers,Apparel,2,9996.5,19993.0,In-store,STORE_8,199
TXN_03665,CUST_014,2025-03-10,Perfume,Beauty,3,11632.48,34897.44,Online,STORE_7,348
TXN_03666,CUST_312,2025-04-14,Jewellery,Accessories,1,6737.79,6737.79,In-store,STORE_4,67
TXN_03667,CUST_442,2025-03-15,Shoes,Footwear,3,9885.14,29655.42,In-store,STORE_3,296
TXN_03668,CUST_473,2025-04-05,Top,Apparel,1,8526.84,8526.84,In-store,STORE_8,85
TXN_03669,CUST_287,2025-03-16,Dress,Apparel,2,4676.29,9352.58,Online,STORE_4,93
TXN_03670,CUST_307,2025-02-01,Sunglasses,Accessories,1,4640.89,4640.89,In-store,STORE_2,46
TXN_03671,CUST_466,2025-01-08,Jewellery,Accessories,1,2548.3,2548.3,Online,STORE_8,25
TXN_03672,CUST_314,2025-01-14,Jewellery,Accessories,1,4335.53,4335.53,Online,STORE_1,43
TXN_03673,CUST_071,2025-02-24,Sunglasses,Accessories,1,3557.6,3557.6,In-store,STORE_10,35
TXN_03674,CUST_119,2025-01-01,Shoes,Footwear,1,3060.54,3060.54,In-store,STORE_4,30
TXN_03675,CUST_278,2025-01-13,Shoes,Footwear,1,3188.64,3188.64,In-store,STORE_9,31
TXN_03676,CUST_006,2025-04-20,Shoes,Footwear,3,2678.32,8034.96,Online,STORE_8,80
TXN_03677,CUST_278,2025-04-17,Trousers,Apparel,2,2381.57,4763.14,Online,STORE_6,47
TXN_03678,CUST_355,2025-05-05,Trousers,Apparel,3,1760.02,5280.06,Online,STORE_8,52
TXN_03679,CUST_295,2025-04-26,Trousers,Apparel,2,12874.98,25749.96,Online,STORE_9,257
TXN_03680,CUST_369,2025-04-01,Dress,Apparel,1,1935.02,1935.02,Online,STORE_10,19
TXN_03681,CUST_458,2025-05-03,Sunglasses,Accessories,1,4360.3,4360.3,In-store,STORE_4,43
TXN_03682,CUST_237,2025-02-22,Shoes,Footwear,1,16017.4,16017.4,Online,STORE_4,160
TXN_03683,CUST_234,2025-02-13,Shoes,Footwear,3,4723.34,14170.02,Online,STORE_9,141
TXN_03684,CUST_387,2025-05-01,Jewellery,Accessories,3,3793.95,11381.85,In-store,STORE_7,113
TXN_03685,CUST_480,2025-04-23,Shoes,Footwear,2,8807.55,17615.1,In-store,STORE_7,176
TXN_03686,CUST_284,2025-01-12,Top,Apparel,1,2021.07,2021.07,In-store,STORE_5,20
TXN_03687,CUST_430,2025-04-02,Trousers,Apparel,2,1572.59,3145.18,In-store,STORE_10,31
TXN_03688,CUST_482,2025-02-23,Shoes,Footwear,2,4675.61,9351.22,Online,STORE_8,93
TXN_03689,CUST_214,2025-03-25,Dress,Apparel,1,5810.55,5810.55,Online,STORE_2,58
TXN_03690,CUST_146,2025-04-15,Dress,Apparel,1,9244.34,9244.34,In-store,STORE_1,92
TXN_03691,CUST_424,2025-01-13,Top,Apparel,3,1654.37,4963.11,Online,STORE_6,49
TXN_03692,CUST_305,2025-04-17,Shoes,Footwear,3,7330.51,21991.53,In-store,STORE_5,219
TXN_03693,CUST_250,2025-04-17,Handbag,Accessories,3,2656.31,7968.93,Online,STORE_3,79
TXN_03694,CUST_437,2025-02-15,Watch,Accessories,2,3404.11,6808.22,Online,STORE_3,68
TXN_03695,CUST_011,2025-04-03,Perfume,Beauty,1,1674.45,1674.45,Online,STORE_7,16
TXN_03696,CUST_204,2025-02-25,Dress,Apparel,1,9941.92,9941.92,In-store,STORE_5,99
TXN_03697,CUST_325,2025-01-17,Watch,Accessories,3,8311.62,24934.86,Online,STORE_8,249
TXN_03698,CUST_192,2025-03-17,Jewellery,Accessories,1,7895.78,7895.78,In-store,STORE_2,78
TXN_03699,CUST_059,2025-02-02,Top,Apparel,1,15985.25,15985.25,Online,STORE_2,159
TXN_03700,CUST_480,2025-03-11,Watch,Accessories,1,5489.09,5489.09,In-store,STORE_4,54
TXN_03701,CUST_098,2025-03-10,Shoes,Footwear,1,11897.24,11897.24,Online,STORE_2,118
TXN_03702,CUST_266,2025-04-07,Trousers,Apparel,3,3501.89,10505.67,In-store,STORE_6,105
TXN_03703,CUST_302,2025-01-29,Jewellery,Accessories,3,2127.63,6382.89,Online,STORE_4,63
TXN_03704,CUST_274,2025-04-22,Trousers,Apparel,2,3989.38,7978.76,Online,STORE_4,79
TXN_03705,CUST_281,2025-03-07,Shoes,Footwear,2,1298.36,2596.72,In-store,STORE_8,25
TXN_03706,CUST_452,2025-03-11,Shoes,Footwear,1,7547.22,7547.22,Online,STORE_7,75
TXN_03707,CUST_058,2025-03-24,Jewellery,Accessories,2,1615.91,3231.82,In-store,STORE_4,32
TXN_03708,CUST_061,2025-03-13,Perfume,Beauty,1,14763.31,14763.31,Online,STORE_10,147
TXN_03709,CUST_469,2025-02-02,Dress,Apparel,1,1682.03,1682.03,Online,STORE_4,16
TXN_03710,CUST_014,2025-01-22,Perfume,Beauty,1,14162.3,14162.3,In-store,STORE_4,141
TXN_03711,CUST_462,2025-01-19,Dress,Apparel,3,19438.9,58316.7,Online,STORE_8,583
TXN_03712,CUST_447,2025-04-10,Handbag,Accessories,3,8392.35,25177.05,In-store,STORE_7,251
TXN_03713,CUST_128,2025-03-21,Jewellery,Accessories,2,3422.67,6845.34,Online,STORE_4,68
TXN_03714,CUST_202,2025-03-31,Watch,Accessories,3,3709.43,11128.29,In-store,STORE_8,111
TXN_03715,CUST_186,2025-05-06,Handbag,Accessories,3,7259.7,21779.1,Online,STORE_4,217
TXN_03716,CUST_324,2025-02-04,Shoes,Footwear,1,8555.72,8555.72,In-store,STORE_6,85
TXN_03717,CUST_049,2025-04-26,Shoes,Footwear,3,1583.03,4749.09,In-store,STORE_1,47
TXN_03718,CUST_403,2025-04-28,Dress,Apparel,3,3526.42,10579.26,Online,STORE_7,105
TXN_03719,CUST_326,2025-03-16,Coat,Apparel,1,9863.89,9863.89,Online,STORE_7,98
TXN_03720,CUST_349,2025-04-02,Sunglasses,Accessories,3,8622.19,25866.57,Online,STORE_4,258
TXN_03721,CUST_002,2025-03-09,Watch,Accessories,1,7244.47,7244.47,Online,STORE_6,72
TXN_03722,CUST_231,2025-02-23,Shoes,Footwear,1,4371.12,4371.12,Online,STORE_4,43
TXN_03723,CUST_075,2025-03-28,Top,Apparel,2,10931.79,21863.58,In-store,STORE_9,218
TXN_03724,CUST_308,2025-01-12,Watch,Accessories,2,2026.63,4053.26,Online,STORE_8,40
TXN_03725,CUST_253,2025-01-23,Sunglasses,Accessories,1,4038.65,4038.65,In-store,STORE_6,40
TXN_03726,CUST_424,2025-03-24,Dress,Apparel,3,2714.24,8142.72,In-store,STORE_4,81
TXN_03727,CUST_078,2025-01-22,Shoes,Footwear,3,4732.52,14197.56,In-store,STORE_7,141
TXN_03728,CUST_095,2025-01-05,Watch,Accessories,1,3871.02,3871.02,Online,STORE_5,38
TXN_03729,CUST_161,2025-04-21,Dress,Apparel,1,4953.64,4953.64,Online,STORE_9,49
TXN_03730,CUST_068,2025-01-23,Handbag,Accessories,2,1297.0,2594.0,Online,STORE_3,25
TXN_03731,CUST_377,2025-02-20,Shoes,Footwear,1,3855.63,3855.63,In-store,STORE_2,38
TXN_03732,CUST_038,2025-03-11,Jewellery,Accessories,3,8435.14,25305.42,In-store,STORE_10,253
TXN_03733,CUST_458,2025-02-16,Trousers,Apparel,3,3145.39,9436.17,In-store,STORE_2,94
TXN_03734,CUST_006,2025-05-09,Watch,Accessories,2,1814.03,3628.06,Online,STORE_2,36
TXN_03735,CUST_107,2025-05-09,Sunglasses,Accessories,2,3646.15,7292.3,Online,STORE_8,72
TXN_03736,CUST_126,2025-02-14,Trousers,Apparel,3,1833.9,5501.7,Online,STORE_10,55
TXN_03737,CUST_214,2025-01-14,Top,Apparel,1,10287.88,10287.88,In-store,STORE_1,102
TXN_03738,CUST_324,2025-03-13,Trousers,Apparel,1,5898.31,5898.31,In-store,STORE_2,58
TXN_03739,CUST_254,2025-04-16,Dress,Apparel,2,1990.16,3980.32,Online,STORE_9,39
TXN_03740,CUST_084,2025-04-07,Trousers,Apparel,3,17213.79,51641.37,Online,STORE_5,516
TXN_03741,CUST_137,2025-05-06,Top,Apparel,1,4018.29,4018.29,Online,STORE_9,40
TXN_03742,CUST_220,2025-01-04,Jewellery,Accessories,2,3654.56,7309.12,In-store,STORE_4,73
TXN_03743,CUST_458,2025-01-29,Watch,Accessories,1,4681.85,4681.85,Online,STORE_7,46
TXN_03744,CUST_406,2025-02-02,Trousers,Apparel,1,4771.78,4771.78,Online,STORE_6,47
TXN_03745,CUST_307,2025-03-03,Trousers,Apparel,1,3147.13,3147.13,Online,STORE_6,31
TXN_03746,CUST_120,2025-04-29,Handbag,Accessories,3,6165.06,18495.18,Online,STORE_9,184
TXN_03747,CUST_363,2025-03-28,Handbag,Accessories,1,8223.66,8223.66,In-store,STORE_1,82
TXN_03748,CUST_015,2025-04-14,Coat,Apparel,3,2198.13,6594.39,In-store,STORE_8,65
TXN_03749,CUST_275,2025-01-07,Handbag,Accessories,1,2416.67,2416.67,In-store,STORE_5,24
TXN_03750,CUST_456,2025-02-05,Handbag,Accessories,3,2270.17,6810.51,Online,STORE_9,68
TXN_03751,CUST_200,2025-03-12,Handbag,Accessories,3,2692.8,8078.4,In-store,STORE_9,80
TXN_03752,CUST_373,2025-03-05,Shoes,Footwear,3,10582.09,31746.27,Online,STORE_9,317
TXN_03753,CUST_309,2025-02-24,Trousers,Apparel,2,1812.55,3625.1,In-store,STORE_6,36
TXN_03754,CUST_443,2025-04-01,Perfume,Beauty,3,7878.06,23634.18,In-store,STORE_3,236
TXN_03755,CUST_352,2025-04-17,Top,Apparel,2,7932.51,15865.02,Online,STORE_4,158
TXN_03756,CUST_302,2025-01-30,Perfume,Beauty,1,2335.67,2335.67,In-store,STORE_8,23
TXN_03757,CUST_167,2025-02-08,Sunglasses,Accessories,3,1882.18,5646.54,Online,STORE_5,56
TXN_03758,CUST_465,2025-04-01,Shoes,Footwear,2,2030.9,4061.8,Online,STORE_1,40
TXN_03759,CUST_048,2025-03-06,Top,Apparel,1,8198.35,8198.35,Online,STORE_6,81
TXN_03760,CUST_146,2025-01-07,Dress,Apparel,3,6338.65,19015.95,In-store,STORE_2,190
TXN_03761,CUST_234,2025-05-03,Shoes,Footwear,1,4190.1,4190.1,Online,STORE_6,41
TXN_03762,CUST_196,2025-01-30,Watch,Accessories,2,2790.57,5581.14,In-store,STORE_6,55
TXN_03763,CUST_042,2025-02-13,Dress,Apparel,2,3606.07,7212.14,In-store,STORE_9,72
TXN_03764,CUST_426,2025-04-15,Dress,Apparel,1,8005.14,8005.14,Online,STORE_3,80
TXN_03765,CUST_174,2025-02-04,Shoes,Footwear,2,2339.91,4679.82,In-store,STORE_1,46
TXN_03766,CUST_239,2025-01-23,Top,Apparel,2,3748.96,7497.92,Online,STORE_4,74
TXN_03767,CUST_234,2025-01-22,Shoes,Footwear,3,3465.99,10397.97,Online,STORE_1,103
TXN_03768,CUST_414,2025-03-13,Dress,Apparel,2,1732.06,3464.12,Online,STORE_1,34
TXN_03769,CUST_085,2025-04-26,Top,Apparel,2,2385.54,4771.08,Online,STORE_4,47
TXN_03770,CUST_126,2025-01-04,Coat,Apparel,1,1921.14,1921.14,Online,STORE_2,19
TXN_03771,CUST_464,2025-01-08,Handbag,Accessories,1,3793.94,3793.94,In-store,STORE_8,37
TXN_03772,CUST_106,2025-03-15,Watch,Accessories,3,16024.43,48073.29,In-store,STORE_9,480
TXN_03773,CUST_295,2025-04-08,Trousers,Apparel,3,11876.35,35629.05,Online,STORE_10,356
TXN_03774,CUST_188,2025-05-07,Top,Apparel,2,1553.22,3106.44,Online,STORE_2,31
TXN_03775,CUST_165,2025-03-17,Watch,Accessories,3,12668.12,38004.36,In-store,STORE_4,380
TXN_03776,CUST_124,2025-02-25,Perfume,Beauty,1,2021.72,2021.72,In-store,STORE_1,20
TXN_03777,CUST_154,2025-04-28,Jewellery,Accessories,1,2209.86,2209.86,In-store,STORE_9,22
TXN_03778,CUST_433,2025-01-22,Dress,Apparel,1,5227.82,5227.82,In-store,STORE_6,52
TXN_03779,CUST_172,2025-03-07,Jewellery,Accessories,2,4760.37,9520.74,Online,STORE_2,95
TXN_03780,CUST_104,2025-01-22,Sunglasses,Accessories,1,7678.61,7678.61,Online,STORE_1,76
TXN_03781,CUST_049,2025-04-18,Coat,Apparel,3,2349.48,7048.44,Online,STORE_7,70
TXN_03782,CUST_302,2025-01-01,Dress,Apparel,2,1265.08,2530.16,In-store,STORE_8,25
TXN_03783,CUST_476,2025-03-26,Trousers,Apparel,2,1714.9,3429.8,In-store,STORE_1,34
TXN_03784,CUST_132,2025-02-03,Top,Apparel,2,10615.89,21231.78,In-store,STORE_6,212
TXN_03785,CUST_133,2025-04-06,Jewellery,Accessories,1,13630.47,13630.47,In-store,STORE_1,136
TXN_03786,CUST_149,2025-02-10,Handbag,Accessories,1,2494.03,2494.03,Online,STORE_8,24
TXN_03787,CUST_381,2025-01-26,Trousers,Apparel,1,1827.39,1827.39,In-store,STORE_10,18
TXN_03788,CUST_495,2025-01-14,Dress,Apparel,3,10703.18,32109.54,In-store,STORE_4,321
TXN_03789,CUST_207,2025-03-04,Shoes,Footwear,2,9369.62,18739.24,In-store,STORE_2,187
TXN_03790,CUST_247,2025-04-10,Handbag,Accessories,3,13073.93,39221.79,Online,STORE_2,392
TXN_03791,CUST_290,2025-01-14,Watch,Accessories,2,14048.31,28096.62,Online,STORE_3,280
TXN_03792,CUST_347,2025-01-19,Jewellery,Accessories,2,3519.41,7038.82,In-store,STORE_1,70
TXN_03793,CUST_070,2025-02-24,Watch,Accessories,3,21160.58,63481.74,Online,STORE_6,634
TXN_03794,CUST_105,2025-04-03,Watch,Accessories,2,10797.66,21595.32,Online,STORE_5,215
TXN_03795,CUST_118,2025-04-22,Sunglasses,Accessories,3,7521.1,22563.3,In-store,STORE_6,225
TXN_03796,CUST_340,2025-04-07,Watch,Accessories,1,19582.56,19582.56,In-store,STORE_10,195
TXN_03797,CUST_319,2025-04-07,Jewellery,Accessories,1,1918.42,1918.42,In-store,STORE_8,19
TXN_03798,CUST_133,2025-02-12,Dress,Apparel,3,10044.96,30134.88,In-store,STORE_5,301
TXN_03799,CUST_109,2025-01-06,Trousers,Apparel,1,5144.97,5144.97,In-store,STORE_9,51
TXN_03800,CUST_394,2025-03-09,Shoes,Footwear,2,4139.12,8278.24,Online,STORE_8,82
TXN_03801,CUST_186,2025-03-20,Dress,Apparel,3,6498.26,19494.78,In-store,STORE_5,194
TXN_03802,CUST_221,2025-04-19,Dress,Apparel,2,7442.53,14885.06,In-store,STORE_9,148
TXN_03803,CUST_274,2025-04-26,Sunglasses,Accessories,3,3721.19,11163.57,Online,STORE_3,111
TXN_03804,CUST_429,2025-01-11,Dress,Apparel,1,1672.88,1672.88,In-store,STORE_2,16
TXN_03805,CUST_463,2025-04-27,Coat,Apparel,3,10276.68,30830.04,Online,STORE_9,308
TXN_03806,CUST_257,2025-02-13,Top,Apparel,3,2154.2,6462.6,In-store,STORE_6,64
TXN_03807,CUST_046,2025-01-04,Shoes,Footwear,2,2078.92,4157.84,Online,STORE_9,41
TXN_03808,CUST_403,2025-02-10,Perfume,Beauty,2,4328.13,8656.26,In-store,STORE_8,86
TXN_03809,CUST_119,2025-02-15,Sunglasses,Accessories,3,3477.88,10433.64,In-store,STORE_9,104
TXN_03810,CUST_087,2025-02-14,Watch,Accessories,1,17701.19,17701.19,In-store,STORE_1,177
TXN_03811,CUST_274,2025-03-01,Watch,Accessories,1,4736.33,4736.33,In-store,STORE_4,47
TXN_03812,CUST_166,2025-02-25,Perfume,Beauty,3,1672.49,5017.47,Online,STORE_6,50
TXN_03813,CUST_056,2025-02-07,Shoes,Footwear,1,4502.6,4502.6,Online,STORE_1,45
TXN_03814,CUST_225,2025-04-24,Sunglasses,Accessories,1,7554.48,7554.48,Online,STORE_3,75
TXN_03815,CUST_352,2025-01-24,Dress,Apparel,2,5743.63,11487.26,Online,STORE_9,114
TXN_03816,CUST_472,2025-01-09,Coat,Apparel,1,6751.05,6751.05,Online,STORE_3,67
TXN_03817,CUST_049,2025-04-21,Watch,Accessories,1,1831.35,1831.35,Online,STORE_2,18
TXN_03818,CUST_157,2025-03-09,Handbag,Accessories,2,15590.06,31180.12,Online,STORE_8,311
TXN_03819,CUST_003,2025-01-03,Top,Apparel,3,1885.34,5656.02,Online,STORE_10,56
TXN_03820,CUST_105,2025-02-02,Shoes,Footwear,1,8342.04,8342.04,Online,STORE_4,83
TXN_03821,CUST_125,2025-03-05,Dress,Apparel,3,3589.23,10767.69,In-store,STORE_8,107
TXN_03822,CUST_220,2025-03-24,Handbag,Accessories,3,4998.21,14994.63,In-store,STORE_2,149
TXN_03823,CUST_302,2025-04-02,Jewellery,Accessories,1,1703.61,1703.61,Online,STORE_10,17
TXN_03824,CUST_056,2025-02-16,Coat,Apparel,3,3296.48,9889.44,In-store,STORE_6,98
TXN_03825,CUST_291,2025-01-26,Top,Apparel,1,6610.68,6610.68,Online,STORE_10,66
TXN_03826,CUST_494,2025-01-29,Watch,Accessories,2,5127.76,10255.52,In-store,STORE_2,102
TXN_03827,CUST_318,2025-04-25,Perfume,Beauty,1,3352.79,3352.79,In-store,STORE_3,33
TXN_03828,CUST_149,2025-01-25,Dress,Apparel,3,4600.57,13801.71,In-store,STORE_6,138
TXN_03829,CUST_386,2025-04-03,Watch,Accessories,2,2123.05,4246.1,Online,STORE_1,42
TXN_03830,CUST_369,2025-04-09,Handbag,Accessories,2,1950.96,3901.92,Online,STORE_8,39
TXN_03831,CUST_030,2025-01-04,Shoes,Footwear,3,8621.6,25864.8,Online,STORE_2,258
TXN_03832,CUST_398,2025-05-08,Sunglasses,Accessories,1,7808.85,7808.85,In-store,STORE_3,78
TXN_03833,CUST_287,2025-02-14,Handbag,Accessories,1,3267.16,3267.16,In-store,STORE_3,32
TXN_03834,CUST_185,2025-02-03,Dress,Apparel,2,3069.46,6138.92,In-store,STORE_8,61
TXN_03835,CUST_475,2025-01-21,Handbag,Accessories,1,16089.34,16089.34,In-store,STORE_5,160
TXN_03836,CUST_026,2025-04-25,Watch,Accessories,1,17538.13,17538.13,Online,STORE_2,175
TXN_03837,CUST_197,2025-02-05,Trousers,Apparel,3,18369.11,55107.33,In-store,STORE_3,551
TXN_03838,CUST_209,2025-01-18,Shoes,Footwear,2,4496.44,8992.88,In-store,STORE_1,89
TXN_03839,CUST_427,2025-01-31,Handbag,Accessories,3,8363.35,25090.05,In-store,STORE_7,250
TXN_03840,CUST_067,2025-04-07,Shoes,Footwear,2,1884.23,3768.46,In-store,STORE_7,37
TXN_03841,CUST_134,2025-04-30,Jewellery,Accessories,3,2420.98,7262.94,In-store,STORE_3,72
TXN_03842,CUST_130,2025-04-11,Watch,Accessories,2,16333.26,32666.52,In-store,STORE_9,326
TXN_03843,CUST_428,2025-03-19,Watch,Accessories,1,5299.15,5299.15,Online,STORE_1,52
TXN_03844,CUST_230,2025-03-30,Handbag,Accessories,1,3226.63,3226.63,Online,STORE_5,32
TXN_03845,CUST_267,2025-04-04,Shoes,Footwear,1,7972.36,7972.36,Online,STORE_1,79
TXN_03846,CUST_320,2025-01-27,Shoes,Footwear,3,2192.9,6578.7,Online,STORE_2,65
TXN_03847,CUST_496,2025-04-18,Perfume,Beauty,1,6608.56,6608.56,In-store,STORE_9,66
TXN_03848,CUST_365,2025-04-30,Dress,Apparel,1,9340.24,9340.24,In-store,STORE_10,93
TXN_03849,CUST_443,2025-02-18,Top,Apparel,3,7295.74,21887.22,Online,STORE_9,218
TXN_03850,CUST_411,2025-02-01,Dress,Apparel,3,4949.48,14848.44,In-store,STORE_8,148
TXN_03851,CUST_441,2025-03-21,Jewellery,Accessories,2,1923.92,3847.84,In-store,STORE_8,38
TXN_03852,CUST_113,2025-05-05,Shoes,Footwear,1,13546.14,13546.14,Online,STORE_4,135
TXN_03853,CUST_101,2025-05-06,Dress,Apparel,3,13492.28,40476.84,In-store,STORE_9,404
TXN_03854,CUST_025,2025-03-28,Coat,Apparel,2,4264.39,8528.78,Online,STORE_7,85
TXN_03855,CUST_259,2025-02-09,Watch,Accessories,3,4325.53,12976.59,In-store,STORE_2,129
TXN_03856,CUST_102,2025-01-12,Coat,Apparel,1,1980.56,1980.56,In-store,STORE_2,19
TXN_03857,CUST_158,2025-03-10,Shoes,Footwear,2,3042.48,6084.96,In-store,STORE_2,60
TXN_03858,CUST_322,2025-01-12,Jewellery,Accessories,3,6166.69,18500.07,Online,STORE_3,185
TXN_03859,CUST_147,2025-02-16,Top,Apparel,2,9204.35,18408.7,In-store,STORE_1,184
TXN_03860,CUST_227,2025-03-17,Handbag,Accessories,2,1752.3,3504.6,Online,STORE_4,35
TXN_03861,CUST_279,2025-04-06,Top,Apparel,1,3462.77,3462.77,Online,STORE_6,34
TXN_03862,CUST_055,2025-01-17,Dress,Apparel,2,4292.78,8585.56,Online,STORE_1,85
TXN_03863,CUST_396,2025-04-09,Watch,Accessories,2,3939.0,7878.0,Online,STORE_5,78
TXN_03864,CUST_191,2025-01-26,Handbag,Accessories,1,1750.09,1750.09,Online,STORE_8,17
TXN_03865,CUST_090,2025-01-12,Trousers,Apparel,3,1934.53,5803.59,Online,STORE_10,58
TXN_03866,CUST_398,2025-03-19,Watch,Accessories,2,9181.89,18363.78,In-store,STORE_1,183
TXN_03867,CUST_328,2025-04-12,Top,Apparel,3,4475.52,13426.56,In-store,STORE_8,134
TXN_03868,CUST_332,2025-01-11,Dress,Apparel,2,4673.8,9347.6,Online,STORE_4,93
TXN_03869,CUST_109,2025-03-24,Shoes,Footwear,3,5046.12,15138.36,Online,STORE_6,151
TXN_03870,CUST_096,2025-05-05,Coat,Apparel,3,1947.2,5841.6,Online,STORE_4,58
TXN_03871,CUST_025,2025-02-03,Watch,Accessories,2,3928.75,7857.5,Online,STORE_5,78
TXN_03872,CUST_245,2025-05-03,Dress,Apparel,2,17294.75,34589.5,Online,STORE_10,345
TXN_03873,CUST_071,2025-05-02,Shoes,Footwear,1,5512.78,5512.78,Online,STORE_6,55
TXN_03874,CUST_077,2025-03-19,Shoes,Footwear,2,2040.58,4081.16,In-store,STORE_4,40
TXN_03875,CUST_281,2025-01-09,Shoes,Footwear,3,2623.64,7870.92,Online,STORE_3,78
TXN_03876,CUST_162,2025-01-04,Jewellery,Accessories,1,1890.74,1890.74,In-store,STORE_3,18
TXN_03877,CUST_378,2025-02-04,Top,Apparel,3,2026.31,6078.93,Online,STORE_10,60
TXN_03878,CUST_269,2025-01-11,Dress,Apparel,3,4188.91,12566.73,Online,STORE_8,125
TXN_03879,CUST_066,2025-01-28,Trousers,Apparel,1,2581.14,2581.14,In-store,STORE_10,25
TXN_03880,CUST_229,2025-04-14,Jewellery,Accessories,3,8139.34,24418.02,Online,STORE_6,244
TXN_03881,CUST_330,2025-04-22,Watch,Accessories,3,10711.96,32135.88,Online,STORE_10,321
TXN_03882,CUST_139,2025-02-01,Jewellery,Accessories,1,4122.79,4122.79,In-store,STORE_1,41
TXN_03883,CUST_052,2025-05-04,Shoes,Footwear,1,13227.99,13227.99,Online,STORE_8,132
TXN_03884,CUST_010,2025-01-09,Shoes,Footwear,3,9959.18,29877.54,In-store,STORE_3,298
TXN_03885,CUST_452,2025-02-14,Coat,Apparel,3,7839.43,23518.29,Online,STORE_10,235
TXN_03886,CUST_206,2025-01-21,Dress,Apparel,3,7844.02,23532.06,In-store,STORE_4,235
TXN_03887,CUST_013,2025-02-09,Perfume,Beauty,1,2095.79,2095.79,In-store,STORE_9,20
TXN_03888,CUST_317,2025-02-06,Jewellery,Accessories,1,5437.33,5437.33,In-store,STORE_8,54
TXN_03889,CUST_220,2025-05-02,Jewellery,Accessories,3,3059.76,9179.28,In-store,STORE_4,91
TXN_03890,CUST_401,2025-02-09,Shoes,Footwear,1,2249.0,2249.0,In-store,STORE_2,22
TXN_03891,CUST_111,2025-03-04,Shoes,Footwear,3,14250.7,42752.1,In-store,STORE_4,427
TXN_03892,CUST_351,2025-03-02,Sunglasses,Accessories,1,8965.15,8965.15,Online,STORE_5,89
TXN_03893,CUST_420,2025-03-07,Trousers,Apparel,1,5606.63,5606.63,In-store,STORE_2,56
TXN_03894,CUST_236,2025-05-06,Shoes,Footwear,1,10611.69,10611.69,Online,STORE_3,106
TXN_03895,CUST_080,2025-04-08,Watch,Accessories,2,2659.64,5319.28,In-store,STORE_2,53
TXN_03896,CUST_073,2025-01-07,Handbag,Accessories,2,7388.06,14776.12,In-store,STORE_5,147
TXN_03897,CUST_106,2025-01-22,Watch,Accessories,1,7232.55,7232.55,Online,STORE_2,72
TXN_03898,CUST_279,2025-03-24,Top,Apparel,1,4172.52,4172.52,Online,STORE_1,41
TXN_03899,CUST_142,2025-01-28,Perfume,Beauty,1,5957.56,5957.56,In-store,STORE_3,59
TXN_03900,CUST_057,2025-03-29,Shoes,Footwear,2,2461.2,4922.4,In-store,STORE_5,49
TXN_03901,CUST_128,2025-04-09,Top,Apparel,3,5343.53,16030.59,Online,STORE_5,160
TXN_03902,CUST_252,2025-05-03,Handbag,Accessories,3,4176.4,12529.2,In-store,STORE_3,125
TXN_03903,CUST_200,2025-01-04,Dress,Apparel,3,2127.87,6383.61,In-store,STORE_10,63
TXN_03904,CUST_272,2025-04-25,Watch,Accessories,1,4730.85,4730.85,In-store,STORE_2,47
TXN_03905,CUST_314,2025-04-17,Top,Apparel,2,5556.63,11113.26,Online,STORE_7,111
TXN_03906,CUST_029,2025-01-20,Watch,Accessories,1,3554.36,3554.36,In-store,STORE_5,35
TXN_03907,CUST_311,2025-01-23,Trousers,Apparel,2,8403.25,16806.5,Online,STORE_10,168
TXN_03908,CUST_471,2025-03-27,Jewellery,Accessories,2,13480.84,26961.68,In-store,STORE_3,269
TXN_03909,CUST_157,2025-04-03,Perfume,Beauty,3,16451.51,49354.53,Online,STORE_4,493
TXN_03910,CUST_323,2025-04-27,Sunglasses,Accessories,1,6804.13,6804.13,In-store,STORE_8,68
TXN_03911,CUST_392,2025-01-22,Handbag,Accessories,1,8907.12,8907.12,In-store,STORE_3,89
TXN_03912,CUST_463,2025-04-20,Trousers,Apparel,2,11127.54,22255.08,Online,STORE_8,222
TXN_03913,CUST_238,2025-03-27,Watch,Accessories,2,4379.09,8758.18,In-store,STORE_10,87
TXN_03914,CUST_009,2025-02-24,Dress,Apparel,1,4344.89,4344.89,In-store,STORE_3,43
TXN_03915,CUST_357,2025-02-11,Shoes,Footwear,1,9583.19,9583.19,Online,STORE_9,95
TXN_03916,CUST_192,2025-01-14,Handbag,Accessories,2,7896.18,15792.36,In-store,STORE_10,157
TXN_03917,CUST_037,2025-04-19,Shoes,Footwear,1,2927.81,2927.81,In-store,STORE_8,29
TXN_03918,CUST_101,2025-02-04,Dress,Apparel,3,15813.05,47439.15,Online,STORE_7,474
TXN_03919,CUST_315,2025-03-20,Handbag,Accessories,2,7907.72,15815.44,Online,STORE_8,158
TXN_03920,CUST_270,2025-01-01,Dress,Apparel,1,8421.04,8421.04,Online,STORE_6,84
TXN_03921,CUST_290,2025-03-12,Watch,Accessories,2,14062.49,28124.98,Online,STORE_3,281
TXN_03922,CUST_348,2025-01-12,Shoes,Footwear,2,5020.09,10040.18,In-store,STORE_10,100
TXN_03923,CUST_017,2025-02-09,Watch,Accessories,2,1719.27,3438.54,In-store,STORE_4,34
TXN_03924,CUST_069,2025-02-22,Watch,Accessories,2,5841.77,11683.54,Online,STORE_8,116
TXN_03925,CUST_365,2025-01-30,Jewellery,Accessories,1,8224.95,8224.95,Online,STORE_9,82
TXN_03926,CUST_152,2025-03-11,Handbag,Accessories,2,12947.64,25895.28,In-store,STORE_6,258
TXN_03927,CUST_308,2025-05-10,Watch,Accessories,2,2088.51,4177.02,Online,STORE_3,41
TXN_03928,CUST_310,2025-05-03,Trousers,Apparel,3,1966.81,5900.43,Online,STORE_8,59
TXN_03929,CUST_068,2025-01-10,Jewellery,Accessories,1,2862.43,2862.43,Online,STORE_8,28
TXN_03930,CUST_035,2025-04-26,Watch,Accessories,3,3053.51,9160.53,Online,STORE_1,91
TXN_03931,CUST_433,2025-05-03,Top,Apparel,2,10317.49,20634.98,In-store,STORE_3,206
TXN_03932,CUST_344,2025-02-21,Trousers,Apparel,1,2583.9,2583.9,In-store,STORE_1,25
TXN_03933,CUST_349,2025-01-31,Coat,Apparel,2,7200.38,14400.76,Online,STORE_6,144
TXN_03934,CUST_488,2025-02-24,Coat,Apparel,1,1934.5,1934.5,Online,STORE_1,19
TXN_03935,CUST_189,2025-01-02,Handbag,Accessories,2,8618.8,17237.6,In-store,STORE_10,172
TXN_03936,CUST_103,2025-05-04,Watch,Accessories,2,1879.15,3758.3,Online,STORE_2,37
TXN_03937,CUST_153,2025-03-29,Dress,Apparel,2,4498.57,8997.14,Online,STORE_6,89
TXN_03938,CUST_099,2025-01-06,Watch,Accessories,2,3288.99,6577.98,In-store,STORE_1,65
TXN_03939,CUST_096,2025-02-12,Watch,Accessories,2,3278.98,6557.96,Online,STORE_6,65
TXN_03940,CUST_490,2025-03-18,Dress,Apparel,3,4753.99,14261.97,Online,STORE_4,142
TXN_03941,CUST_198,2025-02-09,Coat,Apparel,2,4291.61,8583.22,Online,STORE_4,85
TXN_03942,CUST_426,2025-04-06,Handbag,Accessories,3,6053.81,18161.43,Online,STORE_2,181
TXN_03943,CUST_455,2025-02-06,Handbag,Accessories,1,7485.08,7485.08,In-store,STORE_7,74
TXN_03944,CUST_152,2025-04-12,Jewellery,Accessories,1,16337.24,16337.24,In-store,STORE_6,163
TXN_03945,CUST_127,2025-01-30,Trousers,Apparel,2,8297.57,16595.14,In-store,STORE_7,165
TXN_03946,CUST_394,2025-02-13,Trousers,Apparel,1,3697.97,3697.97,Online,STORE_8,36
TXN_03947,CUST_267,2025-04-26,Watch,Accessories,1,9037.35,9037.35,Online,STORE_10,90
TXN_03948,CUST_065,2025-02-10,Dress,Apparel,3,9335.05,28005.15,In-store,STORE_8,280
TXN_03949,CUST_017,2025-03-21,Watch,Accessories,1,1311.5,1311.5,In-store,STORE_5,13
TXN_03950,CUST_201,2025-02-22,Dress,Apparel,2,6775.52,13551.04,In-store,STORE_8,135
TXN_03951,CUST_285,2025-02-02,Trousers,Apparel,1,3827.67,3827.67,In-store,STORE_4,38
TXN_03952,CUST_338,2025-02-01,Dress,Apparel,1,20454.46,20454.46,In-store,STORE_1,204
TXN_03953,CUST_233,2025-01-27,Trousers,Apparel,3,2035.59,6106.77,Online,STORE_6,61
TXN_03954,CUST_252,2025-03-01,Handbag,Accessories,1,3169.46,3169.46,Online,STORE_1,31
TXN_03955,CUST_055,2025-01-08,Perfume,Beauty,1,3445.17,3445.17,In-store,STORE_1,34
TXN_03956,CUST_411,2025-03-28,Jewellery,Accessories,3,3792.64,11377.92,In-store,STORE_7,113
TXN_03957,CUST_379,2025-02-14,Shoes,Footwear,3,3528.33,10584.99,Online,STORE_3,105
TXN_03958,CUST_289,2025-02-22,Perfume,Beauty,2,1795.48,3590.96,Online,STORE_8,35
TXN_03959,CUST_427,2025-03-02,Jewellery,Accessories,1,11239.29,11239.29,In-store,STORE_6,112
TXN_03960,CUST_149,2025-02-27,Dress,Apparel,2,3781.69,7563.38,Online,STORE_3,75
TXN_03961,CUST_316,2025-04-05,Sunglasses,Accessories,2,7904.01,15808.02,Online,STORE_6,158
TXN_03962,CUST_321,2025-05-09,Coat,Apparel,1,9855.37,9855.37,In-store,STORE_5,98
TXN_03963,CUST_303,2025-01-21,Handbag,Accessories,2,7605.84,15211.68,In-store,STORE_7,152
TXN_03964,CUST_142,2025-01-03,Dress,Apparel,3,2542.55,7627.65,Online,STORE_3,76
TXN_03965,CUST_218,2025-01-01,Perfume,Beauty,3,1637.33,4911.99,Online,STORE_6,49
TXN_03966,CUST_494,2025-01-19,Coat,Apparel,1,3875.39,3875.39,Online,STORE_9,38
TXN_03967,CUST_236,2025-04-11,Shoes,Footwear,3,8802.47,26407.41,Online,STORE_10,264
TXN_03968,CUST_197,2025-03-13,Sunglasses,Accessories,2,11801.08,23602.16,In-store,STORE_8,236
TXN_03969,CUST_140,2025-05-06,Jewellery,Accessories,2,6166.8,12333.6,Online,STORE_5,123
TXN_03970,CUST_346,2025-04-06,Top,Apparel,3,9522.48,28567.44,Online,STORE_5,285
TXN_03971,CUST_016,2025-02-05,Dress,Apparel,1,3743.91,3743.91,Online,STORE_6,37
TXN_03972,CUST_054,2025-05-04,Shoes,Footwear,1,5132.69,5132.69,Online,STORE_9,51
TXN_03973,CUST_088,2025-05-05,Perfume,Beauty,3,2047.14,6141.42,In-store,STORE_3,61
TXN_03974,CUST_196,2025-05-01,Watch,Accessories,1,3977.02,3977.02,In-store,STORE_3,39
TXN_03975,CUST_252,2025-03-05,Top,Apparel,1,4578.58,4578.58,Online,STORE_1,45
TXN_03976,CUST_221,2025-02-16,Jewellery,Accessories,2,7973.26,15946.52,In-store,STORE_7,159
TXN_03977,CUST_101,2025-02-27,Top,Apparel,3,13617.02,40851.06,In-store,STORE_9,408
TXN_03978,CUST_394,2025-02-05,Watch,Accessories,2,4084.66,8169.32,Online,STORE_8,81
TXN_03979,CUST_392,2025-03-23,Perfume,Beauty,1,7303.77,7303.77,In-store,STORE_10,73
TXN_03980,CUST_041,2025-04-13,Top,Apparel,3,18131.28,54393.84,In-store,STORE_8,543
TXN_03981,CUST_080,2025-01-10,Shoes,Footwear,3,2031.71,6095.13,In-store,STORE_5,60
TXN_03982,CUST_037,2025-05-03,Shoes,Footwear,3,3896.98,11690.94,Online,STORE_1,116
TXN_03983,CUST_168,2025-03-07,Dress,Apparel,1,2044.36,2044.36,In-store,STORE_5,20
TXN_03984,CUST_441,2025-04-02,Dress,Apparel,3,1730.36,5191.08,Online,STORE_1,51
TXN_03985,CUST_430,2025-05-05,Sunglasses,Accessories,3,2253.76,6761.28,Online,STORE_10,67
TXN_03986,CUST_004,2025-05-05,Dress,Apparel,2,4654.26,9308.52,In-store,STORE_7,93
TXN_03987,CUST_004,2025-01-01,Dress,Apparel,2,9738.12,19476.24,Online,STORE_10,194
TXN_03988,CUST_469,2025-01-12,Dress,Apparel,2,1627.68,3255.36,In-store,STORE_10,32
TXN_03989,CUST_254,2025-03-23,Handbag,Accessories,3,1970.8,5912.4,In-store,STORE_6,59
TXN_03990,CUST_003,2025-04-19,Jewellery,Accessories,3,2337.19,7011.57,In-store,STORE_1,70
TXN_03991,CUST_087,2025-03-07,Trousers,Apparel,3,8888.48,26665.44,In-store,STORE_4,266
TXN_03992,CUST_284,2025-03-15,Dress,Apparel,1,1970.6,1970.6,In-store,STORE_7,19
TXN_03993,CUST_188,2025-03-30,Dress,Apparel,3,1668.6,5005.8,In-store,STORE_9,50
TXN_03994,CUST_049,2025-02-17,Trousers,Apparel,1,2134.27,2134.27,Online,STORE_6,21
TXN_03995,CUST_252,2025-03-06,Dress,Apparel,2,5210.33,10420.66,In-store,STORE_9,104
TXN_03996,CUST_412,2025-03-23,Trousers,Apparel,2,1407.97,2815.94,In-store,STORE_9,28
TXN_03997,CUST_428,2025-04-19,Sunglasses,Accessories,3,10102.69,30308.07,Online,STORE_7,303
TXN_03998,CUST_044,2025-01-29,Watch,Accessories,1,3615.11,3615.11,Online,STORE_1,36
TXN_03999,CUST_193,2025-02-22,Perfume,Beauty,2,3291.11,6582.22,In-store,STORE_5,65
TXN_04000,CUST_047,2025-02-22,Sunglasses,Accessories,1,2007.97,2007.97,Online,STORE_6,20
TXN_04001,CUST_426,2025-03-21,Dress,Apparel,2,8419.66,16839.32,Online,STORE_2,168
TXN_04002,CUST_036,2025-03-06,Jewellery,Accessories,2,3273.08,6546.16,Online,STORE_5,65
TXN_04003,CUST_064,2025-03-03,Dress,Apparel,3,7774.1,23322.3,In-store,STORE_7,233
TXN_04004,CUST_114,2025-01-31,Trousers,Apparel,1,1362.03,1362.03,In-store,STORE_3,13
TXN_04005,CUST_260,2025-01-14,Handbag,Accessories,1,1986.48,1986.48,In-store,STORE_8,19
TXN_04006,CUST_225,2025-04-15,Shoes,Footwear,1,7519.4,7519.4,Online,STORE_8,75
TXN_04007,CUST_103,2025-04-11,Coat,Apparel,3,2400.75,7202.25,Online,STORE_10,72
TXN_04008,CUST_033,2025-01-23,Shoes,Footwear,1,21906.83,21906.83,Online,STORE_9,219
TXN_04009,CUST_296,2025-01-08,Shoes,Footwear,3,3390.34,10171.02,Online,STORE_9,101
TXN_04010,CUST_376,2025-01-12,Trousers,Apparel,3,21814.79,65444.37,In-store,STORE_3,654
TXN_04011,CUST_087,2025-02-04,Watch,Accessories,2,12862.53,25725.06,Online,STORE_5,257
TXN_04012,CUST_090,2025-04-05,Trousers,Apparel,2,1207.36,2414.72,Online,STORE_6,24
TXN_04013,CUST_464,2025-02-02,Top,Apparel,2,5100.77,10201.54,Online,STORE_5,102
TXN_04014,CUST_004,2025-02-14,Dress,Apparel,3,10650.37,31951.11,In-store,STORE_3,319
TXN_04015,CUST_012,2025-01-10,Jewellery,Accessories,3,3855.08,11565.24,In-store,STORE_3,115
TXN_04016,CUST_275,2025-01-15,Top,Apparel,3,2261.65,6784.95,In-store,STORE_3,67
TXN_04017,CUST_382,2025-04-12,Sunglasses,Accessories,3,13453.68,40361.04,Online,STORE_4,403
TXN_04018,CUST_120,2025-03-15,Dress,Apparel,1,9198.57,9198.57,Online,STORE_9,91
TXN_04019,CUST_422,2025-03-27,Watch,Accessories,2,2091.47,4182.94,In-store,STORE_10,41
TXN_04020,CUST_318,2025-05-03,Top,Apparel,1,3478.86,3478.86,Online,STORE_2,34
TXN_04021,CUST_125,2025-03-08,Dress,Apparel,3,4230.6,12691.8,Online,STORE_7,126
TXN_04022,CUST_075,2025-02-02,Jewellery,Accessories,2,8283.16,16566.32,In-store,STORE_8,165
TXN_04023,CUST_145,2025-01-16,Shoes,Footwear,2,8114.54,16229.08,In-store,STORE_6,162
TXN_04024,CUST_454,2025-03-04,Coat,Apparel,2,2381.99,4763.98,In-store,STORE_8,47
TXN_04025,CUST_482,2025-01-06,Sunglasses,Accessories,2,3208.09,6416.18,In-store,STORE_6,64
TXN_04026,CUST_013,2025-02-13,Dress,Apparel,3,2436.4,7309.2,Online,STORE_2,73
TXN_04027,CUST_457,2025-04-25,Shoes,Footwear,1,14451.0,14451.0,In-store,STORE_4,144
TXN_04028,CUST_330,2025-01-31,Trousers,Apparel,3,9563.21,28689.63,Online,STORE_10,286
TXN_04029,CUST_246,2025-03-17,Shoes,Footwear,2,10872.71,21745.42,In-store,STORE_8,217
TXN_04030,CUST_297,2025-04-10,Coat,Apparel,1,5391.56,5391.56,Online,STORE_6,53
TXN_04031,CUST_327,2025-05-08,Dress,Apparel,2,6908.39,13816.78,Online,STORE_10,138
TXN_04032,CUST_307,2025-02-26,Watch,Accessories,1,4061.71,4061.71,Online,STORE_10,40
TXN_04033,CUST_479,2025-03-28,Top,Apparel,2,2888.47,5776.94,In-store,STORE_5,57
TXN_04034,CUST_250,2025-04-19,Handbag,Accessories,3,1357.24,4071.72,Online,STORE_6,40
TXN_04035,CUST_125,2025-04-19,Top,Apparel,2,4409.8,8819.6,Online,STORE_8,88
TXN_04036,CUST_233,2025-04-11,Trousers,Apparel,2,4172.92,8345.84,In-store,STORE_3,83
TXN_04037,CUST_433,2025-04-24,Handbag,Accessories,3,8235.24,24705.72,Online,STORE_10,247
TXN_04038,CUST_176,2025-02-12,Watch,Accessories,3,3632.68,10898.04,Online,STORE_10,108
TXN_04039,CUST_464,2025-05-07,Top,Apparel,3,4074.61,12223.83,Online,STORE_1,122
TXN_04040,CUST_112,2025-01-19,Handbag,Accessories,3,4298.76,12896.28,Online,STORE_7,128
TXN_04041,CUST_111,2025-01-14,Watch,Accessories,3,19483.56,58450.68,Online,STORE_4,584
TXN_04042,CUST_088,2025-01-15,Top,Apparel,2,2057.46,4114.92,Online,STORE_1,41
TXN_04043,CUST_282,2025-03-24,Shoes,Footwear,3,5088.08,15264.24,Online,STORE_5,152
TXN_04044,CUST_439,2025-04-22,Jewellery,Accessories,2,8793.65,17587.3,Online,STORE_7,175
TXN_04045,CUST_058,2025-01-19,Top,Apparel,2,4239.63,8479.26,In-store,STORE_4,84
TXN_04046,CUST_085,2025-01-29,Perfume,Beauty,1,2149.4,2149.4,Online,STORE_6,21
TXN_04047,CUST_417,2025-02-23,Dress,Apparel,1,4148.16,4148.16,In-store,STORE_3,41
TXN_04048,CUST_350,2025-03-11,Handbag,Accessories,2,5354.95,10709.9,In-store,STORE_5,107
TXN_04049,CUST_110,2025-01-28,Dress,Apparel,3,13329.21,39987.63,Online,STORE_7,399
TXN_04050,CUST_089,2025-02-05,Trousers,Apparel,2,7844.82,15689.64,In-store,STORE_5,156
TXN_04051,CUST_427,2025-04-27,Jewellery,Accessories,3,5729.64,17188.92,Online,STORE_8,171
TXN_04052,CUST_391,2025-04-11,Handbag,Accessories,2,7073.79,14147.58,In-store,STORE_9,141
TXN_04053,CUST_420,2025-02-27,Shoes,Footwear,1,8423.0,8423.0,Online,STORE_4,84
TXN_04054,CUST_352,2025-03-17,Top,Apparel,3,8142.08,24426.24,In-store,STORE_5,244
TXN_04055,CUST_223,2025-02-27,Sunglasses,Accessories,3,1832.8,5498.4,Online,STORE_4,54
TXN_04056,CUST_184,2025-02-21,Dress,Apparel,2,9242.67,18485.34,Online,STORE_3,184
TXN_04057,CUST_093,2025-02-16,Watch,Accessories,1,3672.05,3672.05,Online,STORE_8,36
TXN_04058,CUST_304,2025-04-01,Watch,Accessories,2,6331.89,12663.78,Online,STORE_2,126
TXN_04059,CUST_312,2025-02-16,Dress,Apparel,3,10444.91,31334.73,In-store,STORE_8,313
TXN_04060,CUST_278,2025-03-15,Sunglasses,Accessories,2,4041.47,8082.94,Online,STORE_8,80
TXN_04061,CUST_483,2025-04-23,Top,Apparel,2,19668.25,39336.5,Online,STORE_7,393
TXN_04062,CUST_499,2025-04-05,Handbag,Accessories,2,14084.72,28169.44,Online,STORE_5,281
TXN_04063,CUST_397,2025-05-01,Trousers,Apparel,1,10384.38,10384.38,In-store,STORE_4,103
TXN_04064,CUST_125,2025-04-05,Dress,Apparel,3,4264.97,12794.91,Online,STORE_6,127
TXN_04065,CUST_022,2025-03-28,Handbag,Accessories,3,4516.26,13548.78,In-store,STORE_3,135
TXN_04066,CUST_467,2025-01-11,Shoes,Footwear,3,9564.36,28693.08,Online,STORE_10,286
TXN_04067,CUST_265,2025-03-11,Top,Apparel,1,2093.16,2093.16,In-store,STORE_4,20
TXN_04068,CUST_117,2025-04-12,Handbag,Accessories,3,2305.64,6916.92,In-store,STORE_7,69
TXN_04069,CUST_105,2025-02-20,Shoes,Footwear,2,6212.15,12424.3,Online,STORE_5,124
TXN_04070,CUST_084,2025-02-07,Watch,Accessories,2,12083.81,24167.62,Online,STORE_9,241
TXN_04071,CUST_162,2025-05-09,Perfume,Beauty,3,2246.87,6740.61,Online,STORE_5,67
TXN_04072,CUST_196,2025-02-04,Watch,Accessories,3,4406.46,13219.38,Online,STORE_7,132
TXN_04073,CUST_429,2025-02-17,Top,Apparel,1,1607.53,1607.53,In-store,STORE_6,16
TXN_04074,CUST_331,2025-05-07,Dress,Apparel,3,2133.44,6400.32,Online,STORE_2,64
TXN_04075,CUST_087,2025-04-12,Trousers,Apparel,3,14159.1,42477.3,Online,STORE_5,424
TXN_04076,CUST_382,2025-01-30,Coat,Apparel,1,11253.37,11253.37,In-store,STORE_1,112
TXN_04077,CUST_495,2025-01-03,Jewellery,Accessories,1,7280.43,7280.43,Online,STORE_1,72
TXN_04078,CUST_246,2025-02-11,Watch,Accessories,3,8526.03,25578.09,Online,STORE_2,255
TXN_04079,CUST_369,2025-05-01,Dress,Apparel,2,1938.77,3877.54,Online,STORE_7,38
TXN_04080,CUST_036,2025-01-03,Jewellery,Accessories,1,3950.85,3950.85,Online,STORE_2,39
TXN_04081,CUST_137,2025-02-17,Jewellery,Accessories,1,4359.01,4359.01,Online,STORE_10,43
TXN_04082,CUST_206,2025-04-18,Dress,Apparel,1,5820.78,5820.78,Online,STORE_4,58
TXN_04083,CUST_440,2025-03-04,Handbag,Accessories,3,1778.05,5334.15,Online,STORE_7,53
TXN_04084,CUST_075,2025-03-20,Jewellery,Accessories,1,7558.28,7558.28,Online,STORE_8,75
TXN_04085,CUST_458,2025-04-10,Trousers,Apparel,2,4917.03,9834.06,Online,STORE_3,98
TXN_04086,CUST_460,2025-04-23,Dress,Apparel,3,1845.19,5535.57,In-store,STORE_5,55
TXN_04087,CUST_272,2025-01-08,Coat,Apparel,1,4553.36,4553.36,In-store,STORE_6,45
TXN_04088,CUST_288,2025-01-02,Dress,Apparel,1,1546.35,1546.35,In-store,STORE_3,15
TXN_04089,CUST_098,2025-03-07,Watch,Accessories,2,6785.99,13571.98,Online,STORE_7,135
TXN_04090,CUST_026,2025-01-10,Shoes,Footwear,1,14766.28,14766.28,Online,STORE_5,147
TXN_04091,CUST_186,2025-03-04,Dress,Apparel,1,8136.71,8136.71,In-store,STORE_4,81
TXN_04092,CUST_182,2025-04-16,Dress,Apparel,1,10364.81,10364.81,Online,STORE_4,103
TXN_04093,CUST_087,2025-01-21,Trousers,Apparel,2,14327.89,28655.78,In-store,STORE_3,286
TXN_04094,CUST_025,2025-03-17,Watch,Accessories,3,3312.46,9937.38,Online,STORE_10,99
TXN_04095,CUST_196,2025-04-16,Shoes,Footwear,2,4347.36,8694.72,In-store,STORE_6,86
TXN_04096,CUST_049,2025-03-26,Coat,Apparel,1,1688.69,1688.69,In-store,STORE_6,16
TXN_04097,CUST_271,2025-05-02,Shoes,Footwear,3,7327.64,21982.92,In-store,STORE_7,219
TXN_04098,CUST_134,2025-05-04,Jewellery,Accessories,2,1105.1,2210.2,In-store,STORE_9,22
TXN_04099,CUST_033,2025-05-10,Coat,Apparel,3,12945.21,38835.63,Online,STORE_3,388
TXN_04100,CUST_396,2025-01-29,Trousers,Apparel,1,4267.13,4267.13,Online,STORE_1,42
TXN_04101,CUST_377,2025-01-15,Shoes,Footwear,3,4834.24,14502.72,In-store,STORE_10,145
TXN_04102,CUST_337,2025-01-27,Jewellery,Accessories,2,1718.94,3437.88,In-store,STORE_5,34
TXN_04103,CUST_451,2025-05-07,Shoes,Footwear,3,2289.33,6867.99,In-store,STORE_6,68
TXN_04104,CUST_119,2025-02-15,Watch,Accessories,2,4456.77,8913.54,In-store,STORE_3,89
TXN_04105,CUST_122,2025-01-20,Top,Apparel,3,4729.64,14188.92,In-store,STORE_5,141
TXN_04106,CUST_091,2025-01-07,Trousers,Apparel,3,3153.32,9459.96,In-store,STORE_5,94
TXN_04107,CUST_127,2025-03-07,Trousers,Apparel,1,11133.72,11133.72,Online,STORE_3,111
TXN_04108,CUST_016,2025-04-25,Handbag,Accessories,3,3641.1,10923.3,Online,STORE_1,109
TXN_04109,CUST_371,2025-04-17,Shoes,Footwear,3,4185.94,12557.82,Online,STORE_9,125
TXN_04110,CUST_336,2025-01-01,Shoes,Footwear,1,6958.97,6958.97,Online,STORE_6,69
TXN_04111,CUST_273,2025-03-09,Watch,Accessories,2,2724.08,5448.16,Online,STORE_8,54
TXN_04112,CUST_183,2025-04-20,Shoes,Footwear,3,9782.37,29347.11,Online,STORE_1,293
TXN_04113,CUST_353,2025-02-23,Perfume,Beauty,3,10326.86,30980.58,Online,STORE_9,309
TXN_04114,CUST_319,2025-02-06,Handbag,Accessories,2,2126.01,4252.02,In-store,STORE_5,42
TXN_04115,CUST_032,2025-04-15,Dress,Apparel,2,2177.0,4354.0,In-store,STORE_8,43
TXN_04116,CUST_344,2025-04-27,Shoes,Footwear,3,3917.49,11752.47,Online,STORE_2,117
TXN_04117,CUST_047,2025-03-13,Shoes,Footwear,2,1892.92,3785.84,Online,STORE_4,37
TXN_04118,CUST_264,2025-03-05,Dress,Apparel,2,5495.26,10990.52,Online,STORE_4,109
TXN_04119,CUST_014,2025-04-22,Dress,Apparel,2,20015.88,40031.76,Online,STORE_7,400
TXN_04120,CUST_159,2025-02-06,Top,Apparel,2,7421.64,14843.28,Online,STORE_9,148
TXN_04121,CUST_073,2025-03-31,Jewellery,Accessories,2,9126.41,18252.82,In-store,STORE_4,182
TXN_04122,CUST_417,2025-02-04,Dress,Apparel,2,4749.79,9499.58,Online,STORE_7,94
TXN_04123,CUST_321,2025-03-15,Trousers,Apparel,2,8131.24,16262.48,Online,STORE_1,162
TXN_04124,CUST_195,2025-01-27,Top,Apparel,1,14997.93,14997.93,Online,STORE_6,149
TXN_04125,CUST_143,2025-01-21,Shoes,Footwear,3,8852.72,26558.16,Online,STORE_5,265
TXN_04126,CUST_405,2025-01-21,Watch,Accessories,1,13095.35,13095.35,Online,STORE_10,130
TXN_04127,CUST_166,2025-04-03,Dress,Apparel,2,2530.96,5061.92,Online,STORE_7,50
TXN_04128,CUST_385,2025-01-06,Dress,Apparel,2,9999.32,19998.64,In-store,STORE_10,199
TXN_04129,CUST_434,2025-02-22,Shoes,Footwear,3,15171.9,45515.7,In-store,STORE_7,455
TXN_04130,CUST_386,2025-03-06,Trousers,Apparel,3,1369.4,4108.2,Online,STORE_7,41
TXN_04131,CUST_174,2025-01-09,Shoes,Footwear,3,2180.39,6541.17,Online,STORE_5,65
TXN_04132,CUST_112,2025-01-16,Top,Apparel,1,1751.47,1751.47,Online,STORE_9,17
TXN_04133,CUST_252,2025-03-15,Top,Apparel,3,4488.59,13465.77,Online,STORE_8,134
TXN_04134,CUST_143,2025-05-10,Shoes,Footwear,2,9382.92,18765.84,Online,STORE_4,187
TXN_04135,CUST_074,2025-04-05,Coat,Apparel,1,3975.77,3975.77,In-store,STORE_10,39
TXN_04136,CUST_277,2025-04-09,Perfume,Beauty,2,11459.95,22919.9,Online,STORE_8,229
TXN_04137,CUST_478,2025-03-15,Trousers,Apparel,3,9739.42,29218.26,Online,STORE_10,292
TXN_04138,CUST_243,2025-04-02,Shoes,Footwear,3,6725.91,20177.73,In-store,STORE_9,201
TXN_04139,CUST_074,2025-03-02,Shoes,Footwear,2,4676.99,9353.98,In-store,STORE_5,93
TXN_04140,CUST_399,2025-03-03,Watch,Accessories,1,8417.6,8417.6,In-store,STORE_8,84
TXN_04141,CUST_137,2025-04-06,Top,Apparel,1,4537.07,4537.07,In-store,STORE_2,45
TXN_04142,CUST_134,2025-02-13,Handbag,Accessories,1,2086.56,2086.56,Online,STORE_4,20
TXN_04143,CUST_020,2025-05-06,Top,Apparel,2,1701.82,3403.64,In-store,STORE_1,34
TXN_04144,CUST_371,2025-04-28,Shoes,Footwear,3,3579.27,10737.81,Online,STORE_7,107
TXN_04145,CUST_495,2025-05-06,Handbag,Accessories,3,9222.91,27668.73,Online,STORE_5,276
TXN_04146,CUST_232,2025-01-07,Trousers,Apparel,3,6836.7,20510.1,In-store,STORE_3,205
TXN_04147,CUST_215,2025-04-10,Dress,Apparel,1,2327.46,2327.46,In-store,STORE_10,23
TXN_04148,CUST_147,2025-01-29,Jewellery,Accessories,3,5361.99,16085.97,Online,STORE_5,160
TXN_04149,CUST_338,2025-02-09,Dress,Apparel,3,8091.17,24273.51,In-store,STORE_2,242
TXN_04150,CUST_181,2025-02-10,Perfume,Beauty,3,6950.87,20852.61,Online,STORE_8,208
TXN_04151,CUST_136,2025-01-21,Jewellery,Accessories,3,14299.61,42898.83,Online,STORE_3,428
TXN_04152,CUST_482,2025-03-06,Trousers,Apparel,2,4621.54,9243.08,In-store,STORE_7,92
TXN_04153,CUST_144,2025-04-10,Sunglasses,Accessories,1,12278.68,12278.68,Online,STORE_10,122
TXN_04154,CUST_216,2025-03-24,Jewellery,Accessories,3,2757.68,8273.04,In-store,STORE_7,82
TXN_04155,CUST_297,2025-03-31,Trousers,Apparel,2,8605.93,17211.86,Online,STORE_7,172
TXN_04156,CUST_398,2025-02-26,Shoes,Footwear,1,5878.82,5878.82,Online,STORE_5,58
TXN_04157,CUST_061,2025-02-04,Handbag,Accessories,2,14683.29,29366.58,In-store,STORE_4,293
TXN_04158,CUST_213,2025-02-22,Jewellery,Accessories,3,2277.93,6833.79,Online,STORE_7,68
TXN_04159,CUST_392,2025-04-28,Top,Apparel,2,8209.83,16419.66,Online,STORE_1,164
TXN_04160,CUST_167,2025-04-04,Shoes,Footwear,2,2040.85,4081.7,Online,STORE_9,40
TXN_04161,CUST_167,2025-01-20,Shoes,Footwear,3,2535.77,7607.31,In-store,STORE_6,76
TXN_04162,CUST_472,2025-01-14,Shoes,Footwear,3,9009.95,27029.85,Online,STORE_8,270
TXN_04163,CUST_121,2025-02-22,Watch,Accessories,2,9383.45,18766.9,Online,STORE_3,187
TXN_04164,CUST_014,2025-04-09,Dress,Apparel,2,14953.6,29907.2,Online,STORE_5,299
TXN_04165,CUST_417,2025-02-22,Handbag,Accessories,1,5422.56,5422.56,In-store,STORE_5,54
TXN_04166,CUST_299,2025-04-04,Dress,Apparel,1,8854.51,8854.51,In-store,STORE_8,88
TXN_04167,CUST_186,2025-02-19,Top,Apparel,1,10649.28,10649.28,Online,STORE_10,106
TXN_04168,CUST_110,2025-03-31,Top,Apparel,1,16500.19,16500.19,Online,STORE_3,165
TXN_04169,CUST_279,2025-03-01,Top,Apparel,2,5293.3,10586.6,In-store,STORE_7,105
TXN_04170,CUST_081,2025-01-20,Jewellery,Accessories,2,3463.41,6926.82,In-store,STORE_10,69
TXN_04171,CUST_140,2025-04-04,Handbag,Accessories,1,6827.97,6827.97,Online,STORE_6,68
TXN_04172,CUST_121,2025-01-05,Watch,Accessories,3,14688.58,44065.74,In-store,STORE_8,440
TXN_04173,CUST_320,2025-02-24,Trousers,Apparel,1,1385.87,1385.87,In-store,STORE_4,13
TXN_04174,CUST_266,2025-02-22,Coat,Apparel,2,4977.29,9954.58,Online,STORE_9,99
TXN_04175,CUST_343,2025-04-01,Dress,Apparel,1,3447.41,3447.41,Online,STORE_7,34
TXN_04176,CUST_206,2025-02-18,Dress,Apparel,2,7833.33,15666.66,In-store,STORE_10,156
TXN_04177,CUST_087,2025-03-22,Shoes,Footwear,2,14518.78,29037.56,In-store,STORE_9,290
TXN_04178,CUST_086,2025-02-22,Dress,Apparel,1,6501.25,6501.25,Online,STORE_7,65
TXN_04179,CUST_025,2025-02-28,Trousers,Apparel,1,4999.35,4999.35,In-store,STORE_1,49
TXN_04180,CUST_363,2025-01-25,Dress,Apparel,2,6976.56,13953.12,Online,STORE_8,139
TXN_04181,CUST_370,2025-03-07,Handbag,Accessories,1,19312.18,19312.18,In-store,STORE_5,193
TXN_04182,CUST_012,2025-05-06,Jewellery,Accessories,1,4325.51,4325.51,In-store,STORE_1,43
TXN_04183,CUST_466,2025-01-24,Dress,Apparel,1,4062.58,4062.58,In-store,STORE_7,40
TXN_04184,CUST_018,2025-01-04,Watch,Accessories,3,7176.9,21530.7,In-store,STORE_1,215
TXN_04185,CUST_021,2025-05-06,Shoes,Footwear,3,5466.29,16398.87,Online,STORE_3,163
TXN_04186,CUST_273,2025-03-15,Shoes,Footwear,3,4299.07,12897.21,Online,STORE_4,128
TXN_04187,CUST_204,2025-03-15,Perfume,Beauty,2,8307.03,16614.06,In-store,STORE_10,166
TXN_04188,CUST_026,2025-03-16,Sunglasses,Accessories,3,15170.3,45510.9,Online,STORE_1,455
TXN_04189,CUST_107,2025-03-12,Sunglasses,Accessories,3,4643.12,13929.36,Online,STORE_2,139
TXN_04190,CUST_128,2025-01-06,Handbag,Accessories,1,2781.96,2781.96,In-store,STORE_9,27
TXN_04191,CUST_133,2025-02-10,Top,Apparel,3,15161.24,45483.72,In-store,STORE_1,454
TXN_04192,CUST_299,2025-05-06,Jewellery,Accessories,2,7417.83,14835.66,Online,STORE_4,148
TXN_04193,CUST_275,2025-01-25,Handbag,Accessories,2,2560.81,5121.62,Online,STORE_9,51
TXN_04194,CUST_071,2025-01-01,Watch,Accessories,3,3457.91,10373.73,In-store,STORE_4,103
TXN_04195,CUST_134,2025-04-13,Dress,Apparel,1,1502.26,1502.26,In-store,STORE_4,15
TXN_04196,CUST_183,2025-05-01,Trousers,Apparel,2,7002.74,14005.48,In-store,STORE_1,140
TXN_04197,CUST_150,2025-01-30,Watch,Accessories,1,3061.07,3061.07,In-store,STORE_8,30
TXN_04198,CUST_321,2025-03-14,Shoes,Footwear,3,9213.18,27639.54,In-store,STORE_9,276
TXN_04199,CUST_274,2025-01-11,Shoes,Footwear,1,1648.29,1648.29,In-store,STORE_10,16
TXN_04200,CUST_304,2025-05-07,Shoes,Footwear,3,10582.75,31748.25,In-store,STORE_1,317
TXN_04201,CUST_270,2025-01-30,Perfume,Beauty,2,6353.14,12706.28,Online,STORE_3,127
TXN_04202,CUST_409,2025-03-13,Watch,Accessories,2,1582.97,3165.94,Online,STORE_10,31
TXN_04203,CUST_231,2025-02-07,Shoes,Footwear,2,4124.84,8249.68,In-store,STORE_1,82
TXN_04204,CUST_476,2025-01-20,Trousers,Apparel,2,2179.66,4359.32,In-store,STORE_3,43
TXN_04205,CUST_344,2025-01-08,Coat,Apparel,1,4787.8,4787.8,In-store,STORE_4,47
TXN_04206,CUST_206,2025-03-19,Handbag,Accessories,2,6907.76,13815.52,Online,STORE_10,138
TXN_04207,CUST_064,2025-05-04,Jewellery,Accessories,1,17790.32,17790.32,In-store,STORE_6,177
TXN_04208,CUST_202,2025-01-01,Watch,Accessories,3,4934.73,14804.19,Online,STORE_7,148
TXN_04209,CUST_251,2025-01-09,Watch,Accessories,3,22381.13,67143.39,In-store,STORE_10,671
TXN_04210,CUST_200,2025-01-21,Handbag,Accessories,3,4036.62,12109.86,In-store,STORE_9,121
TXN_04211,CUST_002,2025-01-16,Trousers,Apparel,3,8912.98,26738.94,Online,STORE_9,267
TXN_04212,CUST_173,2025-04-22,Handbag,Accessories,3,7912.4,23737.2,In-store,STORE_6,237
TXN_04213,CUST_344,2025-05-01,Watch,Accessories,3,3228.96,9686.88,In-store,STORE_6,96
TXN_04214,CUST_111,2025-03-12,Shoes,Footwear,2,14335.33,28670.66,In-store,STORE_8,286
TXN_04215,CUST_071,2025-03-11,Trousers,Apparel,1,4202.0,4202.0,Online,STORE_6,42
TXN_04216,CUST_009,2025-03-30,Top,Apparel,3,4005.0,12015.0,Online,STORE_8,120
TXN_04217,CUST_262,2025-03-24,Shoes,Footwear,1,2340.05,2340.05,Online,STORE_10,23
TXN_04218,CUST_043,2025-02-11,Coat,Apparel,3,3145.14,9435.42,In-store,STORE_9,94
TXN_04219,CUST_315,2025-04-03,Perfume,Beauty,2,6999.74,13999.48,Online,STORE_6,139
TXN_04220,CUST_195,2025-02-19,Handbag,Accessories,1,19377.82,19377.82,Online,STORE_8,193
TXN_04221,CUST_446,2025-01-13,Top,Apparel,2,1921.79,3843.58,Online,STORE_3,38
TXN_04222,CUST_192,2025-02-22,Dress,Apparel,1,7122.66,7122.66,In-store,STORE_7,71
TXN_04223,CUST_169,2025-03-01,Top,Apparel,2,1258.19,2516.38,Online,STORE_4,25
TXN_04224,CUST_132,2025-05-08,Dress,Apparel,2,8734.1,17468.2,Online,STORE_5,174
TXN_04225,CUST_444,2025-04-12,Sunglasses,Accessories,3,4797.3,14391.9,Online,STORE_4,143
TXN_04226,CUST_336,2025-04-06,Shoes,Footwear,3,7776.35,23329.05,Online,STORE_3,233
TXN_04227,CUST_135,2025-01-01,Dress,Apparel,2,5342.65,10685.3,Online,STORE_2,106
TXN_04228,CUST_448,2025-04-15,Shoes,Footwear,1,4539.42,4539.42,Online,STORE_3,45
TXN_04229,CUST_348,2025-01-05,Sunglasses,Accessories,3,4337.73,13013.19,In-store,STORE_7,130
TXN_04230,CUST_056,2025-02-26,Trousers,Apparel,1,3102.64,3102.64,In-store,STORE_3,31
TXN_04231,CUST_144,2025-02-12,Watch,Accessories,3,15972.42,47917.26,In-store,STORE_3,479
TXN_04232,CUST_242,2025-04-14,Top,Apparel,2,1917.56,3835.12,Online,STORE_8,38
TXN_04233,CUST_062,2025-04-05,Dress,Apparel,1,22276.43,22276.43,In-store,STORE_4,222
TXN_04234,CUST_065,2025-02-16,Handbag,Accessories,3,9277.57,27832.71,Online,STORE_2,278
TXN_04235,CUST_020,2025-02-22,Dress,Apparel,2,2903.23,5806.46,Online,STORE_8,58
TXN_04236,CUST_049,2025-04-29,Watch,Accessories,1,2074.07,2074.07,Online,STORE_6,20
TXN_04237,CUST_464,2025-04-04,Handbag,Accessories,3,2297.35,6892.05,In-store,STORE_7,68
TXN_04238,CUST_496,2025-04-17,Dress,Apparel,3,9030.55,27091.65,Online,STORE_3,270
TXN_04239,CUST_122,2025-02-04,Jewellery,Accessories,1,7975.3,7975.3,Online,STORE_3,79
TXN_04240,CUST_270,2025-01-11,Dress,Apparel,2,9807.4,19614.8,Online,STORE_10,196
TXN_04241,CUST_209,2025-02-17,Sunglasses,Accessories,1,4596.26,4596.26,In-store,STORE_5,45
TXN_04242,CUST_319,2025-02-14,Top,Apparel,1,2386.88,2386.88,In-store,STORE_8,23
TXN_04243,CUST_268,2025-01-21,Watch,Accessories,3,3011.81,9035.43,In-store,STORE_4,90
TXN_04244,CUST_193,2025-04-10,Handbag,Accessories,3,3613.71,10841.13,Online,STORE_9,108
TXN_04245,CUST_477,2025-03-27,Handbag,Accessories,1,4184.51,4184.51,Online,STORE_3,41
TXN_04246,CUST_315,2025-02-05,Dress,Apparel,1,8234.65,8234.65,In-store,STORE_8,82
TXN_04247,CUST_283,2025-05-04,Coat,Apparel,1,16879.09,16879.09,In-store,STORE_7,168
TXN_04248,CUST_309,2025-01-23,Shoes,Footwear,1,1626.67,1626.67,In-store,STORE_2,16
TXN_04249,CUST_338,2025-05-10,Top,Apparel,3,16722.7,50168.1,In-store,STORE_4,501
TXN_04250,CUST_207,2025-03-18,Watch,Accessories,2,5222.52,10445.04,Online,STORE_2,104
TXN_04251,CUST_200,2025-04-15,Dress,Apparel,1,4147.64,4147.64,Online,STORE_7,41
TXN_04252,CUST_364,2025-03-10,Sunglasses,Accessories,2,7436.53,14873.06,In-store,STORE_4,148
TXN_04253,CUST_133,2025-05-06,Handbag,Accessories,3,18018.86,54056.58,In-store,STORE_3,540
TXN_04254,CUST_362,2025-03-12,Dress,Apparel,3,4151.24,12453.72,Online,STORE_6,124
TXN_04255,CUST_109,2025-04-08,Watch,Accessories,1,3813.15,3813.15,Online,STORE_8,38
TXN_04256,CUST_154,2025-01-16,Jewellery,Accessories,3,2055.4,6166.2,Online,STORE_9,61
TXN_04257,CUST_073,2025-04-03,Top,Apparel,2,5646.61,11293.22,In-store,STORE_1,112
TXN_04258,CUST_010,2025-02-21,Coat,Apparel,1,6701.16,6701.16,Online,STORE_5,67
TXN_04259,CUST_247,2025-01-22,Dress,Apparel,2,18719.36,37438.72,Online,STORE_6,374
TXN_04260,CUST_280,2025-01-24,Trousers,Apparel,3,3417.6,10252.8,Online,STORE_4,102
TXN_04261,CUST_491,2025-01-09,Watch,Accessories,3,8109.34,24328.02,Online,STORE_2,243
TXN_04262,CUST_022,2025-02-25,Dress,Apparel,2,3594.72,7189.44,In-store,STORE_5,71
TXN_04263,CUST_051,2025-01-04,Handbag,Accessories,1,11017.82,11017.82,In-store,STORE_3,110
TXN_04264,CUST_472,2025-04-25,Watch,Accessories,1,5690.6,5690.6,In-store,STORE_5,56
TXN_04265,CUST_153,2025-03-05,Dress,Apparel,2,3501.1,7002.2,Online,STORE_2,70
TXN_04266,CUST_021,2025-02-05,Coat,Apparel,1,3367.22,3367.22,In-store,STORE_1,33
TXN_04267,CUST_048,2025-01-19,Dress,Apparel,3,5137.95,15413.85,Online,STORE_2,154
TXN_04268,CUST_456,2025-05-03,Dress,Apparel,2,1516.98,3033.96,Online,STORE_10,30
TXN_04269,CUST_369,2025-02-08,Dress,Apparel,3,2287.6,6862.8,Online,STORE_3,68
TXN_04270,CUST_200,2025-04-19,Jewellery,Accessories,2,5186.06,10372.12,In-store,STORE_3,103
TXN_04271,CUST_457,2025-01-14,Trousers,Apparel,2,12538.18,25076.36,In-store,STORE_6,250
TXN_04272,CUST_372,2025-04-04,Shoes,Footwear,2,18211.64,36423.28,Online,STORE_6,364
TXN_04273,CUST_216,2025-04-17,Top,Apparel,1,4842.19,4842.19,In-store,STORE_5,48
TXN_04274,CUST_454,2025-02-25,Sunglasses,Accessories,1,2055.23,2055.23,In-store,STORE_3,20
TXN_04275,CUST_025,2025-03-24,Shoes,Footwear,2,4360.89,8721.78,In-store,STORE_4,87
TXN_04276,CUST_396,2025-03-01,Coat,Apparel,3,3969.6,11908.8,Online,STORE_2,119
TXN_04277,CUST_166,2025-02-18,Jewellery,Accessories,1,2205.06,2205.06,In-store,STORE_1,22
TXN_04278,CUST_498,2025-01-06,Shoes,Footwear,3,5749.91,17249.73,Online,STORE_1,172
TXN_04279,CUST_075,2025-04-02,Perfume,Beauty,1,7598.79,7598.79,Online,STORE_6,75
TXN_04280,CUST_198,2025-01-30,Watch,Accessories,2,2628.66,5257.32,In-store,STORE_9,52
TXN_04281,CUST_203,2025-03-12,Handbag,Accessories,2,2010.76,4021.52,Online,STORE_1,40
TXN_04282,CUST_320,2025-02-01,Trousers,Apparel,2,1531.82,3063.64,In-store,STORE_8,30
TXN_04283,CUST_352,2025-01-26,Dress,Apparel,2,7042.23,14084.46,Online,STORE_9,140
TXN_04284,CUST_085,2025-02-20,Dress,Apparel,2,2341.39,4682.78,Online,STORE_6,46
TXN_04285,CUST_066,2025-02-03,Trousers,Apparel,3,4020.3,12060.9,Online,STORE_1,120
TXN_04286,CUST_234,2025-03-08,Trousers,Apparel,2,4418.57,8837.14,Online,STORE_2,88
TXN_04287,CUST_316,2025-03-19,Watch,Accessories,1,6833.73,6833.73,In-store,STORE_4,68
TXN_04288,CUST_063,2025-03-26,Top,Apparel,3,9580.82,28742.46,In-store,STORE_1,287
TXN_04289,CUST_290,2025-02-02,Watch,Accessories,1,14641.03,14641.03,In-store,STORE_4,146
TXN_04290,CUST_359,2025-02-24,Handbag,Accessories,3,1864.56,5593.68,In-store,STORE_7,55
TXN_04291,CUST_024,2025-02-25,Shoes,Footwear,3,4094.29,12282.87,Online,STORE_3,122
TXN_04292,CUST_397,2025-04-28,Shoes,Footwear,1,6288.5,6288.5,Online,STORE_2,62
TXN_04293,CUST_478,2025-03-27,Watch,Accessories,1,10085.03,10085.03,Online,STORE_6,100
TXN_04294,CUST_167,2025-03-25,Sunglasses,Accessories,1,2295.94,2295.94,Online,STORE_3,22
TXN_04295,CUST_064,2025-02-20,Top,Apparel,2,16463.22,32926.44,In-store,STORE_9,329
TXN_04296,CUST_332,2025-04-29,Jewellery,Accessories,3,3448.39,10345.17,In-store,STORE_6,103
TXN_04297,CUST_229,2025-04-16,Top,Apparel,3,7609.9,22829.7,Online,STORE_5,228
TXN_04298,CUST_461,2025-05-08,Shoes,Footwear,3,2342.84,7028.52,Online,STORE_6,70
TXN_04299,CUST_292,2025-02-12,Dress,Apparel,2,8529.21,17058.42,In-store,STORE_1,170
TXN_04300,CUST_306,2025-01-22,Top,Apparel,2,18703.0,37406.0,In-store,STORE_6,374
TXN_04301,CUST_433,2025-03-21,Dress,Apparel,3,7324.56,21973.68,Online,STORE_4,219
TXN_04302,CUST_387,2025-03-10,Top,Apparel,2,2955.91,5911.82,In-store,STORE_1,59
TXN_04303,CUST_383,2025-05-09,Sunglasses,Accessories,3,1512.43,4537.29,In-store,STORE_10,45
TXN_04304,CUST_444,2025-02-11,Watch,Accessories,3,3530.25,10590.75,Online,STORE_6,105
TXN_04305,CUST_405,2025-03-29,Trousers,Apparel,3,19059.86,57179.58,In-store,STORE_7,571
TXN_04306,CUST_101,2025-04-10,Handbag,Accessories,1,13645.79,13645.79,In-store,STORE_3,136
TXN_04307,CUST_093,2025-04-28,Shoes,Footwear,3,3224.01,9672.03,Online,STORE_10,96
TXN_04308,CUST_301,2025-01-19,Handbag,Accessories,1,2043.83,2043.83,In-store,STORE_8,20
TXN_04309,CUST_117,2025-05-05,Handbag,Accessories,2,2160.34,4320.68,In-store,STORE_6,43
TXN_04310,CUST_375,2025-02-05,Perfume,Beauty,2,2495.42,4990.84,Online,STORE_3,49
TXN_04311,CUST_189,2025-04-20,Jewellery,Accessories,3,9788.2,29364.6,Online,STORE_10,293
TXN_04312,CUST_034,2025-02-17,Shoes,Footwear,1,16852.86,16852.86,Online,STORE_3,168
TXN_04313,CUST_058,2025-01-21,Perfume,Beauty,3,4027.1,12081.3,Online,STORE_2,120
TXN_04314,CUST_442,2025-03-05,Trousers,Apparel,2,6316.46,12632.92,In-store,STORE_7,126
TXN_04315,CUST_271,2025-04-02,Shoes,Footwear,2,8007.21,16014.42,Online,STORE_7,160
TXN_04316,CUST_115,2025-02-11,Dress,Apparel,2,2325.54,4651.08,In-store,STORE_4,46
TXN_04317,CUST_033,2025-02-19,Shoes,Footwear,2,13632.01,27264.02,Online,STORE_8,272
TXN_04318,CUST_429,2025-04-20,Top,Apparel,1,2278.2,2278.2,Online,STORE_2,22
TXN_04319,CUST_151,2025-04-10,Dress,Apparel,3,2688.96,8066.88,Online,STORE_5,80
TXN_04320,CUST_261,2025-04-28,Top,Apparel,1,8777.36,8777.36,In-store,STORE_5,87
TXN_04321,CUST_132,2025-03-26,Handbag,Accessories,1,6644.79,6644.79,Online,STORE_10,66
TXN_04322,CUST_226,2025-02-25,Shoes,Footwear,2,2469.4,4938.8,In-store,STORE_4,49
TXN_04323,CUST_104,2025-03-20,Sunglasses,Accessories,1,6636.94,6636.94,Online,STORE_8,66
TXN_04324,CUST_365,2025-01-12,Handbag,Accessories,1,7140.77,7140.77,In-store,STORE_5,71
TXN_04325,CUST_163,2025-03-27,Watch,Accessories,3,4822.24,14466.72,Online,STORE_1,144
TXN_04326,CUST_301,2025-04-06,Dress,Apparel,1,1879.34,1879.34,In-store,STORE_6,18
TXN_04327,CUST_498,2025-04-05,Shoes,Footwear,2,11056.13,22112.26,Online,STORE_3,221
TXN_04328,CUST_186,2025-05-06,Handbag,Accessories,1,6992.74,6992.74,In-store,STORE_4,69
TXN_04329,CUST_036,2025-02-02,Dress,Apparel,3,5003.13,15009.39,Online,STORE_8,150
TXN_04330,CUST_133,2025-04-07,Dress,Apparel,3,11548.13,34644.39,Online,STORE_4,346
TXN_04331,CUST_015,2025-04-11,Coat,Apparel,3,3036.37,9109.11,In-store,STORE_9,91
TXN_04332,CUST_316,2025-01-29,Trousers,Apparel,3,9414.9,28244.7,In-store,STORE_8,282
TXN_04333,CUST_421,2025-05-09,Shoes,Footwear,3,1744.14,5232.42,In-store,STORE_7,52
TXN_04334,CUST_159,2025-01-31,Handbag,Accessories,1,6677.62,6677.62,In-store,STORE_1,66
TXN_04335,CUST_208,2025-04-21,Trousers,Apparel,2,5939.01,11878.02,Online,STORE_9,118
TXN_04336,CUST_392,2025-02-12,Top,Apparel,3,8380.51,25141.53,Online,STORE_10,251
TXN_04337,CUST_229,2025-03-11,Top,Apparel,3,5120.86,15362.58,Online,STORE_4,153
TXN_04338,CUST_201,2025-04-09,Handbag,Accessories,2,9616.54,19233.08,In-store,STORE_9,192
TXN_04339,CUST_055,2025-01-28,Handbag,Accessories,1,5453.87,5453.87,Online,STORE_9,54
TXN_04340,CUST_361,2025-01-02,Watch,Accessories,3,2361.15,7083.45,Online,STORE_6,70
TXN_04341,CUST_072,2025-02-21,Trousers,Apparel,3,13869.25,41607.75,In-store,STORE_1,416
TXN_04342,CUST_252,2025-01-04,Dress,Apparel,3,3841.93,11525.79,Online,STORE_5,115
TXN_04343,CUST_428,2025-03-20,Shoes,Footwear,3,9614.81,28844.43,In-store,STORE_10,288
TXN_04344,CUST_105,2025-05-05,Shoes,Footwear,1,7511.83,7511.83,In-store,STORE_10,75
TXN_04345,CUST_199,2025-04-19,Dress,Apparel,2,8225.31,16450.62,Online,STORE_6,164
TXN_04346,CUST_356,2025-02-03,Top,Apparel,3,11698.37,35095.11,In-store,STORE_6,350
TXN_04347,CUST_497,2025-01-15,Jewellery,Accessories,1,3334.3,3334.3,In-store,STORE_2,33
TXN_04348,CUST_389,2025-01-17,Top,Apparel,3,1903.02,5709.06,In-store,STORE_2,57
TXN_04349,CUST_332,2025-03-28,Handbag,Accessories,2,3523.63,7047.26,Online,STORE_3,70
TXN_04350,CUST_359,2025-04-08,Handbag,Accessories,1,2593.83,2593.83,In-store,STORE_4,25
TXN_04351,CUST_151,2025-04-03,Jewellery,Accessories,3,2048.23,6144.69,In-store,STORE_1,61
TXN_04352,CUST_383,2025-02-15,Trousers,Apparel,2,4541.63,9083.26,Online,STORE_6,90
TXN_04353,CUST_134,2025-01-15,Perfume,Beauty,3,1985.88,5957.64,In-store,STORE_9,59
TXN_04354,CUST_257,2025-03-13,Jewellery,Accessories,3,1721.93,5165.79,Online,STORE_1,51
TXN_04355,CUST_015,2025-02-24,Trousers,Apparel,3,2049.2,6147.6,Online,STORE_8,61
TXN_04356,CUST_055,2025-04-15,Jewellery,Accessories,3,3669.94,11009.82,Online,STORE_1,110
TXN_04357,CUST_001,2025-04-29,Top,Apparel,3,3962.15,11886.45,Online,STORE_2,118
TXN_04358,CUST_441,2025-01-13,Dress,Apparel,3,1035.08,3105.24,In-store,STORE_10,31
TXN_04359,CUST_299,2025-04-28,Top,Apparel,1,7230.43,7230.43,In-store,STORE_1,72
TXN_04360,CUST_339,2025-02-16,Shoes,Footwear,1,16044.44,16044.44,In-store,STORE_2,160
TXN_04361,CUST_285,2025-02-17,Shoes,Footwear,2,4798.55,9597.1,In-store,STORE_2,95
TXN_04362,CUST_195,2025-03-07,Dress,Apparel,3,18423.51,55270.53,Online,STORE_3,552
TXN_04363,CUST_413,2025-03-10,Trousers,Apparel,2,1048.03,2096.06,In-store,STORE_10,20
TXN_04364,CUST_343,2025-03-29,Perfume,Beauty,3,5424.74,16274.22,In-store,STORE_3,162
TXN_04365,CUST_215,2025-02-09,Dress,Apparel,3,1891.62,5674.86,Online,STORE_5,56
TXN_04366,CUST_288,2025-03-12,Dress,Apparel,2,1704.14,3408.28,Online,STORE_5,34
TXN_04367,CUST_087,2025-03-21,Shoes,Footwear,1,13002.57,13002.57,In-store,STORE_7,130
TXN_04368,CUST_100,2025-05-07,Perfume,Beauty,3,3340.08,10020.24,Online,STORE_8,100
TXN_04369,CUST_271,2025-01-01,Shoes,Footwear,1,8629.07,8629.07,In-store,STORE_4,86
TXN_04370,CUST_070,2025-05-05,Watch,Accessories,1,15294.35,15294.35,In-store,STORE_9,152
TXN_04371,CUST_210,2025-03-22,Perfume,Beauty,3,5631.64,16894.92,Online,STORE_1,168
TXN_04372,CUST_144,2025-02-22,Sunglasses,Accessories,2,16456.62,32913.24,In-store,STORE_5,329
TXN_04373,CUST_026,2025-02-12,Trousers,Apparel,3,13225.56,39676.68,Online,STORE_10,396
TXN_04374,CUST_386,2025-01-02,Sunglasses,Accessories,3,1575.06,4725.18,In-store,STORE_1,47
TXN_04375,CUST_242,2025-02-14,Top,Apparel,2,1510.4,3020.8,Online,STORE_2,30
TXN_04376,CUST_420,2025-04-12,Coat,Apparel,3,9501.0,28503.0,In-store,STORE_7,285
TXN_04377,CUST_359,2025-04-16,Jewellery,Accessories,2,2362.4,4724.8,Online,STORE_4,47
TXN_04378,CUST_258,2025-02-09,Watch,Accessories,2,2038.12,4076.24,Online,STORE_1,40
TXN_04379,CUST_396,2025-05-10,Coat,Apparel,3,3974.02,11922.06,Online,STORE_8,119
TXN_04380,CUST_059,2025-02-20,Dress,Apparel,1,12645.46,12645.46,In-store,STORE_6,126
TXN_04381,CUST_177,2025-04-06,Dress,Apparel,2,5649.67,11299.34,Online,STORE_10,112
TXN_04382,CUST_049,2025-03-25,Shoes,Footwear,3,2522.6,7567.8,In-store,STORE_5,75
TXN_04383,CUST_309,2025-05-03,Coat,Apparel,3,1997.23,5991.69,Online,STORE_7,59
TXN_04384,CUST_089,2025-04-07,Shoes,Footwear,2,9203.45,18406.9,Online,STORE_9,184
TXN_04385,CUST_406,2025-04-15,Shoes,Footwear,2,3789.82,7579.64,In-store,STORE_7,75
TXN_04386,CUST_404,2025-02-22,Handbag,Accessories,3,7486.72,22460.16,Online,STORE_8,224
TXN_04387,CUST_099,2025-03-06,Shoes,Footwear,1,4795.96,4795.96,Online,STORE_1,47
TXN_04388,CUST_047,2025-02-09,Shoes,Footwear,3,2515.18,7545.54,In-store,STORE_7,75
TXN_04389,CUST_412,2025-03-03,Shoes,Footwear,3,2180.8,6542.4,In-store,STORE_1,65
TXN_04390,CUST_311,2025-01-01,Shoes,Footwear,1,3681.83,3681.83,In-store,STORE_3,36
TXN_04391,CUST_026,2025-01-16,Trousers,Apparel,3,14100.44,42301.32,Online,STORE_6,423
TXN_04392,CUST_344,2025-04-06,Shoes,Footwear,2,4561.37,9122.74,In-store,STORE_1,91
TXN_04393,CUST_079,2025-01-01,Top,Apparel,3,1750.59,5251.77,In-store,STORE_3,52
TXN_04394,CUST_183,2025-03-23,Watch,Accessories,1,8868.14,8868.14,In-store,STORE_9,88
TXN_04395,CUST_416,2025-03-07,Top,Apparel,1,2012.67,2012.67,Online,STORE_4,20
TXN_04396,CUST_332,2025-03-29,Dress,Apparel,1,2732.25,2732.25,In-store,STORE_1,27
TXN_04397,CUST_233,2025-03-19,Trousers,Apparel,2,2742.02,5484.04,Online,STORE_6,54
TXN_04398,CUST_323,2025-03-24,Watch,Accessories,3,10470.62,31411.86,Online,STORE_9,314
TXN_04399,CUST_143,2025-04-25,Trousers,Apparel,1,3762.86,3762.86,Online,STORE_6,37
TXN_04400,CUST_239,2025-03-03,Dress,Apparel,2,4083.1,8166.2,Online,STORE_1,81
TXN_04401,CUST_361,2025-02-25,Watch,Accessories,3,2588.17,7764.51,Online,STORE_4,77
TXN_04402,CUST_270,2025-02-10,Dress,Apparel,3,7977.08,23931.24,Online,STORE_9,239
TXN_04403,CUST_270,2025-02-13,Dress,Apparel,1,12094.66,12094.66,In-store,STORE_7,120
TXN_04404,CUST_073,2025-03-30,Perfume,Beauty,1,7311.25,7311.25,In-store,STORE_1,73
TXN_04405,CUST_423,2025-04-20,Watch,Accessories,2,3032.04,6064.08,Online,STORE_5,60
TXN_04406,CUST_371,2025-01-23,Trousers,Apparel,3,4241.31,12723.93,In-store,STORE_4,127
TXN_04407,CUST_420,2025-01-11,Trousers,Apparel,1,4637.62,4637.62,In-store,STORE_10,46
TXN_04408,CUST_128,2025-04-03,Top,Apparel,2,4668.07,9336.14,In-store,STORE_4,93
TXN_04409,CUST_184,2025-02-27,Dress,Apparel,2,8658.03,17316.06,In-store,STORE_8,173
TXN_04410,CUST_082,2025-01-17,Shoes,Footwear,1,4041.94,4041.94,Online,STORE_10,40
TXN_04411,CUST_473,2025-03-10,Jewellery,Accessories,3,8194.34,24583.02,In-store,STORE_10,245
TXN_04412,CUST_259,2025-03-19,Shoes,Footwear,3,4659.88,13979.64,In-store,STORE_10,139
TXN_04413,CUST_039,2025-03-21,Top,Apparel,1,5062.12,5062.12,In-store,STORE_5,50
TXN_04414,CUST_218,2025-01-26,Dress,Apparel,1,2467.44,2467.44,Online,STORE_6,24
TXN_04415,CUST_032,2025-04-16,Dress,Apparel,2,1596.55,3193.1,Online,STORE_7,31
TXN_04416,CUST_089,2025-03-02,Trousers,Apparel,2,7370.1,14740.2,In-store,STORE_4,147
TXN_04417,CUST_303,2025-02-21,Dress,Apparel,3,10981.55,32944.65,In-store,STORE_4,329
TXN_04418,CUST_417,2025-03-15,Jewellery,Accessories,3,4702.19,14106.57,In-store,STORE_10,141
TXN_04419,CUST_441,2025-01-17,Top,Apparel,3,1904.17,5712.51,Online,STORE_2,57
TXN_04420,CUST_183,2025-01-24,Watch,Accessories,3,5036.31,15108.93,Online,STORE_2,151
TXN_04421,CUST_137,2025-04-25,Dress,Apparel,1,4316.96,4316.96,Online,STORE_8,43
TXN_04422,CUST_127,2025-02-06,Watch,Accessories,2,8811.19,17622.38,Online,STORE_3,176
TXN_04423,CUST_010,2025-02-16,Watch,Accessories,1,8457.52,8457.52,In-store,STORE_8,84
TXN_04424,CUST_096,2025-01-30,Watch,Accessories,2,3920.67,7841.34,Online,STORE_4,78
TXN_04425,CUST_239,2025-01-06,Dress,Apparel,1,3917.2,3917.2,Online,STORE_4,39
TXN_04426,CUST_330,2025-01-29,Watch,Accessories,1,6496.81,6496.81,Online,STORE_1,64
TXN_04427,CUST_148,2025-03-28,Perfume,Beauty,1,3644.24,3644.24,In-store,STORE_3,36
TXN_04428,CUST_480,2025-03-26,Watch,Accessories,1,5171.1,5171.1,Online,STORE_9,51
TXN_04429,CUST_397,2025-01-27,Watch,Accessories,2,7296.68,14593.36,In-store,STORE_5,145
TXN_04430,CUST_024,2025-04-23,Trousers,Apparel,1,4287.96,4287.96,In-store,STORE_1,42
TXN_04431,CUST_009,2025-01-20,Handbag,Accessories,1,4299.26,4299.26,In-store,STORE_8,42
TXN_04432,CUST_111,2025-01-28,Trousers,Apparel,2,13535.92,27071.84,In-store,STORE_9,270
TXN_04433,CUST_036,2025-02-10,Handbag,Accessories,2,3449.27,6898.54,Online,STORE_5,68
TXN_04434,CUST_173,2025-01-18,Top,Apparel,3,12231.72,36695.16,In-store,STORE_3,366
TXN_04435,CUST_186,2025-03-15,Handbag,Accessories,2,9070.63,18141.26,Online,STORE_6,181
TXN_04436,CUST_215,2025-03-13,Dress,Apparel,3,1839.07,5517.21,Online,STORE_2,55
TXN_04437,CUST_186,2025-04-12,Handbag,Accessories,1,9081.29,9081.29,In-store,STORE_5,90
TXN_04438,CUST_132,2025-03-19,Top,Apparel,3,6864.43,20593.29,Online,STORE_4,205
TXN_04439,CUST_075,2025-03-04,Dress,Apparel,3,7748.57,23245.71,Online,STORE_1,232
TXN_04440,CUST_034,2025-01-03,Sunglasses,Accessories,2,14887.29,29774.58,Online,STORE_5,297
TXN_04441,CUST_150,2025-01-16,Shoes,Footwear,2,1788.53,3577.06,Online,STORE_2,35
TXN_04442,CUST_451,2025-03-27,Shoes,Footwear,1,1850.09,1850.09,Online,STORE_7,18
TXN_04443,CUST_455,2025-02-15,Dress,Apparel,1,9248.59,9248.59,Online,STORE_8,92
TXN_04444,CUST_468,2025-01-04,Top,Apparel,2,15042.19,30084.38,Online,STORE_10,300
TXN_04445,CUST_381,2025-02-25,Trousers,Apparel,2,1827.42,3654.84,Online,STORE_1,36
TXN_04446,CUST_145,2025-03-23,Trousers,Apparel,2,7736.4,15472.8,Online,STORE_1,154
TXN_04447,CUST_372,2025-01-19,Shoes,Footwear,3,12756.68,38270.04,In-store,STORE_7,382
TXN_04448,CUST_391,2025-04-10,Jewellery,Accessories,3,7427.06,22281.18,In-store,STORE_3,222
TXN_04449,CUST_353,2025-04-13,Dress,Apparel,1,10095.11,10095.11,In-store,STORE_5,100
TXN_04450,CUST_440,2025-03-16,Jewellery,Accessories,2,2231.73,4463.46,In-store,STORE_8,44
TXN_04451,CUST_071,2025-03-08,Coat,Apparel,1,4027.47,4027.47,Online,STORE_8,40
TXN_04452,CUST_353,2025-01-31,Jewellery,Accessories,3,8035.12,24105.36,Online,STORE_6,241
TXN_04453,CUST_314,2025-03-02,Jewellery,Accessories,1,4159.95,4159.95,Online,STORE_10,41
TXN_04454,CUST_460,2025-03-08,Top,Apparel,2,1697.92,3395.84,Online,STORE_6,33
TXN_04455,CUST_339,2025-04-26,Trousers,Apparel,1,14485.24,14485.24,Online,STORE_8,144
TXN_04456,CUST_023,2025-02-21,Trousers,Apparel,1,4178.72,4178.72,Online,STORE_8,41
TXN_04457,CUST_429,2025-02-21,Jewellery,Accessories,1,2361.05,2361.05,Online,STORE_5,23
TXN_04458,CUST_131,2025-02-06,Watch,Accessories,3,1891.36,5674.08,In-store,STORE_4,56
TXN_04459,CUST_157,2025-01-24,Jewellery,Accessories,1,13025.81,13025.81,In-store,STORE_4,130
TXN_04460,CUST_456,2025-03-11,Dress,Apparel,3,2440.86,7322.58,In-store,STORE_9,73
TXN_04461,CUST_097,2025-04-11,Watch,Accessories,3,7901.94,23705.82,In-store,STORE_2,237
TXN_04462,CUST_287,2025-02-26,Jewellery,Accessories,1,4640.46,4640.46,Online,STORE_7,46
TXN_04463,CUST_280,2025-05-03,Watch,Accessories,1,3812.29,3812.29,Online,STORE_3,38
TXN_04464,CUST_122,2025-04-15,Perfume,Beauty,2,5940.35,11880.7,Online,STORE_1,118
TXN_04465,CUST_269,2025-02-27,Dress,Apparel,3,3549.35,10648.05,Online,STORE_1,106
TXN_04466,CUST_096,2025-02-03,Watch,Accessories,3,3858.31,11574.93,In-store,STORE_5,115
TXN_04467,CUST_345,2025-02-05,Perfume,Beauty,2,2166.16,4332.32,Online,STORE_6,43
TXN_04468,CUST_247,2025-03-08,Handbag,Accessories,2,15355.87,30711.74,Online,STORE_6,307
TXN_04469,CUST_319,2025-01-01,Top,Apparel,2,1969.35,3938.7,In-store,STORE_1,39
TXN_04470,CUST_059,2025-01-31,Perfume,Beauty,3,14425.49,43276.47,In-store,STORE_7,432
TXN_04471,CUST_275,2025-02-20,Handbag,Accessories,2,1192.1,2384.2,In-store,STORE_9,23
TXN_04472,CUST_016,2025-01-16,Dress,Apparel,3,3570.92,10712.76,Online,STORE_2,107
TXN_04473,CUST_062,2025-03-14,Dress,Apparel,1,21358.86,21358.86,Online,STORE_9,213
TXN_04474,CUST_120,2025-02-14,Perfume,Beauty,2,9772.4,19544.8,In-store,STORE_8,195
TXN_04475,CUST_241,2025-01-19,Trousers,Apparel,1,10141.57,10141.57,In-store,STORE_10,101
TXN_04476,CUST_201,2025-01-01,Jewellery,Accessories,3,8558.97,25676.91,Online,STORE_7,256
TXN_04477,CUST_493,2025-05-06,Handbag,Accessories,2,2336.52,4673.04,Online,STORE_7,46
TXN_04478,CUST_255,2025-02-26,Dress,Apparel,1,9023.04,9023.04,Online,STORE_5,90
TXN_04479,CUST_251,2025-02-10,Watch,Accessories,1,19698.46,19698.46,Online,STORE_4,196
TXN_04480,CUST_088,2025-04-30,Top,Apparel,3,1477.84,4433.52,In-store,STORE_8,44
TXN_04481,CUST_280,2025-04-04,Sunglasses,Accessories,3,4169.48,12508.44,In-store,STORE_1,125
TXN_04482,CUST_104,2025-03-20,Watch,Accessories,3,8339.73,25019.19,Online,STORE_2,250
TXN_04483,CUST_250,2025-01-09,Dress,Apparel,3,2202.49,6607.47,Online,STORE_10,66
TXN_04484,CUST_126,2025-02-27,Trousers,Apparel,1,2448.43,2448.43,In-store,STORE_7,24
TXN_04485,CUST_232,2025-04-19,Trousers,Apparel,2,8043.03,16086.06,In-store,STORE_2,160
TXN_04486,CUST_205,2025-02-27,Trousers,Apparel,1,3602.87,3602.87,Online,STORE_1,36
TXN_04487,CUST_368,2025-01-25,Watch,Accessories,3,3842.74,11528.22,In-store,STORE_10,115
TXN_04488,CUST_027,2025-03-06,Trousers,Apparel,2,4287.51,8575.02,Online,STORE_5,85
TXN_04489,CUST_109,2025-03-09,Trousers,Apparel,3,4523.57,13570.71,In-store,STORE_3,135
TXN_04490,CUST_247,2025-03-07,Handbag,Accessories,1,11391.79,11391.79,In-store,STORE_10,113
TXN_04491,CUST_121,2025-03-03,Watch,Accessories,2,15389.98,30779.96,In-store,STORE_6,307
TXN_04492,CUST_095,2025-03-02,Sunglasses,Accessories,2,4574.37,9148.74,In-store,STORE_8,91
TXN_04493,CUST_126,2025-03-19,Coat,Apparel,2,2272.28,4544.56,In-store,STORE_3,45
TXN_04494,CUST_148,2025-03-25,Perfume,Beauty,1,3331.87,3331.87,Online,STORE_2,33
TXN_04495,CUST_240,2025-03-06,Trousers,Apparel,3,1802.74,5408.22,In-store,STORE_2,54
TXN_04496,CUST_128,2025-04-27,Jewellery,Accessories,2,3749.09,7498.18,In-store,STORE_2,74
TXN_04497,CUST_449,2025-04-09,Dress,Apparel,3,3728.84,11186.52,Online,STORE_6,111
TXN_04498,CUST_239,2025-03-27,Top,Apparel,3,3091.29,9273.87,In-store,STORE_8,92
TXN_04499,CUST_003,2025-03-20,Dress,Apparel,3,2502.26,7506.78,In-store,STORE_1,75
TXN_04500,CUST_080,2025-01-22,Shoes,Footwear,1,4366.23,4366.23,In-store,STORE_1,43
TXN_04501,CUST_039,2025-01-09,Handbag,Accessories,1,3119.91,3119.91,Online,STORE_10,31
TXN_04502,CUST_232,2025-03-09,Shoes,Footwear,3,10686.98,32060.94,In-store,STORE_5,320
TXN_04503,CUST_264,2025-03-31,Handbag,Accessories,2,5149.17,10298.34,Online,STORE_3,102
TXN_04504,CUST_275,2025-04-16,Dress,Apparel,3,2158.2,6474.6,In-store,STORE_6,64
TXN_04505,CUST_088,2025-01-17,Jewellery,Accessories,3,1117.05,3351.15,In-store,STORE_5,33
TXN_04506,CUST_237,2025-04-19,Trousers,Apparel,2,13619.26,27238.52,In-store,STORE_3,272
TXN_04507,CUST_070,2025-01-24,Watch,Accessories,1,13665.06,13665.06,Online,STORE_4,136
TXN_04508,CUST_333,2025-01-02,Watch,Accessories,2,3811.56,7623.12,Online,STORE_3,76
TXN_04509,CUST_338,2025-03-04,Jewellery,Accessories,2,18629.68,37259.36,In-store,STORE_8,372
TXN_04510,CUST_444,2025-04-25,Shoes,Footwear,2,4138.34,8276.68,Online,STORE_2,82
TXN_04511,CUST_126,2025-04-13,Watch,Accessories,3,2101.04,6303.12,Online,STORE_4,63
TXN_04512,CUST_328,2025-04-05,Dress,Apparel,3,4445.45,13336.35,Online,STORE_8,133
TXN_04513,CUST_311,2025-02-15,Trousers,Apparel,3,10379.05,31137.15,In-store,STORE_3,311
TXN_04514,CUST_331,2025-02-18,Handbag,Accessories,3,2080.62,6241.86,In-store,STORE_9,62
TXN_04515,CUST_479,2025-01-17,Handbag,Accessories,3,4921.76,14765.28,Online,STORE_8,147
TXN_04516,CUST_426,2025-02-04,Jewellery,Accessories,3,10473.08,31419.24,In-store,STORE_7,314
TXN_04517,CUST_375,2025-02-17,Top,Apparel,2,2484.17,4968.34,Online,STORE_5,49
TXN_04518,CUST_238,2025-01-22,Watch,Accessories,1,3837.84,3837.84,Online,STORE_1,38
TXN_04519,CUST_225,2025-02-09,Coat,Apparel,2,8789.4,17578.8,In-store,STORE_2,175
TXN_04520,CUST_482,2025-01-19,Watch,Accessories,1,3649.74,3649.74,In-store,STORE_7,36
TXN_04521,CUST_162,2025-01-25,Perfume,Beauty,3,1993.0,5979.0,In-store,STORE_4,59
TXN_04522,CUST_110,2025-03-19,Perfume,Beauty,2,14181.9,28363.8,In-store,STORE_7,283
TXN_04523,CUST_349,2025-01-30,Shoes,Footwear,2,5532.69,11065.38,In-store,STORE_5,110
TXN_04524,CUST_315,2025-01-02,Top,Apparel,3,5507.21,16521.63,In-store,STORE_1,165
TXN_04525,CUST_435,2025-02-03,Trousers,Apparel,1,2546.91,2546.91,Online,STORE_10,25
TXN_04526,CUST_164,2025-04-20,Trousers,Apparel,2,5271.53,10543.06,In-store,STORE_2,105
TXN_04527,CUST_091,2025-03-28,Watch,Accessories,2,5218.89,10437.78,Online,STORE_6,104
TXN_04528,CUST_440,2025-04-05,Jewellery,Accessories,2,2003.67,4007.34,In-store,STORE_1,40
TXN_04529,CUST_418,2025-04-11,Sunglasses,Accessories,1,9884.48,9884.48,In-store,STORE_6,98
TXN_04530,CUST_148,2025-01-17,Dress,Apparel,1,3981.18,3981.18,In-store,STORE_6,39
TXN_04531,CUST_133,2025-04-12,Jewellery,Accessories,1,15637.09,15637.09,Online,STORE_4,156
TXN_04532,CUST_194,2025-01-22,Top,Apparel,1,3150.1,3150.1,Online,STORE_3,31
TXN_04533,CUST_117,2025-01-23,Dress,Apparel,2,1710.57,3421.14,In-store,STORE_9,34
TXN_04534,CUST_157,2025-04-28,Handbag,Accessories,2,20446.02,40892.04,In-store,STORE_7,408
TXN_04535,CUST_029,2025-02-18,Shoes,Footwear,2,3178.88,6357.76,Online,STORE_5,63
TXN_04536,CUST_081,2025-02-05,Top,Apparel,1,4517.1,4517.1,Online,STORE_1,45
TXN_04537,CUST_073,2025-05-05,Jewellery,Accessories,2,8150.05,16300.1,In-store,STORE_3,163
TXN_04538,CUST_135,2025-02-18,Jewellery,Accessories,2,6559.09,13118.18,In-store,STORE_9,131
TXN_04539,CUST_321,2025-03-05,Watch,Accessories,2,8835.34,17670.68,Online,STORE_6,176
TXN_04540,CUST_090,2025-03-22,Shoes,Footwear,2,2597.67,5195.34,Online,STORE_6,51
TXN_04541,CUST_316,2025-05-01,Trousers,Apparel,3,6058.36,18175.08,In-store,STORE_5,181
TXN_04542,CUST_132,2025-03-18,Perfume,Beauty,2,7836.96,15673.92,Online,STORE_6,156
TXN_04543,CUST_384,2025-01-08,Handbag,Accessories,3,1910.42,5731.26,Online,STORE_5,57
TXN_04544,CUST_064,2025-04-19,Jewellery,Accessories,1,14346.42,14346.42,In-store,STORE_8,143
TXN_04545,CUST_114,2025-04-10,Watch,Accessories,1,1618.36,1618.36,In-store,STORE_10,16
TXN_04546,CUST_453,2025-01-04,Shoes,Footwear,1,2029.81,2029.81,Online,STORE_4,20
TXN_04547,CUST_112,2025-01-04,Top,Apparel,2,3237.57,6475.14,In-store,STORE_8,64
TXN_04548,CUST_427,2025-03-16,Top,Apparel,2,8830.36,17660.72,In-store,STORE_2,176
TXN_04549,CUST_275,2025-01-15,Jewellery,Accessories,2,2146.42,4292.84,Online,STORE_3,42
TXN_04550,CUST_046,2025-02-22,Shoes,Footwear,1,1955.77,1955.77,In-store,STORE_5,19
TXN_04551,CUST_183,2025-01-12,Shoes,Footwear,3,7603.4,22810.2,Online,STORE_8,228
TXN_04552,CUST_181,2025-02-13,Top,Apparel,1,7751.48,7751.48,In-store,STORE_5,77
TXN_04553,CUST_414,2025-03-25,Top,Apparel,1,1955.64,1955.64,Online,STORE_4,19
TXN_04554,CUST_114,2025-04-05,Watch,Accessories,1,2473.65,2473.65,Online,STORE_8,24
TXN_04555,CUST_003,2025-01-26,Top,Apparel,3,2076.17,6228.51,In-store,STORE_6,62
TXN_04556,CUST_406,2025-04-26,Shoes,Footwear,1,3911.61,3911.61,In-store,STORE_3,39
TXN_04557,CUST_177,2025-05-09,Jewellery,Accessories,3,7192.07,21576.21,In-store,STORE_10,215
TXN_04558,CUST_142,2025-01-25,Perfume,Beauty,1,4672.58,4672.58,Online,STORE_1,46
TXN_04559,CUST_409,2025-03-16,Shoes,Footwear,3,1959.98,5879.94,In-store,STORE_1,58
TXN_04560,CUST_453,2025-01-15,Coat,Apparel,2,1784.72,3569.44,Online,STORE_5,35
TXN_04561,CUST_237,2025-05-03,Sunglasses,Accessories,2,13300.5,26601.0,In-store,STORE_9,266
TXN_04562,CUST_033,2025-04-11,Coat,Apparel,3,13517.94,40553.82,Online,STORE_5,405
TXN_04563,CUST_195,2025-03-23,Top,Apparel,2,13384.8,26769.6,In-store,STORE_8,267
TXN_04564,CUST_491,2025-04-21,Trousers,Apparel,2,7499.03,14998.06,Online,STORE_5,149
TXN_04565,CUST_237,2025-03-31,Shoes,Footwear,3,7484.39,22453.17,In-store,STORE_9,224
TXN_04566,CUST_474,2025-01-05,Watch,Accessories,3,2186.12,6558.36,Online,STORE_10,65
TXN_04567,CUST_374,2025-04-19,Watch,Accessories,3,2435.65,7306.95,Online,STORE_5,73
TXN_04568,CUST_168,2025-03-29,Top,Apparel,3,2082.79,6248.37,In-store,STORE_4,62
TXN_04569,CUST_337,2025-03-22,Dress,Apparel,1,2075.78,2075.78,In-store,STORE_6,20
TXN_04570,CUST_119,2025-02-07,Watch,Accessories,2,5242.56,10485.12,Online,STORE_6,104
TXN_04571,CUST_229,2025-04-24,Dress,Apparel,1,4093.64,4093.64,Online,STORE_9,40
TXN_04572,CUST_058,2025-03-12,Handbag,Accessories,2,2942.38,5884.76,In-store,STORE_2,58
TXN_04573,CUST_379,2025-04-29,Shoes,Footwear,2,3530.29,7060.58,Online,STORE_1,70
TXN_04574,CUST_499,2025-05-07,Dress,Apparel,2,15200.5,30401.0,Online,STORE_3,304
TXN_04575,CUST_111,2025-03-24,Coat,Apparel,1,12495.51,12495.51,In-store,STORE_7,124
TXN_04576,CUST_337,2025-03-01,Top,Apparel,3,1821.95,5465.85,Online,STORE_7,54
TXN_04577,CUST_172,2025-02-21,Dress,Apparel,3,8636.39,25909.17,Online,STORE_3,259
TXN_04578,CUST_454,2025-01-02,Trousers,Apparel,2,2399.45,4798.9,In-store,STORE_3,47
TXN_04579,CUST_267,2025-01-18,Shoes,Footwear,1,7924.69,7924.69,In-store,STORE_7,79
TXN_04580,CUST_429,2025-04-04,Top,Apparel,1,1391.5,1391.5,In-store,STORE_5,13
TXN_04581,CUST_252,2025-01-16,Handbag,Accessories,3,3862.22,11586.66,Online,STORE_6,115
TXN_04582,CUST_417,2025-02-09,Dress,Apparel,1,4051.09,4051.09,In-store,STORE_6,40
TXN_04583,CUST_223,2025-01-07,Trousers,Apparel,2,2121.72,4243.44,In-store,STORE_6,42
TXN_04584,CUST_228,2025-03-10,Watch,Accessories,1,2274.89,2274.89,In-store,STORE_3,22
TXN_04585,CUST_179,2025-03-06,Jewellery,Accessories,3,7936.93,23810.79,In-store,STORE_8,238
TXN_04586,CUST_112,2025-01-29,Perfume,Beauty,3,2241.91,6725.73,In-store,STORE_5,67
TXN_04587,CUST_255,2025-03-14,Perfume,Beauty,3,6491.01,19473.03,In-store,STORE_9,194
TXN_04588,CUST_494,2025-03-26,Shoes,Footwear,3,4206.14,12618.42,Online,STORE_2,126
TXN_04589,CUST_151,2025-04-06,Dress,Apparel,2,2472.46,4944.92,In-store,STORE_7,49
TXN_04590,CUST_019,2025-03-03,Shoes,Footwear,3,11177.1,33531.3,Online,STORE_9,335
TXN_04591,CUST_382,2025-03-11,Sunglasses,Accessories,1,13539.37,13539.37,Online,STORE_6,135
TXN_04592,CUST_476,2025-04-05,Trousers,Apparel,2,2308.19,4616.38,In-store,STORE_9,46
TXN_04593,CUST_393,2025-01-06,Sunglasses,Accessories,2,16017.12,32034.24,Online,STORE_9,320
TXN_04594,CUST_119,2025-05-03,Coat,Apparel,2,2344.66,4689.32,Online,STORE_9,46
TXN_04595,CUST_034,2025-03-06,Watch,Accessories,3,14693.28,44079.84,In-store,STORE_2,440
TXN_04596,CUST_429,2025-01-03,Jewellery,Accessories,2,2403.12,4806.24,In-store,STORE_5,48
TXN_04597,CUST_488,2025-02-03,Shoes,Footwear,2,2194.4,4388.8,Online,STORE_5,43
TXN_04598,CUST_144,2025-02-12,Watch,Accessories,1,14819.61,14819.61,Online,STORE_5,148
TXN_04599,CUST_378,2025-02-20,Dress,Apparel,1,2411.56,2411.56,Online,STORE_1,24
TXN_04600,CUST_211,2025-04-24,Perfume,Beauty,3,1873.89,5621.67,Online,STORE_6,56
TXN_04601,CUST_081,2025-01-03,Dress,Apparel,1,3629.17,3629.17,Online,STORE_10,36
TXN_04602,CUST_057,2025-02-26,Coat,Apparel,2,1569.17,3138.34,In-store,STORE_5,31
TXN_04603,CUST_388,2025-01-15,Top,Apparel,1,2493.91,2493.91,Online,STORE_5,24
TXN_04604,CUST_361,2025-01-22,Trousers,Apparel,3,2266.77,6800.31,In-store,STORE_9,68
TXN_04605,CUST_027,2025-01-25,Coat,Apparel,3,4602.74,13808.22,Online,STORE_1,138
TXN_04606,CUST_087,2025-02-20,Watch,Accessories,3,15889.87,47669.61,Online,STORE_5,476
TXN_04607,CUST_076,2025-02-06,Sunglasses,Accessories,1,4609.53,4609.53,Online,STORE_2,46
TXN_04608,CUST_319,2025-01-12,Top,Apparel,2,1964.11,3928.22,Online,STORE_8,39
TXN_04609,CUST_469,2025-04-19,Dress,Apparel,3,2013.31,6039.93,Online,STORE_1,60
TXN_04610,CUST_154,2025-02-05,Perfume,Beauty,3,1531.34,4594.02,Online,STORE_4,45
TXN_04611,CUST_122,2025-04-23,Dress,Apparel,1,9904.06,9904.06,In-store,STORE_6,99
TXN_04612,CUST_391,2025-04-25,Dress,Apparel,3,8315.29,24945.87,Online,STORE_5,249
TXN_04613,CUST_336,2025-04-24,Sunglasses,Accessories,1,7790.73,7790.73,In-store,STORE_9,77
TXN_04614,CUST_185,2025-02-02,Handbag,Accessories,1,9745.13,9745.13,In-store,STORE_8,97
TXN_04615,CUST_174,2025-04-26,Shoes,Footwear,1,1770.56,1770.56,Online,STORE_1,17
TXN_04616,CUST_479,2025-03-24,Top,Apparel,3,3487.59,10462.77,Online,STORE_4,104
TXN_04617,CUST_104,2025-02-23,Shoes,Footwear,3,10587.9,31763.7,In-store,STORE_4,317
TXN_04618,CUST_369,2025-03-13,Jewellery,Accessories,2,2207.84,4415.68,Online,STORE_1,44
TXN_04619,CUST_063,2025-03-16,Dress,Apparel,1,7091.16,7091.16,In-store,STORE_3,70
TXN_04620,CUST_080,2025-01-25,Shoes,Footwear,2,4202.64,8405.28,Online,STORE_4,84
TXN_04621,CUST_482,2025-04-29,Watch,Accessories,3,3521.38,10564.14,Online,STORE_3,105
TXN_04622,CUST_124,2025-01-18,Dress,Apparel,2,1422.13,2844.26,In-store,STORE_6,28
TXN_04623,CUST_154,2025-05-07,Dress,Apparel,3,2597.63,7792.89,Online,STORE_9,77
TXN_04624,CUST_206,2025-03-16,Handbag,Accessories,3,8027.52,24082.56,In-store,STORE_5,240
TXN_04625,CUST_347,2025-04-21,Perfume,Beauty,1,4961.23,4961.23,Online,STORE_9,49
TXN_04626,CUST_237,2025-01-11,Watch,Accessories,1,10537.5,10537.5,Online,STORE_8,105
TXN_04627,CUST_150,2025-02-09,Shoes,Footwear,1,1944.91,1944.91,Online,STORE_9,19
TXN_04628,CUST_479,2025-05-08,Handbag,Accessories,3,3540.81,10622.43,In-store,STORE_4,106
TXN_04629,CUST_446,2025-01-27,Perfume,Beauty,1,2379.14,2379.14,In-store,STORE_6,23
TXN_04630,CUST_141,2025-03-23,Trousers,Apparel,1,7880.6,7880.6,Online,STORE_3,78
TXN_04631,CUST_499,2025-01-02,Top,Apparel,3,13752.84,41258.52,Online,STORE_3,412
TXN_04632,CUST_127,2025-02-04,Shoes,Footwear,1,7675.83,7675.83,In-store,STORE_2,76
TXN_04633,CUST_127,2025-01-05,Sunglasses,Accessories,1,6145.4,6145.4,Online,STORE_2,61
TXN_04634,CUST_045,2025-02-07,Shoes,Footwear,1,1849.43,1849.43,Online,STORE_8,18
TXN_04635,CUST_426,2025-03-19,Top,Apparel,3,3886.24,11658.72,In-store,STORE_2,116
TXN_04636,CUST_468,2025-03-01,Top,Apparel,2,13573.63,27147.26,In-store,STORE_9,271
TXN_04637,CUST_426,2025-05-08,Handbag,Accessories,3,9785.26,29355.78,Online,STORE_1,293
TXN_04638,CUST_011,2025-02-19,Jewellery,Accessories,1,1046.87,1046.87,Online,STORE_5,10
TXN_04639,CUST_087,2025-03-15,Sunglasses,Accessories,3,16589.35,49768.05,Online,STORE_4,497
TXN_04640,CUST_260,2025-04-17,Jewellery,Accessories,1,1060.48,1060.48,Online,STORE_9,10
TXN_04641,CUST_355,2025-04-30,Watch,Accessories,1,1128.08,1128.08,Online,STORE_4,11
TXN_04642,CUST_273,2025-01-18,Watch,Accessories,3,2824.79,8474.37,Online,STORE_4,84
TXN_04643,CUST_392,2025-01-24,Top,Apparel,3,7581.28,22743.84,In-store,STORE_4,227
TXN_04644,CUST_419,2025-04-11,Shoes,Footwear,2,3508.48,7016.96,In-store,STORE_3,70
TXN_04645,CUST_339,2025-04-19,Trousers,Apparel,3,20472.47,61417.41,Online,STORE_1,614
TXN_04646,CUST_259,2025-01-08,Sunglasses,Accessories,2,4062.36,8124.72,In-store,STORE_1,81
TXN_04647,CUST_073,2025-04-20,Perfume,Beauty,2,8112.66,16225.32,In-store,STORE_10,162
TXN_04648,CUST_307,2025-04-09,Shoes,Footwear,2,4914.15,9828.3,Online,STORE_2,98
TXN_04649,CUST_325,2025-02-05,Trousers,Apparel,3,5432.34,16297.02,In-store,STORE_2,162
TXN_04650,CUST_144,2025-03-09,Coat,Apparel,1,10491.53,10491.53,Online,STORE_10,104
TXN_04651,CUST_143,2025-03-17,Watch,Accessories,3,11402.65,34207.95,In-store,STORE_3,342
TXN_04652,CUST_063,2025-03-24,Handbag,Accessories,3,6895.41,20686.23,In-store,STORE_5,206
TXN_04653,CUST_043,2025-04-19,Watch,Accessories,2,4878.46,9756.92,In-store,STORE_8,97
TXN_04654,CUST_442,2025-02-23,Trousers,Apparel,2,9576.35,19152.7,Online,STORE_5,191
TXN_04655,CUST_286,2025-01-06,Dress,Apparel,3,16678.95,50036.85,Online,STORE_9,500
TXN_04656,CUST_456,2025-02-03,Dress,Apparel,2,1873.67,3747.34,Online,STORE_5,37
TXN_04657,CUST_320,2025-04-25,Coat,Apparel,2,1998.53,3997.06,Online,STORE_9,39
TXN_04658,CUST_348,2025-04-12,Watch,Accessories,1,3890.82,3890.82,Online,STORE_3,38
TXN_04659,CUST_352,2025-03-08,Jewellery,Accessories,3,5039.16,15117.48,Online,STORE_4,151
TXN_04660,CUST_094,2025-03-12,Coat,Apparel,1,10561.98,10561.98,Online,STORE_10,105
TXN_04661,CUST_308,2025-02-20,Coat,Apparel,2,1922.84,3845.68,Online,STORE_6,38
TXN_04662,CUST_494,2025-02-20,Shoes,Footwear,2,4380.17,8760.34,In-store,STORE_1,87
TXN_04663,CUST_150,2025-05-05,Shoes,Footwear,1,2236.62,2236.62,In-store,STORE_7,22
TXN_04664,CUST_130,2025-03-09,Watch,Accessories,1,12047.03,12047.03,In-store,STORE_6,120
TXN_04665,CUST_132,2025-05-08,Top,Apparel,3,8643.9,25931.7,In-store,STORE_2,259
TXN_04666,CUST_399,2025-02-08,Coat,Apparel,3,8087.46,24262.38,Online,STORE_9,242
TXN_04667,CUST_035,2025-03-11,Shoes,Footwear,2,2377.85,4755.7,Online,STORE_9,47
TXN_04668,CUST_422,2025-05-02,Trousers,Apparel,1,1678.12,1678.12,Online,STORE_8,16
TXN_04669,CUST_263,2025-01-05,Jewellery,Accessories,3,1850.17,5550.51,Online,STORE_10,55
TXN_04670,CUST_406,2025-03-23,Shoes,Footwear,1,4290.02,4290.02,In-store,STORE_4,42
TXN_04671,CUST_460,2025-04-04,Handbag,Accessories,1,2134.86,2134.86,Online,STORE_8,21
TXN_04672,CUST_307,2025-01-10,Watch,Accessories,3,3766.06,11298.18,Online,STORE_7,112
TXN_04673,CUST_332,2025-03-20,Jewellery,Accessories,2,3650.99,7301.98,In-store,STORE_2,73
TXN_04674,CUST_174,2025-03-03,Watch,Accessories,1,2119.4,2119.4,In-store,STORE_9,21
TXN_04675,CUST_386,2025-02-05,Watch,Accessories,3,1350.09,4050.27,Online,STORE_8,40
TXN_04676,CUST_108,2025-03-30,Sunglasses,Accessories,1,4245.67,4245.67,Online,STORE_3,42
TXN_04677,CUST_260,2025-01-05,Dress,Apparel,3,2876.63,8629.89,In-store,STORE_3,86
TXN_04678,CUST_470,2025-01-14,Shoes,Footwear,3,1930.1,5790.3,In-store,STORE_7,57
TXN_04679,CUST_359,2025-01-19,Handbag,Accessories,2,2124.5,4249.0,In-store,STORE_3,42
TXN_04680,CUST_482,2025-04-25,Coat,Apparel,1,4722.53,4722.53,Online,STORE_6,47
TXN_04681,CUST_248,2025-02-05,Dress,Apparel,3,3293.01,9879.03,In-store,STORE_3,98
TXN_04682,CUST_182,2025-02-24,Jewellery,Accessories,2,6613.88,13227.76,In-store,STORE_4,132
TXN_04683,CUST_184,2025-03-21,Handbag,Accessories,3,7794.15,23382.45,Online,STORE_4,233
TXN_04684,CUST_273,2025-03-16,Shoes,Footwear,1,4051.95,4051.95,In-store,STORE_9,40
TXN_04685,CUST_008,2025-02-08,Handbag,Accessories,1,2355.35,2355.35,In-store,STORE_8,23
TXN_04686,CUST_183,2025-01-25,Shoes,Footwear,2,4527.39,9054.78,Online,STORE_3,90
TXN_04687,CUST_482,2025-02-05,Coat,Apparel,3,2999.0,8997.0,Online,STORE_4,89
TXN_04688,CUST_459,2025-01-23,Top,Apparel,1,4430.06,4430.06,Online,STORE_9,44
TXN_04689,CUST_316,2025-01-13,Watch,Accessories,2,5412.92,10825.84,In-store,STORE_7,108
TXN_04690,CUST_088,2025-04-22,Jewellery,Accessories,2,1871.99,3743.98,In-store,STORE_2,37
TXN_04691,CUST_243,2025-02-21,Shoes,Footwear,1,10514.76,10514.76,In-store,STORE_1,105
TXN_04692,CUST_188,2025-04-07,Handbag,Accessories,1,1966.62,1966.62,In-store,STORE_5,19
TXN_04693,CUST_072,2025-01-29,Trousers,Apparel,2,13895.12,27790.24,In-store,STORE_4,277
TXN_04694,CUST_308,2025-01-16,Trousers,Apparel,2,1462.41,2924.82,Online,STORE_1,29
TXN_04695,CUST_367,2025-03-26,Shoes,Footwear,1,7479.96,7479.96,In-store,STORE_6,74
TXN_04696,CUST_099,2025-01-06,Watch,Accessories,2,4280.42,8560.84,In-store,STORE_7,85
TXN_04697,CUST_357,2025-01-26,Watch,Accessories,3,7181.18,21543.54,Online,STORE_4,215
TXN_04698,CUST_100,2025-02-10,Perfume,Beauty,1,4208.82,4208.82,Online,STORE_6,42
TXN_04699,CUST_174,2025-02-06,Shoes,Footwear,2,1823.05,3646.1,Online,STORE_8,36
TXN_04700,CUST_471,2025-01-13,Jewellery,Accessories,1,16534.37,16534.37,Online,STORE_8,165
TXN_04701,CUST_273,2025-02-06,Shoes,Footwear,2,4204.43,8408.86,In-store,STORE_10,84
TXN_04702,CUST_236,2025-05-01,Trousers,Apparel,2,8404.02,16808.04,In-store,STORE_2,168
TXN_04703,CUST_161,2025-04-12,Dress,Apparel,3,3338.59,10015.77,Online,STORE_8,100
TXN_04704,CUST_420,2025-04-23,Shoes,Footwear,2,8202.55,16405.1,In-store,STORE_2,164
TXN_04705,CUST_183,2025-02-25,Trousers,Apparel,3,8388.52,25165.56,Online,STORE_2,251
TXN_04706,CUST_060,2025-02-05,Handbag,Accessories,1,1943.71,1943.71,In-store,STORE_8,19
TXN_04707,CUST_484,2025-03-05,Shoes,Footwear,1,16337.05,16337.05,Online,STORE_1,163
TXN_04708,CUST_124,2025-01-18,Handbag,Accessories,2,1560.42,3120.84,In-store,STORE_5,31
TXN_04709,CUST_380,2025-03-21,Jewellery,Accessories,2,3996.2,7992.4,Online,STORE_4,79
TXN_04710,CUST_115,2025-02-18,Perfume,Beauty,3,1995.94,5987.82,In-store,STORE_6,59
TXN_04711,CUST_468,2025-04-05,Jewellery,Accessories,3,9300.98,27902.94,Online,STORE_9,279
TXN_04712,CUST_395,2025-03-15,Perfume,Beauty,2,4631.68,9263.36,In-store,STORE_9,92
TXN_04713,CUST_044,2025-01-11,Watch,Accessories,3,3085.07,9255.21,Online,STORE_8,92
TXN_04714,CUST_497,2025-03-24,Top,Apparel,3,5189.47,15568.41,Online,STORE_2,155
TXN_04715,CUST_013,2025-02-16,Jewellery,Accessories,3,1633.09,4899.27,In-store,STORE_8,48
TXN_04716,CUST_309,2025-03-28,Watch,Accessories,2,1864.59,3729.18,Online,STORE_4,37
TXN_04717,CUST_323,2025-05-09,Shoes,Footwear,1,6154.55,6154.55,Online,STORE_1,61
TXN_04718,CUST_126,2025-03-10,Watch,Accessories,1,1590.69,1590.69,Online,STORE_10,15
TXN_04719,CUST_197,2025-01-12,Shoes,Footwear,1,8807.16,8807.16,Online,STORE_5,88
TXN_04720,CUST_030,2025-04-24,Coat,Apparel,1,7988.3,7988.3,Online,STORE_2,79
TXN_04721,CUST_002,2025-05-09,Shoes,Footwear,2,10110.05,20220.1,In-store,STORE_10,202
TXN_04722,CUST_451,2025-02-04,Sunglasses,Accessories,1,2298.5,2298.5,In-store,STORE_7,22
TXN_04723,CUST_333,2025-03-29,Trousers,Apparel,2,3015.68,6031.36,Online,STORE_3,60
TXN_04724,CUST_034,2025-01-09,Coat,Apparel,3,9834.56,29503.68,Online,STORE_8,295
TXN_04725,CUST_164,2025-02-17,Watch,Accessories,1,4859.35,4859.35,In-store,STORE_7,48
TXN_04726,CUST_294,2025-01-03,Watch,Accessories,3,17425.44,52276.32,Online,STORE_6,522
TXN_04727,CUST_363,2025-03-11,Handbag,Accessories,2,8629.5,17259.0,Online,STORE_8,172
TXN_04728,CUST_365,2025-02-02,Jewellery,Accessories,2,9888.03,19776.06,In-store,STORE_6,197
TXN_04729,CUST_115,2025-03-07,Handbag,Accessories,3,1734.24,5202.72,In-store,STORE_2,52
TXN_04730,CUST_454,2025-02-12,Coat,Apparel,3,1387.63,4162.89,Online,STORE_3,41
TXN_04731,CUST_437,2025-02-20,Watch,Accessories,2,3638.58,7277.16,In-store,STORE_10,72
TXN_04732,CUST_294,2025-02-27,Trousers,Apparel,2,15797.09,31594.18,Online,STORE_7,315
TXN_04733,CUST_054,2025-01-22,Sunglasses,Accessories,3,7546.14,22638.42,In-store,STORE_7,226
TXN_04734,CUST_365,2025-02-11,Jewellery,Accessories,1,9359.57,9359.57,In-store,STORE_10,93
TXN_04735,CUST_496,2025-02-04,Handbag,Accessories,3,5993.46,17980.38,Online,STORE_10,179
TXN_04736,CUST_175,2025-01-28,Sunglasses,Accessories,3,2412.41,7237.23,In-store,STORE_6,72
TXN_04737,CUST_106,2025-03-09,Shoes,Footwear,2,15361.28,30722.56,Online,STORE_3,307
TXN_04738,CUST_154,2025-03-16,Top,Apparel,2,1388.78,2777.56,In-store,STORE_10,27
TXN_04739,CUST_024,2025-03-15,Coat,Apparel,2,2596.88,5193.76,Online,STORE_5,51
TXN_04740,CUST_092,2025-04-24,Shoes,Footwear,2,6034.58,12069.16,Online,STORE_9,120
TXN_04741,CUST_418,2025-02-19,Shoes,Footwear,2,6682.75,13365.5,In-store,STORE_6,133
TXN_04742,CUST_105,2025-03-04,Watch,Accessories,1,7649.0,7649.0,In-store,STORE_8,76
TXN_04743,CUST_064,2025-01-30,Jewellery,Accessories,3,10670.48,32011.44,Online,STORE_9,320
TXN_04744,CUST_245,2025-05-01,Jewellery,Accessories,3,14460.61,43381.83,In-store,STORE_10,433
TXN_04745,CUST_072,2025-05-08,Sunglasses,Accessories,1,21937.5,21937.5,In-store,STORE_9,219
TXN_04746,CUST_114,2025-03-21,Sunglasses,Accessories,1,2406.66,2406.66,Online,STORE_1,24
TXN_04747,CUST_488,2025-03-26,Watch,Accessories,3,2586.45,7759.35,Online,STORE_3,77
TXN_04748,CUST_205,2025-03-30,Watch,Accessories,1,4245.83,4245.83,In-store,STORE_9,42
TXN_04749,CUST_195,2025-05-07,Handbag,Accessories,3,13430.61,40291.83,Online,STORE_7,402
TXN_04750,CUST_461,2025-02-06,Watch,Accessories,1,2076.73,2076.73,In-store,STORE_8,20
TXN_04751,CUST_072,2025-05-07,Shoes,Footwear,3,16111.65,48334.95,Online,STORE_6,483
TXN_04752,CUST_106,2025-02-15,Trousers,Apparel,2,12644.79,25289.58,Online,STORE_4,252
TXN_04753,CUST_238,2025-01-25,Sunglasses,Accessories,3,4371.58,13114.74,In-store,STORE_1,131
TXN_04754,CUST_275,2025-04-09,Handbag,Accessories,1,2027.73,2027.73,Online,STORE_5,20
TXN_04755,CUST_334,2025-02-01,Jewellery,Accessories,3,6871.24,20613.72,Online,STORE_2,206
TXN_04756,CUST_064,2025-04-28,Jewellery,Accessories,3,10693.97,32081.91,In-store,STORE_10,320
TXN_04757,CUST_498,2025-03-11,Shoes,Footwear,1,13789.51,13789.51,In-store,STORE_9,137
TXN_04758,CUST_343,2025-05-05,Perfume,Beauty,2,4254.11,8508.22,Online,STORE_1,85
TXN_04759,CUST_103,2025-01-23,Shoes,Footwear,1,2290.06,2290.06,In-store,STORE_9,22
TXN_04760,CUST_030,2025-03-21,Sunglasses,Accessories,3,7466.22,22398.66,In-store,STORE_2,223
TXN_04761,CUST_479,2025-03-10,Handbag,Accessories,3,2473.63,7420.89,Online,STORE_9,74
TXN_04762,CUST_290,2025-02-01,Shoes,Footwear,3,15484.25,46452.75,Online,STORE_10,464
TXN_04763,CUST_037,2025-04-15,Watch,Accessories,1,4382.72,4382.72,Online,STORE_6,43
TXN_04764,CUST_028,2025-01-31,Watch,Accessories,2,12177.3,24354.6,Online,STORE_2,243
TXN_04765,CUST_319,2025-05-05,Jewellery,Accessories,1,2142.15,2142.15,In-store,STORE_10,21
TXN_04766,CUST_022,2025-04-04,Top,Apparel,2,4202.83,8405.66,In-store,STORE_5,84
TXN_04767,CUST_084,2025-04-29,Watch,Accessories,1,14429.96,14429.96,In-store,STORE_9,144
TXN_04768,CUST_487,2025-01-19,Dress,Apparel,1,2490.6,2490.6,In-store,STORE_7,24
TXN_04769,CUST_245,2025-02-14,Handbag,Accessories,2,16439.81,32879.62,In-store,STORE_3,328
TXN_04770,CUST_418,2025-02-23,Coat,Apparel,2,6629.08,13258.16,In-store,STORE_2,132
TXN_04771,CUST_373,2025-02-26,Shoes,Footwear,1,7134.77,7134.77,Online,STORE_1,71
TXN_04772,CUST_463,2025-02-24,Coat,Apparel,3,7230.11,21690.33,In-store,STORE_9,216
TXN_04773,CUST_444,2025-01-08,Coat,Apparel,1,3217.19,3217.19,Online,STORE_4,32
TXN_04774,CUST_477,2025-01-20,Top,Apparel,2,3007.65,6015.3,Online,STORE_5,60
TXN_04775,CUST_042,2025-01-29,Jewellery,Accessories,2,3791.35,7582.7,In-store,STORE_6,75
TXN_04776,CUST_484,2025-01-23,Watch,Accessories,1,13139.01,13139.01,In-store,STORE_10,131
TXN_04777,CUST_248,2025-04-03,Top,Apparel,3,4441.81,13325.43,In-store,STORE_4,133
TXN_04778,CUST_178,2025-04-25,Jewellery,Accessories,2,3369.76,6739.52,Online,STORE_7,67
TXN_04779,CUST_342,2025-04-26,Shoes,Footwear,2,1954.09,3908.18,Online,STORE_4,39
TXN_04780,CUST_183,2025-03-12,Watch,Accessories,3,8027.4,24082.2,Online,STORE_2,240
TXN_04781,CUST_087,2025-02-20,Shoes,Footwear,3,12016.31,36048.93,Online,STORE_2,360
TXN_04782,CUST_049,2025-02-02,Shoes,Footwear,3,1751.72,5255.16,Online,STORE_2,52
TXN_04783,CUST_028,2025-04-11,Trousers,Apparel,1,12714.57,12714.57,In-store,STORE_8,127
TXN_04784,CUST_317,2025-05-10,Top,Apparel,2,4155.99,8311.98,Online,STORE_5,83
TXN_04785,CUST_082,2025-02-05,Watch,Accessories,1,3323.82,3323.82,In-store,STORE_8,33
TXN_04786,CUST_275,2025-02-01,Dress,Apparel,1,1307.36,1307.36,In-store,STORE_8,13
TXN_04787,CUST_481,2025-01-07,Sunglasses,Accessories,2,1436.42,2872.84,In-store,STORE_3,28
TXN_04788,CUST_471,2025-05-09,Jewellery,Accessories,2,13974.18,27948.36,Online,STORE_6,279
TXN_04789,CUST_240,2025-01-21,Watch,Accessories,2,1478.46,2956.92,Online,STORE_5,29
TXN_04790,CUST_341,2025-02-03,Dress,Apparel,1,9506.15,9506.15,In-store,STORE_8,95
TXN_04791,CUST_009,2025-01-26,Dress,Apparel,2,3819.48,7638.96,Online,STORE_2,76
TXN_04792,CUST_186,2025-01-20,Top,Apparel,3,7805.87,23417.61,In-store,STORE_2,234
TXN_04793,CUST_094,2025-02-19,Shoes,Footwear,2,8408.73,16817.46,In-store,STORE_7,168
TXN_04794,CUST_093,2025-01-17,Shoes,Footwear,1,3493.69,3493.69,In-store,STORE_8,34
TXN_04795,CUST_335,2025-03-03,Shoes,Footwear,2,18993.39,37986.78,In-store,STORE_1,379
TXN_04796,CUST_474,2025-04-09,Watch,Accessories,3,2217.17,6651.51,Online,STORE_1,66
TXN_04797,CUST_285,2025-01-06,Shoes,Footwear,3,5511.03,16533.09,In-store,STORE_4,165
TXN_04798,CUST_022,2025-02-01,Jewellery,Accessories,2,3330.96,6661.92,In-store,STORE_6,66
TXN_04799,CUST_093,2025-04-26,Sunglasses,Accessories,3,3852.22,11556.66,In-store,STORE_10,115
TXN_04800,CUST_333,2025-02-24,Watch,Accessories,3,5096.02,15288.06,Online,STORE_10,152
TXN_04801,CUST_382,2025-04-08,Watch,Accessories,2,13039.46,26078.92,Online,STORE_1,260
TXN_04802,CUST_261,2025-05-07,Dress,Apparel,2,6988.87,13977.74,Online,STORE_1,139
TXN_04803,CUST_065,2025-02-20,Handbag,Accessories,2,5919.27,11838.54,In-store,STORE_6,118
TXN_04804,CUST_124,2025-05-08,Jewellery,Accessories,3,1623.43,4870.29,Online,STORE_3,48
TXN_04805,CUST_248,2025-03-28,Dress,Apparel,2,5209.28,10418.56,In-store,STORE_2,104
TXN_04806,CUST_441,2025-01-25,Jewellery,Accessories,3,1699.1,5097.3,Online,STORE_8,50
TXN_04807,CUST_294,2025-02-23,Shoes,Footwear,2,10759.89,21519.78,Online,STORE_6,215
TXN_04808,CUST_038,2025-01-29,Handbag,Accessories,1,6253.62,6253.62,Online,STORE_2,62
TXN_04809,CUST_007,2025-03-04,Handbag,Accessories,2,2789.2,5578.4,Online,STORE_9,55
TXN_04810,CUST_419,2025-03-21,Shoes,Footwear,3,4243.82,12731.46,In-store,STORE_3,127
TXN_04811,CUST_342,2025-04-13,Trousers,Apparel,2,1643.37,3286.74,Online,STORE_4,32
TXN_04812,CUST_156,2025-03-17,Shoes,Footwear,2,4135.82,8271.64,In-store,STORE_2,82
TXN_04813,CUST_119,2025-04-29,Trousers,Apparel,1,3202.79,3202.79,In-store,STORE_8,32
TXN_04814,CUST_197,2025-01-20,Watch,Accessories,3,9707.61,29122.83,In-store,STORE_8,291
TXN_04815,CUST_217,2025-02-25,Watch,Accessories,1,7217.57,7217.57,Online,STORE_3,72
TXN_04816,CUST_052,2025-01-20,Trousers,Apparel,3,16050.46,48151.38,In-store,STORE_1,481
TXN_04817,CUST_450,2025-04-20,Sunglasses,Accessories,1,4331.03,4331.03,Online,STORE_6,43
TXN_04818,CUST_436,2025-01-10,Coat,Apparel,3,2690.72,8072.16,In-store,STORE_5,80
TXN_04819,CUST_042,2025-03-05,Jewellery,Accessories,3,4079.06,12237.18,Online,STORE_2,122
TXN_04820,CUST_362,2025-02-26,Handbag,Accessories,1,4438.86,4438.86,In-store,STORE_2,44
TXN_04821,CUST_355,2025-01-14,Coat,Apparel,3,2003.47,6010.41,Online,STORE_9,60
TXN_04822,CUST_433,2025-01-27,Top,Apparel,2,10130.42,20260.84,Online,STORE_10,202
TXN_04823,CUST_020,2025-04-14,Handbag,Accessories,2,2052.02,4104.04,In-store,STORE_1,41
TXN_04824,CUST_041,2025-03-16,Handbag,Accessories,3,14448.33,43344.99,Online,STORE_7,433
TXN_04825,CUST_241,2025-02-20,Coat,Apparel,3,7141.48,21424.44,In-store,STORE_7,214
TXN_04826,CUST_042,2025-01-05,Handbag,Accessories,2,3876.02,7752.04,In-store,STORE_9,77
TXN_04827,CUST_403,2025-04-23,Handbag,Accessories,1,3174.2,3174.2,In-store,STORE_8,31
TXN_04828,CUST_200,2025-03-25,Dress,Apparel,2,5321.3,10642.6,Online,STORE_7,106
TXN_04829,CUST_317,2025-01-08,Jewellery,Accessories,1,4498.96,4498.96,Online,STORE_3,44
TXN_04830,CUST_131,2025-04-29,Trousers,Apparel,1,2752.91,2752.91,Online,STORE_4,27
TXN_04831,CUST_198,2025-04-05,Trousers,Apparel,1,4937.48,4937.48,Online,STORE_10,49
TXN_04832,CUST_363,2025-04-03,Dress,Apparel,1,5670.02,5670.02,Online,STORE_5,56
TXN_04833,CUST_496,2025-04-08,Jewellery,Accessories,1,9978.09,9978.09,Online,STORE_1,99
TXN_04834,CUST_335,2025-01-20,Watch,Accessories,3,12711.34,38134.02,Online,STORE_10,381
TXN_04835,CUST_007,2025-03-30,Dress,Apparel,3,2189.0,6567.0,In-store,STORE_1,65
TXN_04836,CUST_136,2025-05-06,Top,Apparel,1,11327.59,11327.59,In-store,STORE_1,113
TXN_04837,CUST_093,2025-04-21,Shoes,Footwear,1,4182.83,4182.83,In-store,STORE_4,41
TXN_04838,CUST_086,2025-02-16,Dress,Apparel,2,9811.52,19623.04,In-store,STORE_6,196
TXN_04839,CUST_364,2025-04-09,Watch,Accessories,3,6454.42,19363.26,In-store,STORE_4,193
TXN_04840,CUST_069,2025-03-16,Trousers,Apparel,3,5994.75,17984.25,Online,STORE_8,179
TXN_04841,CUST_391,2025-01-25,Top,Apparel,2,6960.19,13920.38,Online,STORE_5,139
TXN_04842,CUST_003,2025-01-12,Dress,Apparel,3,2010.53,6031.59,In-store,STORE_10,60
TXN_04843,CUST_375,2025-05-09,Top,Apparel,2,1953.01,3906.02,In-store,STORE_10,39
TXN_04844,CUST_394,2025-02-06,Trousers,Apparel,3,4943.66,14830.98,In-store,STORE_10,148
TXN_04845,CUST_030,2025-02-12,Coat,Apparel,1,10211.35,10211.35,In-store,STORE_10,102
TXN_04846,CUST_149,2025-02-09,Jewellery,Accessories,1,3780.04,3780.04,In-store,STORE_9,37
TXN_04847,CUST_262,2025-01-22,Coat,Apparel,3,1942.05,5826.15,In-store,STORE_4,58
TXN_04848,CUST_042,2025-03-03,Handbag,Accessories,2,5579.88,11159.76,In-store,STORE_2,111
TXN_04849,CUST_302,2025-02-28,Top,Apparel,3,2314.29,6942.87,Online,STORE_1,69
TXN_04850,CUST_499,2025-03-15,Handbag,Accessories,3,16426.4,49279.2,In-store,STORE_2,492
TXN_04851,CUST_310,2025-02-06,Coat,Apparel,2,2140.7,4281.4,Online,STORE_8,42
TXN_04852,CUST_069,2025-01-09,Watch,Accessories,2,7567.86,15135.72,Online,STORE_4,151
TXN_04853,CUST_399,2025-01-05,Sunglasses,Accessories,3,8913.77,26741.31,In-store,STORE_2,267
TXN_04854,CUST_094,2025-01-12,Trousers,Apparel,2,7915.52,15831.04,In-store,STORE_5,158
TXN_04855,CUST_094,2025-03-02,Shoes,Footwear,2,7283.36,14566.72,Online,STORE_5,145
TXN_04856,CUST_169,2025-01-04,Top,Apparel,2,1835.89,3671.78,Online,STORE_9,36
TXN_04857,CUST_082,2025-05-03,Trousers,Apparel,1,4302.23,4302.23,In-store,STORE_6,43
TXN_04858,CUST_169,2025-01-11,Jewellery,Accessories,1,1935.14,1935.14,In-store,STORE_5,19
TXN_04859,CUST_137,2025-01-02,Jewellery,Accessories,1,3870.91,3870.91,Online,STORE_5,38
TXN_04860,CUST_380,2025-01-05,Jewellery,Accessories,3,3400.34,10201.02,In-store,STORE_5,102
TXN_04861,CUST_345,2025-02-21,Handbag,Accessories,3,2270.56,6811.68,Online,STORE_8,68
TXN_04862,CUST_315,2025-03-01,Top,Apparel,2,10122.67,20245.34,In-store,STORE_5,202
TXN_04863,CUST_057,2025-03-05,Shoes,Footwear,1,1776.47,1776.47,In-store,STORE_10,17
TXN_04864,CUST_284,2025-03-31,Top,Apparel,3,2053.64,6160.92,In-store,STORE_1,61
TXN_04865,CUST_245,2025-04-08,Jewellery,Accessories,3,15982.65,47947.95,In-store,STORE_10,479
TXN_04866,CUST_194,2025-01-24,Dress,Apparel,2,4364.97,8729.94,In-store,STORE_10,87
TXN_04867,CUST_213,2025-01-26,Jewellery,Accessories,3,2188.85,6566.55,Online,STORE_9,65
TXN_04868,CUST_346,2025-01-18,Handbag,Accessories,1,7336.73,7336.73,In-store,STORE_4,73
TXN_04869,CUST_087,2025-01-29,Watch,Accessories,2,17256.62,34513.24,In-store,STORE_8,345
TXN_04870,CUST_212,2025-04-05,Dress,Apparel,2,5577.39,11154.78,In-store,STORE_6,111
TXN_04871,CUST_039,2025-02-10,Dress,Apparel,1,4416.43,4416.43,Online,STORE_9,44
TXN_04872,CUST_205,2025-02-14,Trousers,Apparel,2,4789.73,9579.46,Online,STORE_7,95
TXN_04873,CUST_135,2025-03-20,Top,Apparel,2,9599.89,19199.78,In-store,STORE_9,191
TXN_04874,CUST_451,2025-01-08,Shoes,Footwear,3,1966.38,5899.14,Online,STORE_7,58
TXN_04875,CUST_306,2025-03-18,Jewellery,Accessories,2,16912.72,33825.44,Online,STORE_3,338
TXN_04876,CUST_170,2025-04-14,Watch,Accessories,3,9221.1,27663.3,Online,STORE_8,276
TXN_04877,CUST_038,2025-02-19,Top,Apparel,2,9557.75,19115.5,In-store,STORE_7,191
TXN_04878,CUST_155,2025-04-02,Top,Apparel,2,1715.28,3430.56,In-store,STORE_1,34
TXN_04879,CUST_358,2025-01-16,Watch,Accessories,2,5910.18,11820.36,In-store,STORE_9,118
TXN_04880,CUST_315,2025-03-02,Dress,Apparel,2,10367.2,20734.4,Online,STORE_10,207
TXN_04881,CUST_374,2025-05-05,Watch,Accessories,1,2099.4,2099.4,In-store,STORE_9,20
TXN_04882,CUST_419,2025-04-19,Coat,Apparel,2,2872.62,5745.24,Online,STORE_6,57
TXN_04883,CUST_030,2025-04-03,Shoes,Footwear,2,7058.61,14117.22,In-store,STORE_1,141
TXN_04884,CUST_095,2025-03-18,Watch,Accessories,1,4065.64,4065.64,Online,STORE_8,40
TXN_04885,CUST_379,2025-02-18,Watch,Accessories,2,4770.5,9541.0,In-store,STORE_6,95
TXN_04886,CUST_166,2025-05-09,Perfume,Beauty,1,1231.88,1231.88,In-store,STORE_9,12
TXN_04887,CUST_463,2025-02-15,Trousers,Apparel,3,10589.81,31769.43,In-store,STORE_4,317
TXN_04888,CUST_239,2025-02-14,Top,Apparel,1,4231.85,4231.85,Online,STORE_1,42
TXN_04889,CUST_363,2025-01-26,Jewellery,Accessories,2,6246.05,12492.1,In-store,STORE_3,124
TXN_04890,CUST_040,2025-02-13,Handbag,Accessories,1,2639.21,2639.21,In-store,STORE_7,26
TXN_04891,CUST_277,2025-03-04,Dress,Apparel,2,11222.08,22444.16,Online,STORE_5,224
TXN_04892,CUST_313,2025-01-29,Sunglasses,Accessories,1,17438.85,17438.85,In-store,STORE_10,174
TXN_04893,CUST_087,2025-04-05,Watch,Accessories,1,15989.72,15989.72,Online,STORE_6,159
TXN_04894,CUST_424,2025-01-13,Dress,Apparel,2,2204.08,4408.16,In-store,STORE_5,44
TXN_04895,CUST_219,2025-01-18,Shoes,Footwear,3,6767.88,20303.64,Online,STORE_4,203
TXN_04896,CUST_079,2025-01-17,Jewellery,Accessories,3,2232.04,6696.12,In-store,STORE_8,66
TXN_04897,CUST_376,2025-01-12,Trousers,Apparel,1,14368.64,14368.64,In-store,STORE_2,143
TXN_04898,CUST_211,2025-03-04,Dress,Apparel,3,2387.58,7162.74,In-store,STORE_2,71
TXN_04899,CUST_379,2025-04-14,Watch,Accessories,2,2958.25,5916.5,In-store,STORE_1,59
TXN_04900,CUST_119,2025-01-04,Trousers,Apparel,3,3207.88,9623.64,In-store,STORE_5,96
TXN_04901,CUST_293,2025-02-26,Jewellery,Accessories,2,2324.88,4649.76,Online,STORE_8,46
TXN_04902,CUST_182,2025-04-06,Top,Apparel,1,8001.62,8001.62,In-store,STORE_3,80
TXN_04903,CUST_066,2025-02-19,Trousers,Apparel,1,2882.45,2882.45,In-store,STORE_6,28
TXN_04904,CUST_348,2025-03-18,Watch,Accessories,2,4295.64,8591.28,Online,STORE_6,85
TXN_04905,CUST_283,2025-05-10,Shoes,Footwear,2,18903.47,37806.94,In-store,STORE_6,378
TXN_04906,CUST_073,2025-03-13,Jewellery,Accessories,3,8251.19,24753.57,In-store,STORE_8,247
TXN_04907,CUST_026,2025-01-21,Shoes,Footwear,3,17138.62,51415.86,Online,STORE_3,514
TXN_04908,CUST_252,2025-04-07,Top,Apparel,1,4082.99,4082.99,Online,STORE_10,40
TXN_04909,CUST_071,2025-02-03,Shoes,Footwear,1,4358.54,4358.54,Online,STORE_4,43
TXN_04910,CUST_043,2025-04-01,Watch,Accessories,3,4186.74,12560.22,Online,STORE_8,125
TXN_04911,CUST_140,2025-02-27,Jewellery,Accessories,2,7485.68,14971.36,Online,STORE_8,149
TXN_04912,CUST_175,2025-03-26,Watch,Accessories,2,1870.31,3740.62,In-store,STORE_5,37
TXN_04913,CUST_399,2025-01-12,Shoes,Footwear,1,9153.38,9153.38,Online,STORE_3,91
TXN_04914,CUST_204,2025-02-07,Jewellery,Accessories,3,8647.34,25942.02,Online,STORE_10,259
TXN_04915,CUST_145,2025-02-16,Trousers,Apparel,1,9039.93,9039.93,In-store,STORE_2,90
TXN_04916,CUST_021,2025-05-03,Coat,Apparel,1,3633.84,3633.84,Online,STORE_4,36
TXN_04917,CUST_373,2025-02-10,Trousers,Apparel,3,6492.88,19478.64,In-store,STORE_10,194
TXN_04918,CUST_331,2025-05-02,Dress,Apparel,1,2328.87,2328.87,Online,STORE_10,23
TXN_04919,CUST_111,2025-05-07,Trousers,Apparel,1,12823.54,12823.54,Online,STORE_9,128
TXN_04920,CUST_239,2025-03-24,Handbag,Accessories,1,5240.73,5240.73,In-store,STORE_8,52
TXN_04921,CUST_485,2025-02-06,Jewellery,Accessories,3,6815.85,20447.55,In-store,STORE_6,204
TXN_04922,CUST_410,2025-03-05,Shoes,Footwear,2,5891.63,11783.26,In-store,STORE_4,117
TXN_04923,CUST_255,2025-03-16,Top,Apparel,2,7837.37,15674.74,In-store,STORE_8,156
TXN_04924,CUST_494,2025-05-07,Trousers,Apparel,3,3499.72,10499.16,In-store,STORE_2,104
TXN_04925,CUST_271,2025-03-03,Shoes,Footwear,3,6444.48,19333.44,Online,STORE_7,193
TXN_04926,CUST_073,2025-02-14,Jewellery,Accessories,2,6431.83,12863.66,In-store,STORE_10,128
TXN_04927,CUST_269,2025-01-14,Jewellery,Accessories,3,4333.45,13000.35,In-store,STORE_2,130
TXN_04928,CUST_257,2025-04-09,Jewellery,Accessories,3,2568.36,7705.08,Online,STORE_2,77
TXN_04929,CUST_181,2025-03-11,Top,Apparel,1,5482.48,5482.48,In-store,STORE_6,54
TXN_04930,CUST_237,2025-04-09,Trousers,Apparel,3,15296.35,45889.05,In-store,STORE_5,458
TXN_04931,CUST_343,2025-04-02,Perfume,Beauty,1,4545.12,4545.12,In-store,STORE_1,45
TXN_04932,CUST_113,2025-02-01,Coat,Apparel,2,11373.29,22746.58,Online,STORE_9,227
TXN_04933,CUST_310,2025-04-05,Coat,Apparel,1,1426.26,1426.26,In-store,STORE_10,14
TXN_04934,CUST_205,2025-02-12,Sunglasses,Accessories,2,4956.51,9913.02,In-store,STORE_9,99
TXN_04935,CUST_294,2025-05-07,Trousers,Apparel,1,16534.01,16534.01,In-store,STORE_8,165
TXN_04936,CUST_152,2025-02-20,Handbag,Accessories,1,15947.14,15947.14,In-store,STORE_3,159
TXN_04937,CUST_222,2025-01-23,Handbag,Accessories,3,4060.46,12181.38,Online,STORE_4,121
TXN_04938,CUST_183,2025-04-21,Watch,Accessories,3,7227.2,21681.6,In-store,STORE_3,216
TXN_04939,CUST_433,2025-02-21,Dress,Apparel,2,9837.73,19675.46,In-store,STORE_1,196
TXN_04940,CUST_285,2025-03-22,Watch,Accessories,2,3927.75,7855.5,Online,STORE_9,78
TXN_04941,CUST_353,2025-03-11,Jewellery,Accessories,1,9546.79,9546.79,In-store,STORE_9,95
TXN_04942,CUST_362,2025-03-26,Jewellery,Accessories,3,4336.19,13008.57,Online,STORE_9,130
TXN_04943,CUST_155,2025-05-01,Handbag,Accessories,3,2237.76,6713.28,Online,STORE_9,67
TXN_04944,CUST_133,2025-01-13,Dress,Apparel,2,14226.12,28452.24,Online,STORE_6,284
TXN_04945,CUST_490,2025-02-14,Dress,Apparel,3,3747.6,11242.8,In-store,STORE_5,112
TXN_04946,CUST_358,2025-04-22,Coat,Apparel,3,6174.46,18523.38,In-store,STORE_10,185
TXN_04947,CUST_160,2025-03-07,Watch,Accessories,2,2529.84,5059.68,Online,STORE_2,50
TXN_04948,CUST_090,2025-01-10,Trousers,Apparel,3,2598.94,7796.82,Online,STORE_5,77
TXN_04949,CUST_487,2025-04-11,Dress,Apparel,1,2353.24,2353.24,In-store,STORE_3,23
TXN_04950,CUST_058,2025-01-24,Jewellery,Accessories,1,4255.54,4255.54,Online,STORE_10,42
TXN_04951,CUST_320,2025-05-03,Shoes,Footwear,3,2139.82,6419.46,Online,STORE_8,64
TXN_04952,CUST_163,2025-01-31,Watch,Accessories,2,4790.41,9580.82,Online,STORE_3,95
TXN_04953,CUST_238,2025-04-13,Sunglasses,Accessories,2,5159.46,10318.92,In-store,STORE_3,103
TXN_04954,CUST_389,2025-02-12,Dress,Apparel,2,2273.79,4547.58,Online,STORE_3,45
TXN_04955,CUST_489,2025-02-22,Perfume,Beauty,3,3490.41,10471.23,Online,STORE_4,104
TXN_04956,CUST_500,2025-03-27,Watch,Accessories,2,4271.62,8543.24,In-store,STORE_7,85
TXN_04957,CUST_480,2025-04-12,Watch,Accessories,1,6308.72,6308.72,In-store,STORE_3,63
TXN_04958,CUST_339,2025-03-05,Watch,Accessories,2,15830.5,31661.0,Online,STORE_3,316
TXN_04959,CUST_198,2025-02-27,Trousers,Apparel,3,3359.73,10079.19,In-store,STORE_7,100
TXN_04960,CUST_134,2025-04-24,Handbag,Accessories,3,1377.43,4132.29,Online,STORE_1,41
TXN_04961,CUST_381,2025-03-22,Trousers,Apparel,1,1743.98,1743.98,In-store,STORE_4,17
TXN_04962,CUST_396,2025-01-04,Shoes,Footwear,3,4320.64,12961.92,Online,STORE_3,129
TXN_04963,CUST_106,2025-02-24,Shoes,Footwear,1,12340.31,12340.31,In-store,STORE_2,123
TXN_04964,CUST_375,2025-02-27,Top,Apparel,3,2136.16,6408.48,In-store,STORE_6,64
TXN_04965,CUST_411,2025-05-06,Handbag,Accessories,2,3180.06,6360.12,In-store,STORE_7,63
TXN_04966,CUST_130,2025-01-25,Shoes,Footwear,2,19388.96,38777.92,In-store,STORE_7,387
TXN_04967,CUST_022,2025-04-22,Dress,Apparel,2,4545.58,9091.16,In-store,STORE_6,90
TXN_04968,CUST_234,2025-03-29,Shoes,Footwear,2,2991.05,5982.1,Online,STORE_6,59
TXN_04969,CUST_253,2025-03-19,Trousers,Apparel,1,4731.37,4731.37,Online,STORE_2,47
TXN_04970,CUST_021,2025-02-04,Watch,Accessories,1,3795.31,3795.31,In-store,STORE_8,37
TXN_04971,CUST_090,2025-01-20,Coat,Apparel,3,1488.24,4464.72,Online,STORE_1,44
TXN_04972,CUST_186,2025-04-09,Perfume,Beauty,2,9269.47,18538.94,In-store,STORE_8,185
TXN_04973,CUST_385,2025-02-10,Jewellery,Accessories,1,6829.77,6829.77,Online,STORE_6,68
TXN_04974,CUST_292,2025-04-20,Handbag,Accessories,1,6805.06,6805.06,Online,STORE_7,68
TXN_04975,CUST_163,2025-01-13,Watch,Accessories,2,4114.59,8229.18,In-store,STORE_4,82
TXN_04976,CUST_474,2025-02-25,Shoes,Footwear,3,2167.0,6501.0,Online,STORE_6,65
TXN_04977,CUST_456,2025-01-09,Handbag,Accessories,1,1327.16,1327.16,In-store,STORE_10,13
TXN_04978,CUST_333,2025-02-01,Shoes,Footwear,3,4206.65,12619.95,In-store,STORE_2,126
TXN_04979,CUST_035,2025-03-08,Coat,Apparel,1,5860.74,5860.74,Online,STORE_7,58
TXN_04980,CUST_092,2025-02-03,Trousers,Apparel,1,6968.5,6968.5,In-store,STORE_3,69
TXN_04981,CUST_426,2025-03-26,Perfume,Beauty,1,8608.75,8608.75,Online,STORE_4,86
TXN_04982,CUST_031,2025-03-04,Dress,Apparel,3,2776.2,8328.6,In-store,STORE_5,83
TXN_04983,CUST_029,2025-01-17,Watch,Accessories,1,2746.55,2746.55,In-store,STORE_6,27
TXN_04984,CUST_238,2025-04-12,Watch,Accessories,1,4405.81,4405.81,Online,STORE_10,44
TXN_04985,CUST_360,2025-01-11,Dress,Apparel,3,4832.12,14496.36,Online,STORE_6,144
TXN_04986,CUST_274,2025-03-04,Shoes,Footwear,2,4914.45,9828.9,Online,STORE_3,98
TXN_04987,CUST_193,2025-02-12,Handbag,Accessories,3,4100.1,12300.3,Online,STORE_6,123
TXN_04988,CUST_248,2025-03-16,Dress,Apparel,2,4170.98,8341.96,In-store,STORE_9,83
TXN_04989,CUST_218,2025-01-02,Handbag,Accessories,1,1621.41,1621.41,Online,STORE_3,16
TXN_04990,CUST_164,2025-02-21,Sunglasses,Accessories,1,3466.19,3466.19,Online,STORE_4,34
TXN_04991,CUST_081,2025-03-14,Dress,Apparel,2,4021.96,8043.92,In-store,STORE_6,80
TXN_04992,CUST_493,2025-04-21,Top,Apparel,2,2020.59,4041.18,In-store,STORE_9,40
TXN_04993,CUST_090,2025-04-30,Shoes,Footwear,2,2371.21,4742.42,Online,STORE_6,47
TXN_04994,CUST_024,2025-05-09,Shoes,Footwear,3,4853.31,14559.93,In-store,STORE_8,145
TXN_04995,CUST_151,2025-05-09,Perfume,Beauty,2,2278.92,4557.84,In-store,STORE_9,45
TXN_04996,CUST_414,2025-04-25,Jewellery,Accessories,1,2084.05,2084.05,In-store,STORE_2,20
TXN_04997,CUST_462,2025-03-03,Jewellery,Accessories,3,17860.95,53582.85,In-store,STORE_4,535
TXN_04998,CUST_331,2025-02-28,Dress,Apparel,1,1991.05,1991.05,In-store,STORE_10,19
TXN_04999,CUST_114,2025-01-07,Sunglasses,Accessories,3,1705.44,5116.32,In-store,STORE_9,51
TXN_05000,CUST_314,2025-03-30,Jewellery,Accessories,1,4621.51,4621.51,Online,STORE_3,46
